name,address,type,place,website_url,menu_url,description,gift_card_txt,gift_card_website,contact_website,contact_txt,state,zipcode,store_type
Brookline Booksmith,"279 Harvard St, Brookline, MA 02446",Book store,Brookline,http://www.brooklinebooksmith.com/,,"Established independent bookshop offering new & used titles, plus gifts, over 2 floors.",Giftcards,https://www.brooklinebooksmith-shop.com/gift-card-booksmith,,,MA,02446,book_store
Porter Square Books,"25 White St, Cambridge, MA 02140",Book store,Cambridge,http://www.portersquarebooks.com/,,"Independent bookstore featuring a large selection for kids & adults, plus a cafe & author events.",PSB Gift Card,http://www.portersquarebooks.com/indiebound-gift-card,https://lp.constantcontactpages.com/su/eOMaovF,Shelf Stable,MA,02140,book_store
Belmont Books,"79 Leonard St, Belmont, MA 02478",Book store,Belmont,http://www.belmontbooks.com/,,,Gift Cards,http://www.belmontbooks.com/gift-cards-0,http://www.belmontbooks.com/contact-us,Contact Us,MA,02478,book_store
Odyssey Bookshop,"9 College St, South Hadley, MA 01075",Book store,South Hadley,http://www.odysseybks.com/,,,Gift Cards,http://www.odysseybks.com/gift-cards,http://visitor.r20.constantcontact.com/manage/optin?v=001yNBsj5sMLItCHJx3v8G6X8L1C6n_gsD45t76bT-P1dP1IlCMdlZbP35mRKGgJYHOpPdPMb3dcIHVhT0BNmH8dbnzsDS4SCOTgVSoS83neJzBFuZPYKWVxw%3D%3D,Click here to join our mailing list,MA,01075,book_store
Mutability in Motion Gift Shop,"36 Main St, Stockbridge, MA 01262",Gift shop,Stockbridge,http://www.mutabilityinmotion.com/,,,EMAILING,http://www.mutabilityinmotion.com/mailto:info@mutabilityinmotion.com?subject=Gift Certificate Request,https://www.mutabilityinmotion.com/contact,CONTACT,MA,01262,book_store
The Book Oasis,"311 Main St, Stoneham, MA 02180",Used book store,Stoneham,http://www.thebookoasis.com/,,,Buy an E-Gift card,https://squareup.com/gift/DV4GJXPZ8REJJ/order,http://www.thebookoasis.com/tel:7814380077,(781) 438-0077,MA,02180,book_store
Indy Reads Books,"911 Massachusetts Ave, Indianapolis, IN 46202",Book store,Indianapolis,http://indyreadsbooks.org/,,,Purchase A Gift Card,https://squareup.com/gift/BS1XZ1CKCMFHT/order,http://www.indyreadsbooks.org/contact/,CONTACT,IN,46202,book_store
Bookbug & this is a bookstore,"3019 Oakland Dr, Kalamazoo, MI 49008",Book store,Kalamazoo,http://www.bookbugkalamazoo.com/,,,Gift Cards,http://www.bookbugkalamazoo.com/bookstore-gift-cards,,Contact,MI,49008,book_store
Circles of Wisdom,"386 Merrimack St #1A, Methuen, MA 01844",Book store,Methuen,http://www.circlesofwisdom.com/,,,Gift Cards,http://www.circlesofwisdom.com/gift-cards/,http://www.circlesofwisdom.com/contact/customer-service/site-login/,Forgot your password?,MA,01844,book_store
Creative Connections,"56 Main St #1242, Ashburnham, MA 01430",Gift shop,Ashburnham,http://www.ccgiftgallery.com/,,,Gift Certificates,http://www.ccgiftgallery.com/giftcertificates.php,http://www.ccgiftgallery.com/contact-us/,Contact Us,MA,01430,book_store
I AM Books,"189 North St, Boston, MA 02113",Book store,Boston,https://www.iambooksboston.com/,,,Gift Cards,https://squareup.com/gift/23J4E3JWD1BVS/order,https://iambooksboston.com/contact/,Contact,MA,02113,book_store
Moe's Books,"2476 Telegraph Ave, Berkeley, CA 94704",Book store,Berkeley,http://moesbooks.com/,,"Enduring indie shop, buying, selling & trading books, also hosting regular readings & talks.","

",http://moesbooks.com/pages/books/100000GC75/moes-books/gift-card-75,https://www.moesbooks.com/contact.php,Contact,CA,94704,book_store
Wellesley Books,"82 Central St, Wellesley, MA 02482",Book store,Wellesley,http://store.wellesleybooks.com/,,,Wellesley Books gift cards,http://store.wellesleybooks.com/wellesley-books,http://visitor.r20.constantcontact.com/manage/optin?v=001slSEbyvZTIhxQzYF_ZvA2IZZh2nAKuM6n19hQiqseyIri5WIRqwlLP2FmvGfTkIrG60YoMGGebccbk571aP2O93Ud5x6c1PG39jLGRHk5oTRTUmyl71lw6rD_E_Wm3N2E9vyoyH1lTOlBGutN4E4aMhfQiPbYJKTaTZB18pfb0Q%3D,Newsletter,MA,02482,book_store
The Concord Bookshop,"65 Main St, Concord, MA 01742",Book store,Concord,http://www.concordbookshop.com/,,, ,http://www.concordbookshop.com/gift-certificate-0,http://www.concordbookshop.com/hours-and-contact,Hours and Contact,MA,01742,book_store
Storybook Cove,"1775 Washington St, Attleboro, MA 02703",Book store,Attleboro,http://www.storybookcove.com/,,,,http://www.storybookcove.com/gift-cards,,,MA,02703,book_store
CCRI Bookstore,"1762 Old Louisquisset Pike, Lincoln, RI 02865",Book store,Lincoln,http://bookstore.ccri.edu/,,,"
        Gift Cards",http://bookstore.ccri.edu/store1/merchlist?ID=33251,http://bookstore.ccri.edu/store1/contact,"
        Contact Us",RI,02865,book_store
Papercuts JP,"60 South St, Jamaica Plain, MA 02130",Book store,Jamaica Plain,http://papercutsjp.com/,,,Gift Cards & More!,http://papercutsjp.com/shop,http://papercutsjp.com/contact,Contact,MA,02130,book_store
Oliver's Wands and Wizarding Wares,"60 Main St, Maynard, MA 01754",Gift shop,Maynard,http://www.oliverswands.com/,,,"
GIFT CARDS
",http://www.oliverswands.com/collections/gift-cards,http://www.oliverswands.com/pages/contact-us,"
CONTACT US
",MA,01754,book_store
Dandelions LLC,"531 Summer St, Barre, MA 01005",Gift shop,Barre,http://www.dandelionsonline.com/,,,Gift Cards,http://www.dandelionsonline.com/collections/gift-cards,http://www.dandelionsonline.com/pages/978-257-8064,Contact Us,MA,01005,book_store
Abyss Distribution & AzureGreen,"16 Bell Rd, Middlefield, MA 01243",Gift shop,Middlefield,http://www.azuregreen.net/,,,Gift Certificates,https://www.azuregreen.net/Gift-Certificates/products/33/,https://www.azuregreen.net/contactus.asp,Contact Us,MA,01243,book_store
The Thoreau Society Shop at Walden Pond,"915 Walden St, Concord, MA 01742",Book store,Concord,http://www.shopatwaldenpond.org/,,,Gift Certificates,https://www.shopatwaldenpond.org/Gift_Certificates_s/35.htm,http://www.shopatwaldenpond.org/Contact_Us_a/83.htm,Contact Us,MA,01742,book_store
The Bookstore and Get Lit Wine Bar,"11 Housatonic St, Lenox, MA 01240",Book store,Lenox,http://bookstoreinlenox.com/,,,Gift Certificates &ampSouvenirs,http://bookstoreinlenox.com/gift-certificates-souvenirs,http://bookstoreinlenox.com/contact,Contact,MA,01240,book_store
Park Street Books & Toys,"504 Main St, Medfield, MA 02052",Book store,Medfield,http://www.parkstreetbooks.com/,,,Gift Certificates,https://www.parkstreetbooks.com/gift-certificates,,,MA,02052,book_store
Community Bookstore,"143 7th Ave, Brooklyn, NY 11215",Book store,Brooklyn,http://communitybookstore.net/,,Welcoming neighborhood book store offering an array of new titles for adults & children.,Gift Certificates,http://communitybookstore.net/gift-certificate,,,NY,11215,book_store
Terrace Books,"242 Prospect Park West, Brooklyn, NY 11215",Book store,Brooklyn,http://www.communitybookstore.net/,,,Gift Certificates,http://www.communitybookstore.net/gift-certificate,,,NY,11215,book_store
Strand Book Store  Times Square Kiosk,"43rd Street between Broadway &, 7th Ave, New York, NY 10036",Book store,New York,http://www.strandbooks.com/,,"Outpost of the famed NYC bookstore offering paperbacks, postcards & souvenirs from a sidewalk kiosk.","
                    Gift Cards
                ",https://www.strandbooks.com/gift-cards-1,https://www.strandbooks.com/contact-us,Contact Us,NY,10036,book_store
Green Apple Books on the Park,"1231 9th Ave, San Francisco, CA 94122",Book store,San Francisco,http://greenapplebooks.com/,,,Gift Cards,http://greenapplebooks.com/gift-cards,,,CA,94122,book_store
Gospel Book Store,"4900 Oak St, Berlin, OH 44610",Book store,Berlin,http://www.mygospelbookstore.com/,,,Gift Certificates,http://www.mygospelbookstore.com/GC_Splash.asp,http://www.mygospelbookstore.com/custom.asp?id=111,Contact Us / Directions,OH,44610,book_store
Frog & Toad  East,"795 Hope St, Providence, RI 02906",Gift shop,Providence,http://www.frogandtoadstore.com/,,,Gift Cards,https://www.frogandtoadstore.com/gift-cards/,,,RI,02906,book_store
Craftworks,"243 W Main St, Northborough, MA 01532",Gift shop,Northborough,http://www.craftworkscoop.com/,,,,http://www.craftworkscoop.com/gift-card.htm,,,MA,01532,book_store
Trident Booksellers & Cafe,"338 Newbury St, Boston, MA 02115",Book store,Boston,http://www.tridentbookscafe.com/,https://www.tridentbookscafe.com/menu,"Indie bookstore & cafe with a big all-day breakfast menu, veggie options & a linger-friendly vibe.",Gift Cards,http://www.tridentbookscafe.com/trident-books-cafe-gift-card,https://visitor.r20.constantcontact.com/manage/optin?v=0012su5kPS-3mudm2Dr7GDMl0Ij1l6H7D_5fmo0APjQKBKvhTlJZfOOWoeZDDGywNx7Yt7repiiOo0y7qX06Zvak6ohVWCGrb96TO-Z0K6ba4he-ZwWG5535Dzas1CGsBAjiUK0eILlbNukMBmk_o_NoUqSpKLgQQQyfuImvkuTDuY%3D,Get our Newsletter!,MA,02115,book_store
Bank Square Books,"53 W Main St, Mystic, CT 06355",Book store,Mystic,http://www.banksquarebooks.com/,,,Purchase a Gift Card,http://www.banksquarebooks.com/purchase-gift-card,http://www.banksquarebooks.com/contact-us,Contact Us,CT,06355,book_store
The Lazy Frog,"42 Circuit Ave, Oak Bluffs, MA 02557",Game store,Oak Bluffs,http://www.lazyfrogmv.com/,,,Gift Card,http://www.lazyfrogmv.com/collections/lazy-frog-gear/Gift-Card,http://www.lazyfrogmv.com/pages/contact-us,Contact Us,MA,02557,book_store
Sadie Green's Curiosity Shop,"283 Main St, Sturbridge, MA 01566",Gift shop,Sturbridge,http://www.sadiegreens.com/,,,Gift Cards,http://www.sadiegreens.com/product-category/gift-cards/,http://www.sadiegreens.com/contact-us/,Contact Us,MA,01566,book_store
Joanne Rossman  Purveyor of the unnecessary & the irresistible,"6 Birch St, Roslindale, MA 02131",Gift shop,Roslindale,https://joannerossman.com/,,Playful gift shop specializing in unusual items from scarves to candies plus occasional live events.,"

from $25.00
      
      
      
    

",https://joannerossman.com/products/25-gift-certificate,http://joannerossman.com/contact,contact,MA,02131,book_store
St Lawrence University Brewer Bookstore,"92 Park St, Canton, NY 13617",Book store,Canton,http://www.brewerbookstore.com/,,,Gift Certificates,http://www.brewerbookstore.com/category/gift-certificates,http://www.brewerbookstore.com/contact-us,Contact Us,NY,13617,book_store
St Raphael Center,"4365 Fulton Dr NW, Canton, OH 44718",Book store,Canton,http://www.catholicbook.net/,,,Gift Certificates,http://catholicbook.net/giftcertificates.php,http://catholicbook.net/contact/,Contact Us,OH,44718,book_store
Maziply Toys,"101 Kingston Collection Way Ste B101, Kingston, MA 02364",Toy store,Kingston,http://www.maziply.com/,,,Buy Gift Cards,http://www.maziply.com/products/gift-card,http://www.maziply.com/pages/contact,Contact,MA,02364,book_store
Where the Sidewalk Ends Bookstore,"432 Main St, Chatham, MA 02633",Book store,Chatham,http://www.booksonthecape.com/,,,Gift Certificates,http://www.booksonthecape.com/gift-certificates,http://www.booksonthecape.com/contact,Contact,MA,02633,book_store
Mockingbird Baby & Kids,"219 Main St, Charlestown, MA 02129",Childrens store,Charlestown,http://mockingbirdbabyandkids.com/,,,"




GIFT CARDS
Let them choose that special something

",https://mockingbirdstore.com/products/gift-card?_pos=1&_sid=9e2af96b4&_ss=r,http://mockingbirdbabyandkids.com/pages/contact,Our Store,MA,02129,book_store
Printed Matter Inc,"231 11th Ave, New York, NY 10001",Book store,New York,http://www.printedmatter.org/,,Eclectic nonprofit bookstore & gallery offering a large selection of publications by artists.,"

Buy a gift certificate
",http://www.printedmatter.org/support/gift-certificates,http://www.printedmatter.org/contact-us,Contact us,NY,10001,book_store
Mast Books,"72 Avenue A, New York, NY 10009",Book store,New York,http://www.mastbooks.com/,,Straightforward book store stocking used & rare volumes on a variety of topics.,GIFT CERTIFICATE,https://paypal.me/mastbooks?locale.x=en_US,,,NY,10009,book_store
Charis Books & More,"184 S Candler St, Decatur, GA 30030",Book store,Decatur,http://www.charisbooksandmore.com/,,"Cozy bookstore in a purple house specializing in feminist & cultural studies titles, plus kids' lit.",Order Gift Certificate,http://www.charisbooksandmore.com/gift-card,,,GA,30030,book_store
Phoenix Books Rutland,"2 Center St, Rutland, VT 05701",Book store,Rutland,http://www.phoenixbooks.biz/,,,Gift Cards,http://www.phoenixbooks.biz/phoenix-books-gift-card,https://www.phoenixbooks.biz/contact,Contact Us,VT,05701,book_store
Wellington Square Bookshop,"549 Wellington Square, Exton, PA 19341",Book store,Exton,http://www.wellingtonsquarebooks.com/,,,Gift Cards,https://wellingtonsquarebooks.indielite.org/gift-cards,https://wellingtonsquarebooks.indielite.org/contact-us,Contact,PA,19341,book_store
Heritage Books,"225 College Hwy, Southampton, MA 01073",Used book store,Southampton,http://www.heritagebks.com/,,,Gift Cards,https://squareup.com/gift/4TA4XTJK3RGP6/order,http://www.heritagebks.com/contact.html,"
                        Contact Us",MA,01073,book_store
Rainy Day,"66 Main St, Vineyard Haven, MA 02568",Gift shop,Vineyard Haven,http://rainydaymv.com/,,,"


              Purchase a Gift Card!
            
",https://rainydaymv.com/collections/gift-cards,http://rainydaymv.com/pages/a-walking-guide,Find Us!,MA,02568,book_store
Wesleyan RJ Julia Bookstore,"413 Main St, Middletown, CT 06457",Book store,Middletown,http://wesleyan.edu/,,,Gift Cards,http://wesleyan.edu/shop_product_detail.asp?catalog_group_id=NQ&catalog_group_name=QXBwYXJlbA&catalog_id=14&catalog_name=R2lmdHM&pf_id=717ffd4fd2ba486&product_name=V2VzbGV5YW4gUmogSnVsaWEgR2lmdCBDYXJk&type=1&target=shop_product_list.asp,https://www.wesleyanrjjulia.com/site_about_us.asp?,Store Hours / Contact Us,CT,06457,book_store
Greenlight Bookstore PLG,"632 Flatbush Ave, Brooklyn, NY 11225",Book store,Brooklyn,http://www.greenlightbookstore.com/,,,Sometimes the best gift is the gift of choice. Click here for Greenlight gift cards in any amount!,http://www.greenlightbookstore.com/gift-cards,https://visitor.r20.constantcontact.com/manage/optin?v=0011QHrsLot1-fuwy6yHujVS6WvZ09o_5dtJA6sRWUS7SXS2JdIVGxwMee37Vye9DJfwGPPC7Z-C2p9OEpmnf4NkTgb0L-_eGEPQaNE0DicMVjn34_jYxSgvrDbNZbkcS0tTGplb1um6lOo8edujUA49JwZcyZDcYZnKR-m1EnMyYA%3D,,NY,11225,book_store
White Birch Books,"2568 White Mountain Hwy, North Conway, NH 03860",Book store,North Conway,http://www.whitebirchbooks.com/,,,,http://www.whitebirchbooks.com/gift-cards.html,http://www.whitebirchbooks.com/find-us.html,"2568 White Mountain Highway (Rt. 16) North Conway, NH",NH,03860,book_store
Books,"265 State St, Los Altos, CA 94022",Book store,Los Altos,http://www.lindentreebooks.com/,,"Long-running indie bookseller offering a range of reading materials, music & gifts for all ages.",Gift Cards,https://www.lindentreebooks.com/gift-cards/,https://www.lindentreebooks.com/service/,Contact Us/FAQ,CA,94022,book_store
LaBelle's General Store,"662 Main St, Dennis Port, MA 02639",Gift shop,Dennis Port,http://www.dennisportgeneralstore.com/,,,Gift Cards,https://www.dennisportgeneralstore.com/category_s/2001.htm,http://www.dennisportgeneralstore.com/Articles.asp?ID=257,Contact Us,MA,02639,book_store
Watermark Books & Cafe,"4701 E Douglas Ave, Wichita, KS 67218",Book store,Wichita,http://www.watermarkbooks.com/,,,Gift Cards,http://www.watermarkbooks.com/watermark-gift-cards,http://www.watermarkbooks.com/contact-us,Contact,KS,67218,book_store
The Book Nook,"108 S Douglas St, Brenham, TX 77833",Used book store,Brenham,http://www.brenhambooknook.com/,,,,https://www.brenhambooknook.com/?q=p.gift_cards,,,TX,77833,book_store
Literati Bookstore,"124 E Washington St, Ann Arbor, MI 48104",Book store,Ann Arbor,http://literatibookstore.com/,,,Gift Cards,http://literatibookstore.com/literati-gift-cards,http://literatibookstore.com/find-us-bookshop,Find us on Bookshop,MI,48104,book_store
Seminary Coop Bookstore,"5751 S Woodlawn Ave, Chicago, IL 60637",Book store,Chicago,http://www.semcoop.com/,,Well-known independent campus bookstore selling textbooks & other literature since 1961.,Gift Cards,https://www.semcoop.com/category/gift-cards,http://www.semcoop.com/hours-contact-information,Hours & Contact Information,IL,60637,book_store
Discover Books,"830 N Westwood Ave, Toledo, OH 43607",Used book store,Toledo,http://www.discoverbooks.com/,,,Gift Certificates,https://www.discoverbooks.com/product-p/gft.htm,http://www.discoverbooks.com/Articles.asp?ID=256,Contact Us,OH,43607,book_store
Gift Barn,"4180A State Highway, North Eastham, MA 02651",Gift shop,North Eastham,http://www.capecodgiftbarn.com/,,,Gift Cards,https://capecodgiftbarn.com/gift-cards/,,,MA,02651,book_store
Dan's BooksnSuch,"913 W El Camino Real, Sunnyvale, CA 94087",Comic book store,Sunnyvale,http://www.comicsconspiracy.biz/,,"Compact neighborhood store offering a large selection of comic books, action figures & more.","
                Gift Certificate

            ",https://www.comicsconspiracy.biz/Category/AdvanceFilter/Gift_Cards,http://www.comicsconspiracy.biz/ContactUs,Contact,CA,94087,book_store
Spotty Dog Books & Ale,"440 Warren St, Hudson, NY 12534",Book store,Hudson,http://www.thespottydog.com/,,,Gift Certificates & Merchandise,https://www.thespottydog.com/the-store/gift-certificates-merchandise/,https://www.thespottydog.com/contact/,Contact,NY,12534,book_store
Monroe Street Books,"1485 US-7, Middlebury, VT 05753",Used book store,Middlebury,http://www.monroestreetbooks.com/,,,Gift Certificates,https://www.monroestreetbooks.com/category/Gift-Certificates-844,https://www.monroestreetbooks.com/contact/,Contact,VT,05753,book_store
UCCS Bookstore,"1420 Austin Bluffs Pkwy, Colorado Springs, CO 80918",Book store,Colorado Springs,http://www.uccsbookstore.com/,,,Gift Cards,https://uccsbookstore.com/ePOS?store=634&form=shared3%2fcardcenter%2fmain%2ehtml&design=634,,,CO,80918,book_store
PRO Chemical & Dye Inc,"126 Shove St, Fall River, MA 02724",Art supply store,Fall River,https://prochemicalanddye.net/,,,Check Gift Card,https://prochemicalanddye.net/giftvoucher/index/check/,https://prochemicalanddye.net/contacts, ,MA,02724,book_store
Mysterious Galaxy Bookstore,"3555 Rosecrans St Suite 107, San Diego, CA 92110",Book store,San Diego,http://www.mystgalaxy.com/,,,Gift Certificates,http://www.mystgalaxy.com/mysterious-galaxy-gift-certificate,https://www.mystgalaxy.com/Contact-MG,,CA,92110,book_store
Sundog Books,"89 Central Square, Santa Rosa Beach, FL 32459",Book store,Santa Rosa Beach,http://www.sundogbooks.com/,,,Gift Certificates,http://www.sundogbooks.com/gift-card-01-0,http://visitor.r20.constantcontact.com/d.jsp?llr=vx8zfumab&p=oi&m=1113073708789&sit=vo9nfkyhb&f=0ca1fc20-02ab-480c-a1c4-791c72f0a31e,Join Our Email List,FL,32459,book_store
Florida College Bookstore,"119 N Glen Arven Ave, Temple Terrace, FL 33617",Book store,Temple Terrace,http://bookstore.floridacollege.edu/,,, Gift Card ,https://bookstore.floridacollege.edu/department/44/Children%27s-Books/,https://bookstore.floridacollege.edu/contact-us/, Contact Us ,FL,33617,book_store
Copperfish Books,"103 W Marion Ave, Punta Gorda, FL 33950",Book store,Punta Gorda,http://www.copperfishbooks.com/,,,,http://www.copperfishbooks.com/copperfish-books-gift-certificate,http://www.copperfishbooks.com/contact,Contact,FL,33950,book_store
Newbury Comics,"The Westchester Mall, 125 Westchester Ave, White Plains, NY 10601",Comic book store,White Plains,https://www.newburycomics.com/,,"Source for music, movies, comics & other pop culture goods, with an emphasis on independent artists.",Store Gift Cards,https://www.newburycomics.com/collections/gift-card,https://www.newburycomics.com/pages/contact-us/,"              
              Contact Us
            ",NY,10601,book_store
Hickory Stick Book Shop,"2 Green Hill Rd #1201, Washington Depot, CT 06793",Book store,Washington Depot,https://www.hickorystickbookshop.com/,,,,https://www.hickorystickbookshop.com/gift-card-02,http://visitor.r20.constantcontact.com/d.jsp?llr=ji998scab&p=oi&m=1102292281609&sit=xhjdatudb&f=8ab448a7-6d55-491b-bcf0-67906c885b70,Click here,CT,06793,book_store
Bauman Rare Books,"1608 Walnut St floor 19, Philadelphia, PA 19103",Rare book store,Philadelphia,https://www.baumanrarebooks.com/,,"Upscale source for antiquarian, rare & collectible volumes & manuscripts, open by appointment only.",Gift Certificates,https://www.baumanrarebooks.com/gift-certificates.aspx,https://www.baumanrarebooks.com/contact-us.aspx,contact,PA,19103,book_store
Tattered Cover Book Store Colfax,"2526 E Colfax Ave, Denver, CO 80206",Book store,Denver,http://www.tatteredcover.com/,,"This longstanding indie bookstore offers a newsstand, new & used books, plus a cafe with free WiFi.",Gift Cards,http://www.tatteredcover.com/tattered-cover-giftcard,http://www.tatteredcover.com/contact-us,Contact Us,CO,80206,book_store
Atomic Books,"3620 Falls Rd, Baltimore, MD 21211",Book store,Baltimore,http://atomicbooks.com/,,Relaxed venue specializing in comic books as well as books on art & design.,"

",http://atomicbooks.com/products/gift-card,,,MD,21211,book_store
Good Vibrations Oakland,"3219 Lakeshore Ave, Oakland, CA 94610",Book store,Oakland,http://www.goodvibes.com/,,, EGIFT CARD,http://www.goodvibes.com/s/egift-card,http://www.goodvibes.com/customer-service/,Contact Us,CA,94610,book_store
The Sanctuary Healing Therapies and Gifts,"1069 Main St, Brewster, MA 02631",Gift shop,Brewster,http://www.thesanctuarycapecod.com/,,,"
							Gift Cards
						",http://www.thesanctuarycapecod.com/gift-cards.html,http://www.thesanctuarycapecod.com/contact-us.html,"

			Contact Us
		
",MA,02631,book_store
Book Revue,"313 New York Ave, Huntington, NY 11743",Book store,Huntington,http://www.bookrevue.com/,,,Gifts,http://www.bookrevue.com/gift-cards,http://www.bookrevue.com/contact-hours,Contact & Hours,NY,11743,book_store
Turn The Page Bookstore,"18 N Main St, Boonsboro, MD 21713",Book store,Boonsboro,http://ttpbooks.com/,,,Gifts and Gift Certificates,https://www.ttpbooks.com/gift-certficates-ideas.html,https://www.ttpbooks.com/contact-us.html,Contact Us,MD,21713,book_store
Betsy Frost Design,"4 Market St, Ipswich, MA 01938",Gift shop,Ipswich,http://www.betsyfrostdesign.com/,,,DIGITAL GIFT CARDS,http://www.betsyfrostdesign.com/gift-certificates,http://www.betsyfrostdesign.com/contact-us,CONTACT,MA,01938,book_store
URI Campus Store,"Memorial Union, 50 Lower College Rd #132, Kingston, RI 02881",Book store,Kingston,http://campusstore.uri.edu/,,,Gift Cards,http://ramszone.uri.edu/MerchList.aspx?ID=12900,https://campusstore.uri.edu/Contact,Contact Us,RI,02881,book_store
Rough Draft Bar & Books,"82 John St, Kingston, NY 12401",Book store,Kingston,http://roughdraftny.com/,,"Rustic tavern/shop offering draft beer & cider, coffee, wine, baked goods & books for all ages.",Gift Cards,http://roughdraftny.com/gift-cards,http://roughdraftny.com/contact,Contact,NY,12401,book_store
The Dusty Bookshelf  Lawrence,"708 Massachusetts St, Lawrence, KS 66044",Used book store,Lawrence,http://www.thedustybookshelf.com/,,,"
              Gift Cards
            ",https://squareup.com/gift/671RR0A3ESMD9/order,,,KS,66044,book_store
Francie & Finch Bookshop,"130 S 13th St, Lincoln, NE 68508",Book store,Lincoln,http://francieandfinch.com/,,,Gift Certificate,https://francieandfinch.indielite.org/francie-finch-gift-certificate,https://francieandfinch.com/contact/,Contact,NE,68508,book_store
Met Opera Shop,"140 W 65th St, New York, NY 10023",Gift shop,New York,http://www.metoperashop.org/,,"Official gift shop of the Metropolitan Opera, offering CDs, DVDs, jewelry, apparel & kids' items.",Learn More,https://www.metoperashop.org/gift-cards,,,NY,10023,book_store
MockingBird Music and Recording Studio,"25 Robert Dr, South Easton, MA 02375",Music store,South Easton,http://www.mockingbirdweb.com/,,,GIFT CARDS,https://www.mockingbirdweb.com/gift-card,https://www.mockingbirdweb.com/contact-us,CONTACT US,MA,02375,book_store
The Christian Store Of Cedar Rapids IA,"4112 Center Point Rd NE, Cedar Rapids, IA 52402",Christian book store,Cedar Rapids,http://www.thechristianstorecr.com/,,,Gift Certificates,http://www.thechristianstorecr.com/GC_Splash.asp,http://www.thechristianstorecr.com//ContactUsForm.asp,Customer Service,IA,52402,book_store
The Bookstall,"811 Elm St, Winnetka, IL 60093",Book store,Winnetka,http://www.thebookstall.com/,,"Veteran, acclaimed independent shop draws book lovers for a unique range of titles & subjects.",Buy a Gift Card,http://www.thebookstall.com/book-stall-gift-card,,,IL,60093,book_store
Harbor Light Toy Company,"146 Front St, Scituate, MA 02066",Toy store,Scituate,http://www.scituateharborma.com/,,,Scituate Harbor Gift Cards,http://www.scituateharborma.com/scituate-harbor-gift-cards.html,http://www.scituateharborma.com/contact.html,Contact,MA,02066,book_store
vinyl index,"1 Bow Market Way #25, Somerville, MA 02143",Record store,Somerville,http://www.vinylindex.com/,,,gift card,https://www.google.com/url?q=https%3A%2F%2Fwww.bowmarketsomerville.com%2Fbow-mini-mart-items%2Fvinyl-index&sa=D&sntz=1&usg=AFQjCNHkNF-jUbOU87wrESGBleXj-J6XAw,,,MA,02143,book_store
Eight Cousins Books,"189 Main St, Falmouth, MA 02540",Book store,Falmouth,http://www.eightcousins.com/,,,Eight Cousins Gift Card,http://www.eightcousins.com/eight-cousins-gift-card,https://visitor.r20.constantcontact.com/manage/optin?v=001UYKiRe5OVrmYA35pzf5aONB6qk1Rth-dT9cRPduXFD_eyXf-O3PLM3WaFEmmG1eKO5wbJ98RajusbJI3JimHrL-pqm1GPsJX6bF59SrwdJ4%3D,SIGN UP FOR NEWSLETTERS,MA,02540,book_store
Pinecones & Needles,"385 Trapelo Rd, Belmont, MA 02478",Toy store,Belmont,http://pineconesandneedles.com/,,,Gift Certificates ,http://pineconesandneedles.com/pages/gift-certificates,http://pineconesandneedles.com/pages/contact-us,Contact Us ,MA,02478,book_store
PATCH NYC,"46 Waltham St, Boston, MA 02118",Gift shop,Boston,https://www.patchnyc.com/,,"Seller of designer home decor & fashion accessories, including costume jewelry, scarves & wall art.",Gift Cards,https://www.patchnyc.com/collections/gift-cards,,,MA,02118,book_store
Main St Books Monroe,"110 E Main St #100, Monroe, WA 98272",Used book store,Monroe,https://mainstbooksmonroe.com/,,,Currently 20% off Gift Cards,https://squareup.com/gift/5CE693EW9RZ9K/order,https://mainstbooksmonroe.com/tel:3607942976,(360) 794-2976,WA,98272,book_store
Mystery to Me,"1863 Monroe St, Madison, WI 53711",Book store,Madison,http://www.mysterytomebooks.com/,,,Gift Cards,http://www.mysterytomebooks.com/gift-cards,http://www.mysterytomebooks.com/complete-information-below-be-our-mailing-list-or-simply-send-us-brief-note,Contact,WI,53711,book_store
Monroe Community College Bookstore,"1000 E Henrietta Rd, Rochester, NY 14623",Book store,Rochester,http://brightonbookstore.monroecc.edu/,,,Gift Cards,http://brightonbookstore.monroecc.edu/MerchList.aspx?ID=31875,http://brightonbookstore.monroecc.edu/Contact,Contact Us,NY,14623,book_store
Old Monterey Book Co,"136 Bonifacio Pl, Monterey, CA 93940",Book store,Monterey,https://www.oldmonterey.org/,,,,https://www.oldmonterey.org/giftcards,https://www.oldmonterey.org/contact-us-0,Contact Us,CA,93940,book_store
Copperfield's Books,"775 Village Ct, Santa Rosa, CA 95405",Book store,Santa Rosa,http://copperfieldsbooks.com/,,,Gift Cards,http://copperfieldsbooks.com/gift-cards,http://copperfieldsbooks.com/mailto:webhelp@copperbook.com?subject=Contact%20from%20Copperfield's%20Website,CONTACT US ,CA,95405,book_store
1977 Books,"39 Dexter Ave Suite #209, Montgomery, AL 36104",Book store,Montgomery,http://1977books.com/,,,"
            Buy a Gift Card
          ",http://1977books.com/gift-card,http://1977books.com/mailto:contact@1977books.com,contact@1977books.com,AL,36104,book_store
Bank Street Bookstore,"2780 Broadway, New York, NY 10025",Book store,New York,http://www.bankstreetbooks.com/,,"Independent stop for children's books & teachers' supplies, plus puppet shows & storytelling events.",,http://www.bankstreetbooks.com/bank-street-bookstore-gift-card,http://www.bankstreetbooks.com/contact-us,Contact Us,NY,10025,book_store
East Meets West  Ocean County Mall,"1201 Hooper Ave, Toms River, NJ 08753",Gift shop,Toms River,http://www.eastmeetswestusa.com/,,,Gift Certificates,https://www.eastmeetswestusa.com/index.php/shop-by/gift-certificates.html,http://www.eastmeetswestusa.com/contacts,Contact Us,NJ,08753,book_store
Green Apple Books,"506 Clement St, San Francisco, CA 94118",Book store,San Francisco,http://www.greenapplebooks.com/,,"More than 60,000 new & 100,000 used books fill the shelves at this beloved bookstore.",Gift Cards,http://www.greenapplebooks.com/gift-cards,,,CA,94118,book_store
Nantucket Bookworks,"25 Broad St, Nantucket, MA 02554",Book store,Nantucket,https://www.nantucketbookpartners.com/,,,ONLINE GIFT CARDS,https://www.nantucketbookpartners.com/online-only-gift-code,https://www.nantucketbookpartners.com/contact-0,CONTACT US,MA,02554,book_store
Proud Mary Gifts,"1110 Great Plain Ave unit a, Needham, MA 02492",Gift shop,Needham,http://www.proudmarygifts.com/,,,Gift Certificates,http://www.proudmarygifts.com/giftcertificates.php,,,MA,02492,book_store
Blue Willow Bookshop,"14532 Memorial Dr, Houston, TX 77079",Book store,Houston,http://www.bluewillowbookshop.com/,,"Independent bookstore with a large selection for adults & children, plus games, gifts & events.",Gift Cards,http://www.bluewillowbookshop.com/gift-card,,,TX,77079,book_store
Rose & Dove Specialty Gift Shop,"565 Chickering Rd, North Andover, MA 01845",Gift shop,North Andover,http://www.roseanddove.com/,,,"
          BUY NOW
        ",http://www.roseanddove.com/collections/gift-cards,,,MA,01845,book_store
Book Culture LIC,"26-09 Jackson Ave, Long Island City, NY 11101",Book store,Long Island City,http://www.bookculture.com/,,,Gift Cards,http://www.bookculture.com/gift-cards,http://www.bookculture.com/contact-us,Contact Us,NY,11101,book_store
Square Books Jr,"111 Courthouse Square, Oxford, MS 38655",Book store,Oxford,http://www.squarebooks.com/,,,Gift Cards,http://www.squarebooks.com/gift-cards,http://www.squarebooks.com/about,Contact Us,MS,38655,book_store
Off Square Books,"129 Courthouse Square, Oxford, MS 38655",Book store,Oxford,https://www.squarebooks.com/,,,Gift Cards,https://www.squarebooks.com/gift-cards,https://www.squarebooks.com/contact,Contact Us,MS,38655,book_store
R Julia Bookstore,"423 Main St, Middletown, CT 06457",Book store,Middletown,https://www.wesleyanrjjulia.com/,,,Gift Cards,https://www.wesleyanrjjulia.com/shop_product_detail.asp?catalog_group_id=NQ&catalog_group_name=QXBwYXJlbA&catalog_id=14&catalog_name=R2lmdHM&pf_id=717ffd4fd2ba486&product_name=V2VzbGV5YW4gUmogSnVsaWEgR2lmdCBDYXJk&type=1&target=shop_product_list.asp,https://www.wesleyanrjjulia.com/site_about_us.asp?,Store Hours / Contact Us,CT,06457,book_store
Atlantic Accents,"307 Commercial St # 4, Provincetown, MA 02657",Gift shop,Provincetown,http://www.atlanticaccents.com/,,,Gift Certificates,https://www.atlanticaccents.com/gift-certificates-c-49.html,https://www.atlanticaccents.com/contact_us.html,Contact Us,MA,02657,book_store
Fountain Bookstore Inc,"1312 E Cary St, Richmond, VA 23219",Book store,Richmond,http://www.fountainbookstore.com/,,"This charming, indie shop operating since 1978 sells fiction, nonfiction, greeting cards & more.","Gift Cards, Online Gift Codes, & More!",http://www.fountainbookstore.com/gifts,,,VA,23219,book_store
Book People,"536 Granite Ave # A, Richmond, VA 23226",Book store,Richmond,http://www.bookpeoplerichmond.com/,,,,http://www.bookpeoplerichmond.com/buy-gift-card,http://www.bookpeoplerichmond.com/contact,Contact,VA,23226,book_store
bbgb,"3003 W Cary St, Richmond, VA 23221",Book store,Richmond,http://www.bbgbbooks.com/,,,gift cards,http://www.bbgbbooks.com/gift-cards,,,VA,23221,book_store
Lift Bridge Book Shop,"45 Main St, Brockport, NY 14420",Book store,Brockport,http://www.liftbridgebooks.com/,,,,http://www.liftbridgebooks.com/lift-bridge-gift-certificate,http://www.liftbridgebooks.com/our-email-address,Contact Information,NY,14420,book_store
Old Scrolls Book Shop,"4578 NY-247, Stanley, NY 14561",Book store,Stanley,http://www.oldscrolls.com/,,,,https://www.oldscrolls.com/?page=shop/buygc,https://www.oldscrolls.com/?page=shop/contactus,,NY,14561,book_store
Nature's Body Art & Soulstice Shop,"1 Tuna Wharf, Rockport, MA 01966",Gift shop,Rockport,http://www.soulsticeshop.com/,,,Gift Certificates,http://www.soulsticeshop.com/collections/web-gift-certificates,,,MA,01966,book_store
Star Cat Books,"157 S Main St Box 924, Bradford, VT 05033",Book store,Bradford,http://www.starcatbooks.com/,,,Gift certificates!,//starcatbooks.com/2020/03/24/gift-certificates/,//starcatbooks.com/find-us/,Find us,VT,05033,book_store
Occult Book Store,"2032 W Grand Ave., Chicago, IL 60612",Book store,Chicago,http://www.occultbookstore.com/,,Extensive collection of books on magic & spiritual practices plus workshops by psychics & healers.,"

  
  
  @media screen and (min-width: 750px) { 
    #ProductCardImage-featured-collections-4436266156102 {
      max-width: 183px;
      max-height: 86px;
    }
    #ProductCardImageWrapper-featured-collections-4436266156102 {
      max-width: 183px;
      max-height: 86px;
    }
   } 
  
  
    
    @media screen and (max-width: 749px) {
      #ProductCardImage-featured-collections-4436266156102 {
        max-width: 183px;
        max-height: 750px;
      }
      #ProductCardImageWrapper-featured-collections-4436266156102 {
        max-width: 183px;
      }
    }
  









Gift Certificate


$10.00

",http://www.occultbookstore.com/collections/magic-spells-1/products/gift-certificate,http://www.occultbookstore.com/pages/contact-us,"
                  Contact Us
                ",IL,60612,book_store
Malaprop's BookstoreCafe,"55 Haywood St, Asheville, NC 28801",Book store,Asheville,http://www.malaprops.com/,,"Independent outfit for fiction & nonfiction works, plus book clubs, author events & organic coffee.",Great Reads & More,http://www.malaprops.com/malaprops-101-best-books-2018,http://www.malaprops.com/authors,Contact Us/FAQs,NC,28801,book_store
A Room of One's Own,"315 W Gorham St, Madison, WI 53703",Book store,Madison,http://www.roomofonesown.com/,,,$10,https://www.roomofonesown.com/product/gift-certificate-1000,http://www.roomofonesown.com/storehistory,Contact & Location,WI,53703,book_store
Riffraff bookstore and bar,"60 Valley St #107A, Providence, RI 02909",Book store,Providence,http://www.riffraffpvd.com/,,"Cozy bookstore offering rare titles, events & free Wi-Fi, with a bar for espresso, beer & cocktails.","
            Gift Cards
          ",http://www.riffraffpvd.com/gift-cards,http://www.riffraffpvd.com/contact,"
            Contact
          ",RI,02909,book_store
Symposium Books,"240 Westminster St, Providence, RI 02903",Book store,Providence,http://www.symposiumbooks.com/,,,"
              GIFT CARDS
            ",http://www.symposiumbooks.com/collections/sb-gift-certificates,http://www.symposiumbooks.com/pages/events,"
                    EVENTS | CONTACT
                  ",RI,02903,book_store
Magpie Kids,"95 Elm St, Somerville, MA 02144",Toy store,Somerville,http://www.magpiekids.com/,,,gift certificates,http://www.magpiekids.com/products/gift-certificate,http://www.magpiekids.com/pages/contact-us,contact us,MA,02144,book_store
MBTAgifts,"1735 Massachusetts Ave, Cambridge, MA 02138",Gift shop,Cambridge,http://www.mbtagifts.com/,,,Gift Cards,http://www.mbtagifts.com/products/gift-card,http://www.mbtagifts.com/pages/contact-us,Contact Us,MA,02138,book_store
Homeslice,"1 Bow Market Way #29, Somerville, MA 02143",Gift shop,Somerville,http://www.homesliceshop.com/,,,"
              Gift Cards
            ",http://www.homesliceshop.com/collections/gift-cards,http://www.homesliceshop.com/pages/contact,"
            Contact
          ",MA,02143,book_store
Battenkill Books LLC,"15 E Main St, Cambridge, NY 12816",Book store,Cambridge,http://www.battenkillbooks.com/,,,https://www.battenkillbooks.com/battenkill-books-gift-certificate,https://www.battenkillbooks.com/battenkill-books-gift-certificate,http://www.battenkillbooks.com/contact,Contact Us,NY,12816,book_store
Learned Owl Book Shop,"204 N Main St, Hudson, OH 44236",Book store,Hudson,http://learnedowl.com/,,,,http://learnedowl.com/gift-card-01-0,http://visitor.r20.constantcontact.com/d.jsp?llr=rohyqxbab&p=oi&m=1101374692817&sit=xh8u8bubb&f=7331723f-ab19-490b-8ce5-f358b87ff3f7,Click here to sign up,OH,44236,book_store
Wakefield Books,"160 Old Tower Hill Rd # L, Wakefield, RI 02879",Book store,Wakefield,http://wakefieldbooks.com/,,, ,http://wakefieldbooks.com/wakefield-books-store-gift-certificate,http://wakefieldbooks.com/contact,Contact Us,RI,02879,book_store
Bluestockings Bookstore Cafe & Activist Center,"172 Allen St, New York, NY 10002",Book store,New York,http://www.bluestockings.com/,,"Volunteer-run bookshop/cafe with titles, readings & workshops devoted to feminism & social activism.",Gift Certificates,http://bluestockings.com/gift-certificates/,http://bluestockings.com/contact/,CONTACT US,NY,10002,book_store
William Stout Publishers,"1328 S 51st St, Richmond, CA 94804",Book store,Richmond,https://stoutbooks.com/,,,Gifts,https://stoutbooks.com/collections/gift-certificates,https://stoutbooks.com/pages/contact-us,Contact,CA,94804,book_store
B K Collections,"342 State St, Los Altos, CA 94022",Gift shop,Los Altos,http://www.bkcollectionslosaltos.com/,,,Gift Card,http://www.bkcollectionslosaltos.com/gift-cards,http://www.bkcollectionslosaltos.com/contact,Contact,CA,94022,book_store
Mysterious Book Shop,"58 Warren St, New York, NY 10007",Book store,New York,http://www.mysteriousbookshop.com/,,"Bookstore with a floor-to-ceiling stock of new, used, rare & collectible crime & suspense titles.","

",http://www.mysteriousbookshop.com/products/mysterious-gift-card,http://www.mysteriousbookshop.com/pages/about-us,Contact Us,NY,10007,book_store
MainStreet Bookends of Warner,"16 E Main St, Warner, NH 03278",Book store,Warner,https://www.mainstreetbookends.com/,,,Gift Certificate,https://www.mainstreetbookends.com/gift-certificate,https://www.mainstreetbookends.com/contact,Contact Us,NH,03278,book_store
Longfellow Books,"1 Monument Sq, Portland, ME 04101",Book store,Portland,http://www.longfellowbooks.com/,,"Familiar, well-organized bookshop with an extensive variety of new & used titles.",Get 'em a gift certificate!,http://www.longfellowbooks.com/gift-certificate,http://www.longfellowbooks.com/contact-0,Contact Us,ME,04101,book_store
Crow Bookshop,"14 Church St, Burlington, VT 05401",Book store,Burlington,http://www.crowbooks.com/,,,,http://www.crowbooks.com/crow-bookshop-online-gift-certificate,http://www.crowbooks.com/contact-us,contact us,VT,05401,book_store
Roundabout Books,"900 Northwest Mount Washington Drive #110, Bend, OR 97703",Book store,Bend,http://www.roundaboutbookshop.com/,,,ROUNDABOUT GIFT CARD,http://www.roundaboutbookshop.com/roundabout-gift-card,http://www.roundaboutbookshop.com/contact-us,CONTACT US,OR,97703,book_store
Western Associated Students Bookstore,"516 High St, Bellingham, WA 98225",Book store,Bellingham,https://www.bookstore.wwu.edu/,,,Gift Cards,https://bookstore.wwu.edu/ePOS?store=444&form=shared3%2fcardcenter%2fmain%2ehtml&design=444,https://www.bookstore.wwu.edu/ePOS/this_category=179&store=444&form=robots/catalog.html&design=444,Contacts & FAQs,WA,98225,book_store
East City Bookshop,"645 Pennsylvania Ave. SE #100, Washington, DC 20003",Book store,Washington,http://www.eastcitybookshop.com/,,"Independent, neighborhood shop offering books in all genres & gifts, plus regular community events.",Gift Cards,http://www.eastcitybookshop.com/gift-card,http://www.eastcitybookshop.com/contact-us,Contact,DC,20003,book_store
Solid State Books,"600F H St NE, Washington, DC 20002",Book store,Washington,http://www.solidstatebooksdc.com/,,"Indie neighborhood source for books with a coffee bar serving caffeinated drinks, beer & wine.",Gift Cards & Merch,https://solid-state-books.square.site/,http://www.solidstatebooksdc.com/contact,Contact,DC,20002,book_store
Page 158 Books,"415 Brooks St unit b, Wake Forest, NC 27587",Book store,Wake Forest,http://www.page158books.com/,,,online gift certificate,https://loom.ly/bFcO6tY,,,NC,27587,book_store
Poor Richard's Books,"233 W Broadway St, Frankfort, KY 40601",Gift shop,Frankfort,http://www.poorrichardsbooksky.com/,,,,http://www.poorrichardsbooksky.com/gift-cards,http://www.poorrichardsbooksky.com/contact,Contact Us,KY,40601,book_store
Elsie Kaye Glassworks,"3 Union St #2, Westborough, MA 01581",Gift shop,Westborough,https://www.elsiekaye.com/,,,Gift Cards,https://www.elsiekaye.com/collections/gift-cards,https://www.elsiekaye.com/pages/contact-us,Contact Us,MA,01581,book_store
The Paper Mouse,"1274 Washington St, West Newton, MA 02465",Gift shop,West Newton,http://www.thepapermouse.com/,,,e-Gift Cards,http://www.thepapermouse.com/collections/e-gift-cards,http://www.thepapermouse.com/pages/contact-us,Contact Us,MA,02465,book_store
Eagle Trading Co,"116 E 59th St, New York, NY 10022",Used book store,New York,http://www.argosybooks.com/,,Six-story bookstore stocking an enormous array of antiquarian and out-of-print volumes since 1925.,"
Explore >
",http://www.argosybooks.com/gift-certificates.php,https://www.argosybooks.com/contact.php,Contact Us,NY,10022,book_store
Bromfield Pen Shop,"5 Bromfield St, Boston, MA 02108",Pen store,Boston,http://www.bromfieldpenshop.com/,,"Emporium specializing in everyday, rare & collectible pens, plus engraving & repair services.",Gift Certificates,https://bromfieldpenshop.com/product-category/categories/gifts/gift-certificates/,https://bromfieldpenshop.com/contact/,Contact,MA,02108,book_store
The University Store on Fifth,"4000 Fifth Ave, Pittsburgh, PA 15213",Book store,Pittsburgh,http://www.pittuniversitystore.com/,,,Gift Cards,http://www.pittuniversitystore.com/MerchDetail?MerchID=478032&num=0&start=1&end=2&type=1&CategoryName=INSITE%20GIFT%20CARDS&CatID=14995&Name=INSITE%20GIFT%20CARDS#.WNpep6JO,http://www.pittuniversitystore.com/SiteText?id=83063,Contact Us,PA,15213,book_store
Spoonbill & Sugartown Books,"218 Bedford Ave, Brooklyn, NY 11249",Used book store,Brooklyn,http://www.spoonbillbooks.com/,,"Cozy independent bookstore selling used & new copies of rare art, architecture & design titles.",GIFT CERTIFICATES,https://www.spoonbillbooks.com/category-s/159.htm,https://www.spoonbillbooks.com/category-s/103.htm,CONTACT,NY,11249,book_store
Catland,"987 Flushing Ave, Brooklyn, NY 11206",Book store,Brooklyn,http://www.catlandbooks.com/,,"Spiritual supply hub with books, candles & crystals, plus other metaphysical accessories & events.",Gift Certificates,http://www.catlandbooks.com/giftcards,http://www.catlandbooks.com/contact,"
            Contact
          ",NY,11206,book_store
RJ Julia Booksellers,"768 Boston Post Rd, Madison, CT 06443",Book store,Madison,http://www.rjjulia.com/,,,Gift Cards,http://www.rjjulia.com/rj-julia-gift-card,https://www.rjjulia.com/contact-info,Contact,CT,06443,book_store
River Bend Bookshop,"2217 Main St, Glastonbury, CT 06033",Book store,Glastonbury,https://www.riverbendbookshop.com/,,,River Bend Bookshop Gift Card,https://www.riverbendbookshop.com/river-bend-bookshop-gift-card,https://www.riverbendbookshop.com/contact,Contact Us,CT,06033,book_store
Root and Press LLC,"623 Chandler St, Worcester, MA 01602",Book store,Worcester,https://rootandpress.com/,https://rootandpress.com/breakfast-and-lunch/,,Gift Cards and Gear,https://rootandpress.com/online-gift-cards/,https://rootandpress.com/contact/,Contact,MA,01602,book_store
