name,address,type
No Boys Allowed,Chelmsford,Women's clothing store
T.J. Maxx,Chelmsford,Clothing store
Black Box Boutique,Chelmsford,Clothing store
Simplicity New & Resale Botique,Chelmsford,Clothing store
TOHERAN FASHION,,Women's clothing store
Carter's,Chelmsford,Children's clothing store
Rainbow Shops,Lowell,Women's clothing store
Target,Lowell,Clothing store
Chantilly Place,North Chelmsford,Bridal shop
Marshalls,Lowell,Clothing store
EbLens,Lowell,Clothing store
Hooligan Line,,Clothing store
The Paper Store,Chelmsford,Clothing store
The Underdog Brand,,Clothing store
Kohl's Chelmsford,Chelmsford,Department store
The Children's Place,Lowell,Children's clothing store
Dots,Lowell,Clothing store
Walgreens,Chelmsford,Drug store
Shaper Corset,Tyngsborough,Vintage clothing store
Drica Fashion Boutique,Lowell,Women's clothing store
Party City,Chelmsford,Party store
Cintas Uniform Services,Chelmsford,Uniform store
Lavara Couture,North Chelmsford,Dressmaker
Clean Ya Kicks,Lowell,Clothing store
MSC DISTRIBUTORS,Lowell,Men's clothing store
Boston Glam Boutique,Lowell,Clothing store
Lavara Couture,,Dressmaker
Aurea Vestes,,Clothing store
Noreast Custom Apparel,Lowell,Screen printer
Kayjay Boutique,,Clothing store
Rainbow Shops,Lowell,Women's clothing store
MillCity Clothing Co,Lowell,Clothing store
Marshalls & HomeGoods,Westford,Clothing store
Denim Skirt Store,Lowell,Women's clothing store
Humanity Boutique,Lowell,Clothing store
M.J. Clothing,Lowell,Clothing store
Lowell MBTA Pickup,Lowell,Clothing store
Insane Teez,Lowell,Clothing store
Gentlemen's District,Lowell,Men's clothing store
Jeannie's Enterprises,Lowell,Clothing store
Borey Angkor Fashions,,Clothing store
Nativo & Co.,,Men's clothing store
The Art of Travel,Lowell,Clothing store
KAG Aesthetics,,Clothing store
Burlington,Billerica,Clothing store
The Hope Chest,Lowell,Children's clothing store
My Gray Wolf T-Shirts & More,Lowell,T-shirt store
Bob's Stores Footwear & Apparel,Billerica,Clothing store
Stephen Bedard Associates,Lowell,Clothing store
Damien's Dancewear Inc,Chelmsford,Dance store
Galeria de Los Andes,Lowell,Clothing store
Suits are Forever,Acton,Men's clothing store
Walmart,Chelmsford,Discount store
Star Fashion,Lowell,Clothing store
Queen's Boutique,Lowell,Clothing store
Lisee Lou Designs,Tewksbury,Clothing store
Al's Clothing,Lowell,Clothing store
Gould's Clothing,Acton,Tuxedo shop
Center Sports Chelmsford,Chelmsford,Sporting goods store
Walgreens,Lowell,Drug store
Medical Scrubs And More,North Billerica,Uniform store
Family Dollar,Lowell,Clothing store
Swim Wear in Motion Inc,Dracut,Swimwear store
Family Dollar,Lowell,Clothing store
LOFT,Acton,Women's clothing store
Godwin Dalima,,Clothing store
Halloween City,Lowell,Costume store
The Paper Store,North Billerica,Clothing store
Chico's,Acton,Clothing store
PetSmart,Chelmsford,Pet supply store
Getfly Clothing,Lowell,Clothing store
J.Jill,Acton,Women's clothing store
Jos. A. Bank,Acton,Men's clothing store
T.J. Maxx & HomeGoods,Acton,Clothing store
Staples,Chelmsford,Office supply store
Sara Campbell,Concord,Women's clothing store
Billerica Sportswear,North Billerica,Sportswear store
Marshalls,Bedford,Clothing store
Angels Above Thrift Shop,Lowell,Department store
Walgreens,Lowell,Drug store
French Lessons,Concord,Women's clothing store
T.J. Maxx,Bedford,Clothing store
Olympia Sports,Westford,Sporting goods store
AutoZone Auto Parts,Chelmsford,Auto parts store
Irresistibles,Concord,Clothing store
J.McLaughlin,Concord,Clothing store
American Eagle Store,Nashua,Clothing store
Macy's,Nashua,Department store
My Best Life Apparel,,Clothing store
Urban Outfitters,Burlington,Clothing store
Amara Boutique & Services,Lowell,Boutique
Ann Taylor,Burlington,Women's clothing store
Anthropologie,Burlington,Women's clothing store
Primark,Burlington,Clothing store
Aunt Margaret's,North Chelmsford,Gift shop
Express,Nashua,Clothing store
Duluth Trading Company,Burlington,Clothing store
Cultural Shock,Lowell,Boutique
Ann Taylor,Nashua,Women's clothing store
Old Navy,Nashua,Clothing store
Stop & Shop,Chelmsford,Grocery store
"MoJo (Moms and Jobs, Inc.)",Lowell,Clothing store
Men's Wearhouse,Nashua,Men's clothing store
Gap,Burlington,Clothing store
Men's Wearhouse,Burlington,Men's clothing store
Abercrombie & Fitch,Nashua,Clothing store
Macy's,Burlington,Department store
1 Stop Uniforms,,Uniform store
Aerie Store,Nashua,Clothing store
Zumiez,Nashua,Clothing store
Madewell,Burlington,Clothing store
Catherines,Burlington,Plus size clothing store
The Children's Place,Burlington,Children's clothing store
Raspberry Beret,Maynard,Women's clothing store
Uni-T,Lowell,Gift shop
LOFT,Burlington,Women's clothing store
Pop Culture Place,Lowell,Artist
Chico's,Burlington,Clothing store
The UPS Store,Chelmsford,Shipping and mailing service
Banana Republic,Nashua,Clothing store
3rd Ave Burlington,3rd Ave,Shopping mall
Nordstrom Burlington,75 Middlesex Turnpike,Clothing store
Lord + Taylor,1320 Burlington Mall Road,Store
Michaels,265 Chelmsford St,Craft store
Athleta,75 Middlesex Turnpike,Clothing store
Zumiez,75 Middlesex Turnpike #1101A,Clothing store
J.Crew,75 Middlesex Turnpike,Clothing store
EILEEN FISHER,6 Wayside Rd Suite C1,Clothing store
Aéropostale,310 Daniel Webster Hwy,Clothing store
L.L.Bean,6 Wayside Rd,Clothing store
Old Navy,43 Middlesex Turnpike,Clothing store
Banana Republic,75 Middlesex Turnpike #2052,Clothing store
J.Jill,95 Burlington Mall Road,Women's clothing store
Walgreens,145 Littleton Rd,Drug store
Beadles Bead Boutique,18 Central Square,Bead store
Hanna Andersson,75 Middlesex Turnpike,Clothing store
Hot Topic,310 Daniel Webster Hwy,Clothing store
The Paper Store,160 Littleton Rd Ste 12,Clothing store
River Hawk Shop,220 Pawtucket St,Clothing store
Village Variety,11 Dunstable Rd,Convenience store
Lane Bryant,6 Wayside Rd,Plus size clothing store
Justice,310 Daniel Webster Hwy Space E-229,Children's clothing store
My Kids OTHER Closet,"Teamworks Professional Center, 30 Great Rd Suite 206",Used clothing store
Famous Footwear,265 Chelmsford St,Shoe store
abercrombie kids,75 Middlesex Turnpike Ste 1003,Children's clothing store
Justice,75 Middlesex Turnpike Space 1100A,Children's clothing store
New York & Company,"Pheasant Lane Mall, 310 Daniel Webster Hwy Suite 232",Women's clothing store
Work 'N Gear,292 Daniel Webster Hwy,Work clothes store
American Eagle Store,75 Middlesex Turnpike Room 2300,Clothing store
All Sports Heroes,18 1st St,Uniform store
Halloween Shoppe,174 Littleton Rd,Costume store
Eddie Bauer,75 Middlesex Turnpike,Clothing store
Buttons & Bows,448 Great Rd,Consignment shop
Carter's,"6Q, Wayside Rd",Children's clothing store
OshKosh B'gosh,6H Wayside Rd,Children's clothing store
"Sully's Tuxedo'S-Entertainment, Tuxedo Rentals in Greater Lowell MA",90 Bridge St,Tuxedo shop
FatFace,4 Walden St,Clothing store
White House Black Market,310 Daniel Webster Hwy,Clothing store
A Floral Moment By JuJu Buds,48 Chelmsford St,Flower delivery
Windsor,310 Daniel Webster Hwy #121A,Women's clothing store
White House Black Market,75 Middlesex Turnpike #1039a,Clothing store
Coldwater Creek,6 Wayside Rd Suite 6M,Women's clothing store
Walmart Photo Center,66 Parkhurst Rd,Photo shop
Elegant Tailor & Design Wedding Dress Alterations,1242 Lakeview Ave,Mens tailor
Ocean State Job Lot,553 Main St,Clothing store
PUMA Corporate Office,10 Lyberty Way,Corporate office
OshKosh B'gosh,310 Daniel Webster Hwy,Children's clothing store
Justice,,Children's clothing store
Market Basket,288 Chelmsford St,Supermarket
XXX Clothing,10 Corporate Dr,Clothing store
Jo Karen Fine Lingerie & Activewear,340 Great Rd,Lingerie store
Staples Print & Marketing Services,265 Chelmsford St,Copy shop
Sherwin-Williams Paint Store,103 Drum Hill Rd,Paint store
ELEGANT TAILOR And Bridal Shop Now In Dracut (Yes We Are Open This Time),1242 Lakeview Ave,Dress store
Mederics Boutique,1794 Bridge St STE 20,Bridal shop
Tandy Leather Boston,73 Princeton St #10,Craft store
SUTRA STUDIO,250 Jackson St UNIT 505,Yoga studio
East Coast Florist,118 Chelmsford St,Florist
Tux Formal Center,145 Pleasant St,Tuxedo shop
New Me,742 Lakeview Ave,Uniform store
Wretched Hive Creations,122 Western Ave #112,Sculptor
Route 3A MotorSports,170 Tyngsboro Rd,Motorsports store
Baby Depot,484 Boston Rd,Baby store
Bob's Stores Footwear & Apparel,92 Cluff Crossing Rd,Clothing store
Eyewear by Giorgio,60 Chelmsford St,Optician
Carquest Auto Parts- Chelmsford Auto Parts Inc,"301 Littleton Rd, MA-110",Auto parts store
Walmart Pharmacy,66 Parkhurst Rd,Pharmacy
Yester-Dolls,154 Turnpike Rd,Doll store
The Party Lab LLC,480 Boston Rd UNIT 118,Party store
Walgreens,446 Boston Rd,Drug store
Walgreens,276 Broadway St,Drug store
Safe Beginnings Childproofing,66 Homefield Ave,Baby store
F&L exclusive boutique,94 Bridge St,Boutique
The Paper Store,604 Constitution Ave,Clothing store
Walgreens,1161 Bridge St,Drug store
MacKinnon Printing Co. Inc.,6 Ledge Rock Way # 7,Commercial printer
A Plus Auto Body Repair & Auto Sales,35 Hunt Rd,Used car dealer
Walgreens Pharmacy,86 Chelmsford St,Pharmacy
La Scala Bridal Shoppe,1875 Main St,Bridal shop
JOANN Fabrics and Crafts,199 Boston Rd,Fabric store
Donnelly's School Location,101 Broadway Rd UNIT 8,Uniform store
MARC ALLEN NEW ENGLAND,150 State St 3rd floor,Custom tailor
Trunk Club,501 Boylston St #3102,Clothing store
Vans,310 Daniel Webster Hwy e145,Shoe store
Macy's,85 Rockingham Park Blvd,Department store
Reflections Women's Consignment,101 Commonwealth Ave,Consignment shop
Cloak & Dagger Creations,61 Gilson Rd,Custom tailor
The Paper Store,310 Daniel Webster Hwy,Clothing store
francesca's,310 Daniel Webster Hwy W227,Boutique
DICK'S Sporting Goods,310 Daniel Webster Hwy,Clothing store
Olympia Sports,310 Daniel Webster Hwy,Sporting goods store
Savers,224 Daniel Webster Hwy,Thrift store
SKECHERS Warehouse Outlet,269 Daniel Webster Hwy #A,Shoe store
Sierra,213 Daniel Webster Hwy,Clothing store
Everything But Water (Temporarily Closed),75 Middlesex Turnpike,Swimwear store
The Bruised Boutique Skate Shop,210 Daniel Webster Hwy,Clothing store
FootStock,46 Main St,Shoe store
GameStop Prestige,90 Drum Hill Rd,Video game store
Smita's Boutique,120 Cambridge St,Boutique
David’s Bridal,256 Daniel Webster Hwy,Bridal shop
The Paper Store,213 Daniel Webster Hwy Ste 5,Clothing store
Brine's Sporting Goods,69 Main St,Sporting goods store
Walgreens,2341 Main St,Drug store
Vans,Nashua,Shoe store
Macy's,Salem,Department store
Reflections Women's Consignment,Concord,Consignment shop
Journeys,Nashua,Clothing store
Eastern Mountain Sports,Nashua,Clothing store
Journeys,Burlington,Clothing store
St. Vincent de Paul Society,Lowell,Non-profit organization
AWOL,Lowell,Store
JR Maintenance And Remodeling,,Property maintenance
Savers,Wilmington,Thrift store
Indian Motorcycle of North Boston,Tyngsborough,Motorcycle dealer
Chelmsford Mall,Chelmsford,Shopping mall
Schiller Jewelers,Lowell,Jeweler
Diamond Jewelry,Westford,Jeweler
Macy's,Nashua,Electronics
Katerina's Fashions,Chelmsford,Tailor
East Gate Plaza,Chelmsford,Shopping mall
"Hunter Appliance Sales, Service & Parts",Littleton,Appliance repair service
Consignment Corner,Amherst,Consignment shop
The Wish Project,North Chelmsford,Non-profit organization
MARC ALLEN NEW ENGLAND,Boston,Custom tailor
Trunk Club,Boston,Clothing store
Morgan Memorial Goodwill Industries,Boston,Thrift store
Tracksmith Trackhouse,Boston,Running store
Town Shoe Repair,Chelmsford,Shoe repair shop
Walmart Money Center,,Money transfer service
Summer Place,Chelmsford,Retirement community
Chelmsford High School,North Chelmsford,High school
