name,address,type
Shelburne Historical Society,33 Severance St,Local history museum
Shelburne Falls Trolley Museum,14 Depot St,Rail museum
Memorial Hall Museum,8 Memorial St,Museum
Historic Deerfield,80 Old Main St,History museum
Flynt Center of Early New England Life,37 Old Main St,Museum
Indian House Children's Museum,107 Old Main St,Museum
Museum of Our Industrial Heritage,2 Mead St,History museum
Goshen Historical Commission,48 Main St,Museum
Ashfield Historical Society,457 Main St,Museum
Mill River Dam Historic Site,,Museum
The Rock,665 East St,Museum
Three Sisters Sanctuary,188 Cape St,Museum
Frary House,,Museum
Historical Society-Greenfield,43 Church St,Museum
Buckland Public Hall,15 Upper St,Museum
Plain School,29 Baptist Corner Rd,Museum
Williamsburg Grange,10 Main St,Museum
Veteran Mall,,Museum
Hatfield Historical Museum,39 Main St,History museum
Smith College Museum of Art,20 Elm St,Art museum
River access,School St,Museum
Amherst Historical Society And Museum,67 Amity St,Museum
Porter Phelps Huntington Foundation,130 River Dr,Museum
The Eric Carle Museum of Picture Book Art,125 W Bay Rd,Museum
University Museum of Contemporary Art,"University of Massachusetts Amherst, Fine Arts Center, Presidents Dr",Museum
Hadley Farm Museum,147 Russell St,Museum
Hatfield Farm Museum,7 Billings Way,History museum
Magic Wings Butterfly Conservatory,281 Greenfield Rd,Museum
Natural History Collections,611 N Pleasant St,Museum
New England Visionary Artists Museum,518 Pleasant St,Art museum
Historic Northampton,46 Bridge St,History museum
Sunderland Caves,,Museum
Beer Can Museum,,Museum
Powers Institute,"Church St. between South and, Library St",Museum
Hatchery,611 Amherst Rd,Museum
The David Ruggles Center,225 Nonotuck St,History museum
Farm Museum Hadley,164 S Maple St,Museum
Satafford Brook Cascade,Green River Rd,Museum
"Capen Garden, The Botanic Garden of Smith College",Prospect St,Museum
Jose Garcia,,Museum
Markert's Pond,25 Lantern Ln,Museum
Shoe Island,Amherst St,Museum
Great Falls Discovery Center,2 Avenue A,State park
Hampden Gallery,131 Southwest Cir,Museum
Emily Dickinson Museum,280 Main St,History museum
Beneski Museum of Natural History,11 Barrett Hill Dr,Museum
Mead Art Museum,41 Quadrangle Dr,Art museum
Rowe Historical Society,282 Zoar Rd,Museum
Mount Holyoke College Art Museum,Lower Lake Rd,Art museum
Skinner Museum,33 Woodbridge St,Museum
William Cullen Bryant Homestead,207 Bryant Rd,History museum
Springfield Museums,21 Edwards St,Museum
MASS MoCA,1040 Mass MoCA Way,Modern art museum
Children's Museum at Holyoke,444 Dwight St,Children's museum
William Cullen Bryant Estate,207 Bryant Rd,Museum
Museums10,97 Spring St,Museum
Belchertown Historical Association,20 Maple St,Museum
Michele and Donald D’Amour Museum of Fine Arts,21 Edwards St,Art museum
Amelia Park Children's Museum,29 S Broad St,Children's museum
Old Sturbridge Village,1 Old Sturbridge Village Rd,History museum
Clark Art Institute,Williamstown,Art museum
Naismith Memorial Basketball Hall of Fame,Springfield,Museum
Williams College Museum of Art,Williamstown,Art museum
The Amazing World of Dr. Seuss Museum,Springfield,Museum
Norman Rockwell Museum,Stockbridge,Art museum
Worcester Art Museum,Worcester,Art museum
Storrowton Village Museum,West Springfield,Museum
Springfield Science Museum,Springfield,Science museum
"The Mount, Edith Wharton's Home",Lenox,Historical place museum
Fitchburg Art Museum,Fitchburg,Art museum
Museum of Russian Icons,Clinton,Museum
EcoTarium,Worcester,Museum
"Museum of Fine Arts, Boston",Boston,Art museum
Susan B. Anthony Birthplace Museum,Adams,Museum
North Conway Scenic Railroad ride,,Museum
Worcester Historical Museum,Worcester,Historical place museum
Mass MoCA,North Adams,Museum
Willard House & Clock Museum,North Grafton,Museum
Museum of Science,Boston,Science museum
Fruitlands Museum,Harvard,Art museum
Isabella Stewart Gardner Museum,Boston,Art museum
The New England Quilt Museum,Lowell,Art museum
Discovery Museum,Acton,Museum
Westford Museum,Westford,Museum
Concord Museum,Concord,Local history museum
Whistler House Museum Of Art,Lowell,Art museum
Peabody Museum of Archaeology and Ethnology,Cambridge,Museum
American Heritage Museum,Hudson,Museum
The Harvard Museum of Natural History,Cambridge,Natural history museum
deCordova Sculpture Park and Museum,Lincoln,Sculpture museum
Peabody Essex Museum,Salem,Art museum
Boston Children's Museum,Boston,Children's museum
Boston Tea Party Ships & Museum,Boston,Museum
Public Health Museum in Massachusetts,Tewksbury,History museum
Boott Cotton Mills Museum,Lowell,History museum
USS Constitution Museum,Charlestown,History museum
Amherst College,,Museum
Bartlett Museum,Amesbury,Museum
MIT Museum,Cambridge,Science museum
Wilmington Town Museum,Wilmington,Museum
Fuller Craft Museum,Brockton,Art museum
Charles River Museum of Industry & Innovation,Waltham,Museum
New Bedford Whaling Museum,New Bedford,Museum
Harvard Art Museums,Cambridge,Art museum
Old State House,Boston,History museum
The Rose Art Museum,Waltham,Art museum
Museum of Printing,Haverhill,Museum
Davis Museum,Wellesley,Art museum
Lynn Museum,Lynn,Heritage museum
Scottish Rite Masonic Museum & Library,Lexington,History museum
Wenham Museum,Wenham,Museum
Cape Ann Museum,Gloucester,Museum
Plimoth Plantation,Plymouth,History museum
Larz Anderson Auto Museum,Brookline,Museum
John F. Kennedy Presidential Library and Museum,Boston,Museum
Harvard Semitic Museum,Cambridge,Museum
Salem Witch Museum,Salem,Museum
Hancock-Clarke House,Lexington,Museum
Hammond Castle Museum,Gloucester,Museum
Spellman Museum of Stamps & Postal History,Weston,Museum
Custom House Maritime Museum,Newburyport,Museum
"Paul S. Russell, MD Museum of Medical History and Innovation at Massachusetts General Hospital",Boston,Museum
The Sports Museum,Boston,Museum
Massachusetts Archives & Commonwealth Museum,Boston,Museum
The Essex Historical Society and Shipbuilding Museum,Essex,Museum
Jackson Homestead and Museum,Newton,History museum
Salyards Museum,Conway,Museum
Buckman Tavern,Lexington,Historical place museum
Heritage Museums & Gardens,Sandwich,Heritage museum
Armenian Museum of America,Watertown,Museum
Pilgrim Hall Museum,Plymouth,Museum
USS Massachusetts BB-59,Fall River,War museum
Children's Museum of Greater Fall River,Fall River,Children's museum
Rotch-Jones-Duff House,New Bedford,Museum
Cogswell's Grant,Essex,History museum
Maritime Museum At Battleship Cove - Open Seasonally,Fall River,Museum
Robbins Museum of Archaeology,Middleborough,Museum
Provincetown Museum,Provincetown,Historical place museum
Sandwich Glass Museum,Sandwich,Museum
Fort Rodman,New Bedford,Museum
Cape Cod Maritime Museum,Hyannis,Museum
Provincetown Art Association and Museum (PAAM),Provincetown,Art museum
Cape Cod Museum of Art,Dennis,Art museum
Marion Natural History Museum,Marion,Museum
Cape Cod Children's Museum,Mashpee,Children's museum
John F. Kennedy Hyannis Museum,Hyannis,Museum
New England Ski Museum,North Conway,Museum
Cape Cod Museum Of Natural History,Brewster,Museum
Addison Gallery of American Art,Andover,Museum
Atwood Museum,Chatham,Museum
Battleship Cove,Fall River,Museum
Museum of Work & Culture,Woonsocket,Museum
Railroad Museum-New England,Thomaston,Rail museum
Boston Light,Boston,Museum
Whaling Museum,Nantucket,Museum
Hull Life Saving Museum,Hull,Local history museum
Egan Maritime's Nantucket Shipwreck & Lifesaving Museum,Nantucket,History museum
Chatham Marconi Maritime Center,Chatham,Museum
Massachusetts Air & Space Museum,Hyannis,Museum
"Stonehurst, the Robert Treat Paine Estate",Waltham,Museum
Pilgrim Monument,Provincetown,Museum
Maine Mineral and Gem Museum,Bethel,Museum
Conway Scenic Railroad,North Conway,Tourist attraction
Fort Mifflin,Philadelphia,Historical place museum
Smithsonian American Art Museum,Washington,Art museum
Museum of disABILITY History,Buffalo,Museum
Horry County Museum,Conway,Museum
Color Factory,New York,Exhibit
Faulkner County Museum,Conway,Local history museum
Smithsonian Institution Offices,Washington,Research institute
The Nelson-Atkins Museum of Art,Kansas City,Art museum
Calvin Coolidge Presidential Library & Museum,Northampton,Tourist attraction
San Francisco Museum of Modern Art,San Francisco,Modern art museum
Computer History Museum,Mountain View,History museum
Asian Art Museum,San Francisco,Art museum
Museum of Discovery,Little Rock,Science museum
de Young Museum,San Francisco,Art museum
Children's Museum of Stockton,Stockton,Museum
Museum Store,Kansas City,Museum
Mass Audubon's Conway Hills Wildlife Sanctuary,Conway,Tourist attraction
Phoebe A. Hearst Museum of Anthropology,Berkeley,Ethnographic museum
National Museum of Australia,Acton,Museum
Conway Hills Wildlife Sanctuary,Conway,Wildlife park
Field Memorial Library,Conway,Public library
South River State Forest,,Woods
South River Miso Co Inc,Conway,Farm shop
Eric Carle Museum (In),,Bus stop
Rock Fossil & Dinosaur Shop,South Deerfield,Rock shop
Wiley and Russell dam,Greenfield,Tourist attraction
Jewish Historical Society of Western Massachusetts,South Deerfield,Historical society
Yankee Candle,South Deerfield,Candle store
Shelburne Falls Memorial Hall,Shelburne Falls,Event venue
Shang Shung Institute School of Tibetan Medicine,Conway,Medical school
Deerfield,,
"Wanda Mooney, Coldwell Banker Upton-Massamont REALTORS",Shelburne Falls,Real estate agents
Jan & John Maggs Antiques and Art,Conway,Antique store
Bardwell's Ferry Bridge,Shelburne Falls,Tourist attraction
Yiddish Book Center,Amherst,Tourist attraction
Belding Memorial Library,Ashfield,Public library
Bridge of Flowers,Shelburne Falls,Tourist attraction
Soulful Life Photography,1150 Bardwells Ferry Rd,Photographer
Deerfield Community Center,16 Memorial St,Community center
Hampshire College Art Gallery,893 West St,Art gallery
Northampton,,
Herter Art Gallery,125 A Herter Hall Union of M,University
The Greenfield Women's Resource Center,474 Main St,Non-profit organization
Smith College : Wilder House,1 Mandelle Rd,College
Rausch Mineral Gallery,611 N Pleasant St,University department
Monadnock Media Inc,59 North St,Media company
Winter Farmers Market at the Hampshire Mall,367 Russell St,Farmers' market
Ye Ol' Watering Hole,287 Pleasant St,Bar
R. Michelson Galleries,132 Main St,Art gallery
Wilder Observatory,76 Snell St,Observatory
Small Corporation,19 Butternut St,Manufacturer
"People, Places & Design Research",65 North St,Research institute
Courtyard by Marriott Hadley Amherst,,3-star hotel
Wistariahurst,238 Cabot St,Tourist attraction
Mass Audubon's High Ledges Wildlife Sanctuary,,Tourist attraction
Smith College Admissions,"Smith college, 7 College Ln",School
The O-Tones,17 Corticelli St,Band
Mass Audubon's Graves Farm Wildlife Sanctuary,Adams Rd,Tourist attraction
Mcm Voices,134 Riverside Dr,Entertainment agency
Poet's Seat Tower,,Tourist attraction
Ape Third Floor Arts,150 Main St #3,Flooring
Double Edge Theatre,948 Conway Rd,Performing arts theater
Arms-Library,Main St & Bridge St,Library
Look Memorial Park,300 N Main St,Tourist attraction
Shelburne Falls,,
Bisbee Mill,,
The Botanic Garden of Smith College,16 College Ln,Tourist attraction
Emily Williston Memorial Library and Museum,9 Park St,Public library
Skinner State Park,10 Skinner State Park Rd,Tourist attraction
Deerfield Inn,81 Old Main St,3-star hotel
Pulaski Park,240 Main St,Tourist attraction
Mt. Holyoke Summit House,195 Skinner State Park Rd,Tourist attraction
Buckland Public Library,30 Upper St,Public library
University of Massachusetts Amherst,,Public university
Chainsaw Strategies,19 Sadoga Rd,Manufacturer
Azuma Design Build,,Woodworker
Griswold Memorial Library,12 Main Rd,Public library
The Old Mill Inn,,3-star hotel
Blake House Café,Springfield,Cafe
New England Museum Association,Arlington,Non-profit organization
Smith College,,College
Arts Extension Service,Amherst,University department
Mass Humanities,Northampton,Non-profit organization
Jones Library,Amherst,Public library
