name,address,type
MASS MoCA,North Adams,Modern art museum
North Adams Museum of History and Science,,Museum
Berkshire Art Museum,North Adams,Art museum
Rowe Historical Society,Rowe,Museum
Extreme Model Railroad and Contemporary Architecture Museum,,Rail museum
North Adams Museum of History,North Adams,Museum
Hail to the Sunrise Park,Charlemont,Museum
EMRCA,North Adams,Museum
Berkshire Art Museum Annex,North Adams,Art museum
MM1,,Museum
Kolok Gallery,North Adams,Museum
Hoosac Valley Train Rides - Boarding Location,Adams,Rail museum
Design Lab,North Adams,Museum
Susan B. Anthony Birthplace Museum,Adams,Museum
Clark Art Institute,Williamstown,Art museum
Williams College Museum of Art,Williamstown,Art museum
Mass MoCA,North Adams,Museum
Shunpike Rest Area,Charlemont,Museum
Allen & Co LLC,North Adams,Museum
Adams Station,Adams,Museum
Berkshire Visual Arts,North Adams,Museum
Clark Museum,Williamstown,Art museum
Western Gateway Heritage State Park,North Adams,State park
"Fort Massachusetts Memorial, D.A.R. 1976",North Adams,Museum
Berkshire Museum,Pittsfield,Museum
Shelburne Falls Trolley Museum,Shelburne Falls,Rail museum
Williamstown Historical Museum,Williamstown,History museum
Crane Museum of Papermaking and Center for the Paper Arts,Dalton,Museum
Ashfield Historical Society,Ashfield,Museum
Joseph F. Girardi Memorial Canoe Access Hoosic River,North Adams,Museum
Philips Rogers Farm,Windsor,Museum
Readsboro Historical Society,Readsboro,Museum
Shelburne Historical Society,Shelburne Falls,Local history museum
Berkshire County Historical Society at Arrowhead,Pittsfield,Historical place museum
Buckland Public Hall,Buckland,Museum
Plain School,Ashfield,Museum
Bennington Museum,Bennington,Museum
Williamstown Art Conservation at The Lunder Center at Stone Hill,Williamstown,Non-profit organization
Southern Vermont Natural History Museum,Marlboro,Natural history museum
The Dollhouse and Toy Museum of Vermont,Bennington,Toy museum
Bennington museum,Bennington,Museum
Memorial Hall Museum,Deerfield,Museum
Burghdorf Gallery,Bennington,Art museum
Dutch Hill Ski Area,Readsboro,Museum
Robert Frost Stone House Museum at Bennington College,Shaftsbury,Historical place museum
Shaftsbury Historical Society Museum,Shaftsbury,Museum
Dover Historical Society & The Harris House Museum,West Dover,History museum
Historic Deerfield,Deerfield,History museum
Pocumtuck Valley Memorial Association,Deerfield,Museum
Ventfort Hall Mansion and Gilded Age Museum,Lenox,Historical place museum
Animagic Museum of Animation,Lee,Museum
Red Cow Et Al,Pownal,Museum
Park-McCullough Historic Governor's Mansion,North Bennington,Historical place museum
Norman Rockwell Museum,Stockbridge,Art museum
Emily Dickinson Museum,Amherst,History museum
Suzanne Lemberg Usdan Gallery,Bennington,Museum
Springfield Museums,Springfield,Museum
Smith College Museum of Art,Northampton,Art museum
Beneski Museum of Natural History,Amherst,Museum
Mead Art Museum,Amherst,Art museum
Berkshire Scenic Railway Museum - Lenox Station Museum,Lenox,History museum
Mount Holyoke College Art Museum,South Hadley,Art museum
Children's Museum at Holyoke,Holyoke,Children's museum
Laumeister Art Center at Southern Vermont College,Bennington,Art gallery
Grafton Trail Start,Johnsonville,Museum
Naumkeag,Stockbridge,Museum
"The Mount, Edith Wharton's Home",Lenox,Historical place museum
Hadley Farm Museum,Hadley,Museum
Historic Northampton,Northampton,History museum
Amherst Historical Society And Museum,Amherst,Museum
Old Sturbridge Village,Sturbridge,History museum
Worcester Art Museum,Worcester,Art museum
Fitchburg Art Museum,Fitchburg,Art museum
Springfield Science Museum,Springfield,Science museum
The Amazing World of Dr. Seuss Museum,Springfield,Museum
Naismith Memorial Basketball Hall of Fame,Springfield,Museum
EcoTarium,Worcester,Museum
Storrowton Village Museum,West Springfield,Museum
Worcester Historical Museum,Worcester,Historical place museum
Museum of Russian Icons,Clinton,Museum
Fort Devens Museum,Devens,Museum
Museums10,Amherst,Museum
Willard House & Clock Museum,North Grafton,Museum
Museum of Science,Boston,Science museum
Public Health Museum in Massachusetts,Tewksbury,History museum
"Museum of Fine Arts, Boston",Boston,Art museum
Fruitlands Museum,Harvard,Art museum
MIT Museum,Cambridge,Science museum
Isabella Stewart Gardner Museum,Boston,Art museum
Springfield Armory National Historic Site,Springfield,Museum
Davis Museum,Wellesley,Art museum
The Rose Art Museum,Waltham,Art museum
deCordova Sculpture Park and Museum,Lincoln,Sculpture museum
Westford Museum,Westford,Museum
Discovery Museum,Acton,Museum
Whistler House Museum Of Art,Lowell,Art museum
Volleyball Hall of Fame,Holyoke,Museum
The New England Quilt Museum,Lowell,Art museum
Peabody Essex Museum,Salem,Art museum
Danforth Art School,Framingham,Art museum
Boston Children's Museum,Boston,Children's museum
Museum of American Bird Art at Mass Audubon,Canton,Art museum
Concord Museum,Concord,Local history museum
Peabody Museum of Archaeology and Ethnology,Cambridge,Museum
Museum of Printing,Haverhill,Museum
Cyrus Dallin Art Museum,Arlington,Sculpture museum
Salem Witch Museum,Salem,Museum
Jackson Homestead and Museum,Newton,History museum
"Paul S. Russell, MD Museum of Medical History and Innovation at Massachusetts General Hospital",Boston,Museum
Charles River Museum of Industry & Innovation,Waltham,Museum
Harvard Art Museums,Cambridge,Art museum
Fuller Craft Museum,Brockton,Art museum
Somerville Museum,Somerville,Museum
Attleboro Arts Museum,Attleboro,Museum
Scottish Rite Masonic Museum & Library,Lexington,History museum
USS Massachusetts BB-59,Fall River,War museum
Middlesex Canal Museum and Visitor Center,North Billerica,Museum
Bartlett Museum,Amesbury,Museum
Old Colony History Museum,Taunton,Local history museum
"Grand Army of the Republic Hall and Museum of Lynn, MA",Lynn,Army museum
Franklin Historical Museum,Franklin,Museum
Harvard Semitic Museum,Cambridge,Museum
Buttonwoods Museum,Haverhill,Museum
Larz Anderson Auto Museum,Brookline,Museum
The Institute of Contemporary Art,Boston,Art museum
Attleboro Area Industrial Museum,Attleboro,Museum
Longyear Museum,Chestnut Hill,History museum
USS Constitution Museum,Charlestown,History museum
Busch-Reisinger Museum,Cambridge,Art museum
Massachusetts Archives & Commonwealth Museum,Boston,Museum
Haverhill Fire Fighting Museum,Haverhill,Museum
Spellman Museum of Stamps & Postal History,Weston,Museum
Children's Museum In Easton,North Easton,Children's museum
McMullen Museum of Art,Boston,Museum
United States Naval Shipbuilding Museum & The USS Salem,Quincy,Museum
Wenham Museum,Wenham,Museum
Custom House Maritime Museum,Newburyport,Museum
John F. Kennedy Presidential Library and Museum,Boston,Museum
Blue Hills Trailside Museum,Milton,Museum
Lynn Museum,Lynn,Heritage museum
Carpenter Museum,Rehoboth,Museum
Witch History Museum,Salem,Museum
Armenian Museum of America,Watertown,Museum
Cape Ann Museum,Gloucester,Museum
New Bedford Whaling Museum,New Bedford,Museum
Marblehead Museum,Marblehead,Local history museum
Massachusetts Golf Museum,Norton,Museum
The Sports Museum,Boston,Museum
The Old Manse,Concord,Museum
New England Pirate Museum,Salem,Museum
Salem Wax Museum,Salem,Wax museum
Museum of African American History,Boston,History museum
Maritime and Irish Mossing Museum,Scituate,Museum
The Museum Of Bad Art,Somerville,Museum
Hammond Castle Museum,Gloucester,Museum
Plimoth Plantation,Plymouth,History museum
Witch Dungeon Museum,Salem,Museum
The Essex Historical Society and Shipbuilding Museum,Essex,Museum
Sargent House Museum,Gloucester,Local history museum
Pilgrim Hall Museum,Plymouth,Museum
Heritage Museums & Gardens,Sandwich,Heritage museum
Irish American Heritage Museum,Albany,Museum
Wilmington Town Museum,Wilmington,Museum
Provincetown Art Association and Museum (PAAM),Provincetown,Art museum
New Bedford Art Museum,New Bedford,Art museum
Battleship Cove,Fall River,Museum
Falmouth Museums On The Green,Falmouth,Museum
The Old Ordinary of The Hingham Historical Society,Hingham,Museum
Cahoon Museum of American Art,Cotuit,Art museum
Addison Gallery of American Art,Andover,Museum
Sandwich Glass Museum,Sandwich,Museum
John F. Kennedy Hyannis Museum,Hyannis,Museum
Salem Pioneer Village,Salem,Historical place museum
Rotch-Jones-Duff House,New Bedford,Museum
Whydah Pirate Museum,West Yarmouth,Science museum
New Bedford Fire Museum,New Bedford,Museum
Amherst College,,Museum
Cape Cod Museum of Art,Dennis,Art museum
Provincetown Museum,Provincetown,Historical place museum
Aptucxet Trading Post Museum,Bourne,Museum
Woods Hole Historical Museum,Woods Hole,Museum
The Plimoth Grist Mill,Plymouth,History museum
Cape Cod Museum Of Natural History,Brewster,Museum
Cape Cod Children's Museum,Mashpee,Children's museum
R John Wright Dolls Inc,Bennington,Doll store
Atwood Museum,Chatham,Museum
Centerville Historical Museum,Centerville,History museum
Mayflower Society House,Plymouth,Museum
Truro Historical Society-Highland House Museum,Truro,Museum
Whaling Museum,Nantucket,Museum
French Cable Station Museum,Orleans,Museum
Egan Maritime's Nantucket Shipwreck & Lifesaving Museum,Nantucket,History museum
Arthur M. Sackler Museum,Cambridge,Art museum
Hull Life Saving Museum,Hull,Local history museum
Chatham Railroad Museum,Chatham,Rail museum
MassArt Art Museum,Boston,Art museum
USS Joseph P. Kennedy Jr. DD-850,Fall River,Museum
Chatham Marconi Maritime Center,Chatham,Museum
Connecticut Historical Society Museum and Library,Hartford,Historical society
The Museum of Modern Art,New York,Modern art museum
The District Center For The Arts,Taunton,Museum
USS Lionfish SS-298,Fall River,Museum
Boston Athenæum,Boston,Museum
Massachusetts Air & Space Museum,Hyannis,Museum
Sullivan Museum and History Center,Northfield,Museum
Pilgrim Monument,Provincetown,Museum
Lippitt House Museum,Providence,Historical place museum
The Long Island Museum,Stony Brook,Museum
The National Jazz Museum in Harlem,New York,Museum
Vanderbilt Mansions,Newport,Museum
Michener Art Museum,Doylestown,Museum
Museum of Illusions,New York,Museum
National Museum of Industrial History,Bethlehem,Museum
St. Cloud Heritage Museum,St Cloud,Museum
General Society of Mayflower Descendants,Plymouth,Museum
The Rockwell Museum,Corning,Art museum
United States Holocaust Memorial Museum,Washington,Museum
National Museum of African American History and Culture,Washington,National museum
Museum of Florida History,Tallahassee,Museum
Second Bank of the United States Portrait Gallery,Philadelphia,Historical place museum
State School,Spring City,Historical place museum
Jewish Museum of Florida Inc,Miami Beach,Museum
Reginald F. Lewis Museum,Baltimore,History museum
SFSC Museum of Florida Art and Culture,Avon Park,Museum
The Cleveland Museum of Art,Cleveland,Museum
Bradford - Ma Barker House,Ocklawaha,Museum
The Dalí (Salvador Dalí Museum),St. Petersburg,Art museum
Florida Museum of Natural History-Exhibits,Gainesville,Natural history museum
Historic Annapolis Museum Store,Annapolis,Museum
Cummer Museum of Art & Gardens,Jacksonville,Art museum
Florida Air Museum,Lakeland,Museum
Burchfield Penney Art Center,Buffalo,Art museum
The Bishop Museum of Science and Nature,Bradenton,Museum
The Charles Hosmer Morse Museum of American Art,Winter Park,Art museum
Museum of Arts & Sciences,Daytona Beach,Museum
Pérez Art Museum Miami,Miami,Art museum
MOSH,Jacksonville,Science museum
Harn Museum of Art,Gainesville,Museum
South Florida Science Center and Aquarium,West Palm Beach,Science museum
Foosaner Art Museum,Melbourne,Art museum
Norton Museum of Art,West Palm Beach,Art museum
Museum of Discovery and Science,Fort Lauderdale,Science museum
St Augustine Lighthouse & Maritime Museum,St. Augustine,Museum
Osceola County Welcome Center and History Museum,Kissimmee,History museum
Museum of Fine Arts,St. Petersburg,Museum
Don Garlits Museum of Drag Racing,Ocala,Museum
Orlando Science Center,Orlando,Science museum
HistoryMiami Museum,Miami,Local history museum
Tallahassee Museum,Tallahassee,Museum
St. Petersburg Museum of History,St. Petersburg,Museum
Color Factory,New York,Exhibit
Vizcaya Museum & Gardens,Miami,Museum
Boca Raton Museum of Art,Boca Raton,Art museum
Orlando Museum of Art,Orlando,Art museum
Tampa Museum of Art,Tampa,Art museum
Central Florida Railroad Museum,Winter Garden,Museum
Presidents Hall of Fame,Clermont,History museum
Florida Holocaust Museum,St. Petersburg,Museum
The John and Mable Ringling Museum of Art,Sarasota,Art museum
Ormond Memorial Art Museum and Gardens,Ormond Beach,Art museum
Orange County Regional History Center,Orlando,History museum
Henry B. Plant Museum,Tampa,Museum
Museum of Art-DeLand,DeLand,Art museum
Marco Island Historical Museum,Marco Island,History museum
Heritage Museum of Northwest Florida,Valparaiso,Museum
The Wolfsonian-Florida International University,Miami Beach,Museum
Polk Museum Of Art,Lakeland,Art museum
NSU Art Museum Fort Lauderdale,Fort Lauderdale,Art museum
Coral Castle,Homestead,Museum
Air Force Armament Museum,Eglin AFB,Museum
Appleton Museum of Art,Ocala,Art museum
Smithsonian Institution Offices,Washington,Research institute
Amelia Island Museum of History,Fernandina Beach,Museum
Coral Springs Museum of Art,Coral Springs,Art museum
Leepa-Rattner Museum of Art,Tarpon Springs,Art museum
Albin Polasek Museum & Sculpture Gardens,Winter Park,Museum
Vero Beach Museum of Art,Vero Beach,Museum
Elliott Museum,Stuart,Local history museum
Cornell Fine Arts Museum,Winter Park,Art museum
The Polk County History Center,Bartow,History museum
Schoolhouse Children's Museum & Learning Center,Boynton Beach,Children's museum
The Bass,Miami Beach,Art museum
The Florida Museum of Photographic Arts,Tampa,Art museum
Navy UDT SEAL Museum,Fort Pierce,Museum
Morikami Museum and Japanese Gardens,Delray Beach,Museum
Winter Garden Heritage Museum,Winter Garden,Heritage museum
Pioneer Fl Museum & Village,Dade City,Museum
Glazer Children's Museum,Tampa,Children's museum
Custom House,Key West,Museum
Historic Spanish Point,Osprey,Museum
Cummings Center for the History of Psychology,Akron,Museum
Lowe Art Museum,Miami,Art museum
Museum of Art - Deland Downtown,DeLand,Art museum
Medieval Torture Museum,St. Augustine,Museum
Meek-Eaton Black Archives Research Center and Museum,Tallahassee,Museum
Stonewall National Museum & Archives,Fort Lauderdale,Museum
Constitution Convention State,Port St Joe,Museum
Kissimmee Air Museum,,Museum
Mission Nombre de Dios Museum,St. Augustine,History museum
Cedar Key Museum State Park,Cedar Key,Museum
Florida Maritime Museum,Cortez,Maritime museum
Military Heritage Museum,Punta Gorda,Museum
The Society of the Four Arts,Palm Beach,Garden
San Francisco Museum of Modern Art,San Francisco,Modern art museum
Old Fort Erie,Fort Erie,Historical landmark
Computer History Museum,Mountain View,History museum
National Guitar Museum,,National museum
Emerald Coast Science Center,Fort Walton Beach,Non-profit organization
"USS Hornet - Sea, Air and Space Museum",Alameda,History museum
McGuire Center for Lepidoptera & Biodiversity,Gainesville,Research institute
Historical Society of Palm Beach County,West Palm Beach,Non-profit organization
Georgia O'Keeffe Museum,Santa Fe,Museum
Children's Discovery Museum of San Jose,San Jose,Children's museum
Ermita de San Antonio de la Florida,Madrid,Museum
Stafford Air & Space Museum,Weatherford,Open air museum
Masur Museum of Art,Monroe,Art museum
Valene L. Smith Museum of Anthropology,Chico,Museum
Los Altos History Museum,Los Altos,Local history museum
Psychiatry: An Industry of Death Museum,Los Angeles,Museum
CCHR Florida,Clearwater,Non-profit organization
Mission San Juan Capistrano,26801 Ortega Hwy,Museum
Museum of Paleontology,1101 Valley Life Sciences Bldg,Natural history museum
Gunnison Pioneer Museum,803 E Tomichi Ave,Museum
Cat Museum of San Francisco,,Museum
Iris & B. Gerald Cantor Center for Visual Arts,328 Lomita Dr,Museum
Lawrence Hall of Science,1 Centennial Dr,Science museum
Western Science Center,2345 Searl Pkwy,Museum
Old Idaho Penitentiary Site,2445 Old Penitentiary Rd,History museum
Historic House Museum,,Museum
Mackay Mansion Museum,291 S D St,Museum
"MAC Fine Art Gallery - Fort Lauderdale, FL",833 NE 4th Ave,Art gallery
Golden Elk,229 Mohawk Trail,Sculpture
Vintage Synthesizer Museum,65th St,Recording studio
Zalud House,393 N Hockett St,Museum
Museum of Casa Romei,"Via Savonarola, 30",Museum
Camron-Stanford House,1418 Lakeside Dr,Museum
Museum Facsimiles Outlet Store,31 South St,Outlet store
Winchester Mystery House,525 S Winchester Blvd,Historical place
Museum Facsimiles,117 Fourth St,Manufacturer
Saint John Cantius Church,825 N Carpenter St,Catholic church
Hoosac Range Trail,North Adams,Tourist attraction
Hoyt Sherman Place,Des Moines,Museum
Florida,,
"Hoosac Tunnel, East Portal",Florida,Tourist attraction
Whitcomb Summit Retreat,Florida,2-star hotel
Hoosac Tunnel,,
Stone Hill Center,Williamstown,Art gallery
Mount Royal Inn,,Hotel
North Adams Yoga,North Adams,Yoga studio
Real Eyes Gallery,Adams,Art dealer
Hoosac Range,,Mountain range
Natural Bridge State Park,North Adams,Tourist attraction
Spring Street Free Parking,,Parking lot
The Print Shop Williamstown,Williamstown,Print shop
Trustees of Reservations,Windsor,Event management company
Thomas Schütte: Crystal,,Sculpture
Dr. Seuss National Memorial Sculpture Garden,Springfield,Tourist attraction
Martha's Vineyard Camp Meeting Association Cottage Museum,Oak Bluffs,Tourist attraction
Field Farm Reservation,Williamstown,Tourist attraction
The Haiti Plunge,Adams,Association or organization
Hoosac Range Trail,North Adams,Tourist attraction
Hoyt Sherman Place,Des Moines,Museum
Florida,,
"Hoosac Tunnel, East Portal",Florida,Tourist attraction
Whitcomb Summit Retreat,Florida,2-star hotel
Hoosac Tunnel,,
Stone Hill Center,Williamstown,Art gallery
Mount Royal Inn,,Hotel
North Adams Yoga,North Adams,Yoga studio
Real Eyes Gallery,Adams,Art dealer
Hoosac Range,,Mountain range
Natural Bridge State Park,North Adams,Tourist attraction
Spring Street Free Parking,,Parking lot
The Print Shop Williamstown,Williamstown,Print shop
Trustees of Reservations,Windsor,Event management company
