name,address,type
Hail to the Sunrise Park,Charlemont,Museum
Shunpike Rest Area,Charlemont,Museum
Ashfield Historical Society,Ashfield,Museum
Rowe Historical Society,Rowe,Museum
MASS MoCA,North Adams,Modern art museum
Shelburne Falls Trolley Museum,Shelburne Falls,Rail museum
Betts Mine,Plainfield,Museum
Buckland Public Hall,Buckland,Museum
Susan B. Anthony Birthplace Museum,Adams,Museum
William Cullen Bryant Homestead,Cummington,History museum
Berkshire Art Museum,North Adams,Art museum
Shelburne Historical Society,Shelburne Falls,Local history museum
Plain School,Ashfield,Museum
Berkshire Museum,Pittsfield,Museum
North Adams Museum of History and Science,,Museum
Memorial Hall Museum,Deerfield,Museum
Clark Art Institute,Williamstown,Art museum
Extreme Model Railroad and Contemporary Architecture Museum,,Rail museum
Historic Deerfield,Deerfield,History museum
William Cullen Bryant Estate,Cummington,Museum
Hoosac Valley Train Rides - Boarding Location,Adams,Rail museum
Philips Rogers Farm,Windsor,Museum
Williams College Museum of Art,Williamstown,Art museum
Three Sisters Sanctuary,Goshen,Museum
EMRCA,North Adams,Museum
Museum of Our Industrial Heritage,Greenfield,History museum
Crane Museum of Papermaking and Center for the Paper Arts,Dalton,Museum
North Adams Museum of History,North Adams,Museum
North Adams Historical Society,North Adams,Museum
Flynt Center of Early New England Life,Deerfield,Museum
Goshen Historical Commission,Williamsburg,Museum
Berkshire Art Museum Annex,North Adams,Art museum
Deer Hill Rod and Gun Club,Cummington,Museum
Indian House Children's Museum,Deerfield,Museum
Adams Station,Adams,Museum
Clark Museum,Williamstown,Art museum
Pocumtuck Valley Memorial Association,Deerfield,Museum
MM1,,Museum
Historical Society-Greenfield,Greenfield,Museum
Design Lab,North Adams,Museum
Kolok Gallery,North Adams,Museum
Williamstown Historical Museum,Williamstown,History museum
Berkshire County Historical Society at Arrowhead,Pittsfield,Historical place museum
Frary House,,Museum
Allen & Co LLC,North Adams,Museum
Satafford Brook Cascade,Greenfield,Museum
Herman Melville's Arrowhead,Pittsfield,Historical place museum
Mass MoCA,North Adams,Museum
Berkshire Visual Arts,North Adams,Museum
Veteran Mall,,Museum
The Chester Foundation,Chester,History museum
"Fort Massachusetts Memorial, D.A.R. 1976",North Adams,Museum
The Rock,Williamsburg,Museum
Williamsburg Grange,Williamsburg,Museum
Westhampton Blacksmith Shop Museum,Westhampton,Museum
Old Museum,,Museum
Powers Institute,Bernardston,Museum
Mill River Dam Historic Site,,Museum
Readsboro Historical Society,Readsboro,Museum
Joseph F. Girardi Memorial Canoe Access Hoosic River,North Adams,Museum
Keystone Arch Bridges,,Museum
Sunderland Caves,,Museum
Old Millers Dam,Millers Falls,Museum
Western Gateway Heritage State Park,North Adams,State park
Leverett Schoolhouse,Leverett,Museum
Alderbrook Meadows Nature Trail,Northfield,Museum
Swamp Press Type Foundry,Northfield,Museum
Magic Wings Butterfly Conservatory,South Deerfield,Museum
Keystone Arches Trailhead,Chester,Museum
Williamstown Art Conservation at The Lunder Center at Stone Hill,Williamstown,Non-profit organization
Great Falls Discovery Center,Turners Falls,State park
Smith College Museum of Art,Northampton,Art museum
Norman Rockwell Museum,Stockbridge,Art museum
The Eric Carle Museum of Picture Book Art,Amherst,Museum
Becket Land Trust & Historic,Becket,Museum
Emily Dickinson Museum,Amherst,History museum
Ventfort Hall Mansion and Gilded Age Museum,Lenox,Historical place museum
Mead Art Museum,Amherst,Art museum
Frelinghuysen Morris House & Studio,Lenox,Museum
Animagic Museum of Animation,Lee,Museum
Red Cow Et Al,Pownal,Museum
"The Mount, Edith Wharton's Home",Lenox,Historical place museum
Mount Holyoke College Art Museum,South Hadley,Art museum
Springfield Museums,Springfield,Museum
Beneski Museum of Natural History,Amherst,Museum
University Museum of Contemporary Art,Amherst,Museum
Old Sturbridge Village,Sturbridge,History museum
Hadley Farm Museum,Hadley,Museum
Berkshire Scenic Railway Museum - Lenox Station Museum,Lenox,History museum
Grafton Trail Start,Johnsonville,Museum
Chesterwood,Stockbridge,Historical place museum
Historic Northampton,Northampton,History museum
Mission House,Stockbridge,Historical place museum
Michele and Donald D’Amour Museum of Fine Arts,Springfield,Art museum
Amherst Historical Society And Museum,Amherst,Museum
Children's Museum at Holyoke,Holyoke,Children's museum
Moody Center,Northfield,Religious organization
Naumkeag,Stockbridge,Museum
Worcester Art Museum,Worcester,Art museum
Fitchburg Art Museum,Fitchburg,Art museum
Naismith Memorial Basketball Hall of Fame,Springfield,Museum
Storrowton Village Museum,West Springfield,Museum
Museums10,Amherst,Museum
Museum of Russian Icons,Clinton,Museum
Isabella Stewart Gardner Museum,Boston,Art museum
The Amazing World of Dr. Seuss Museum,Springfield,Museum
"Museum of Fine Arts, Boston",Boston,Art museum
Willard House & Clock Museum,North Grafton,Museum
Fruitlands Museum,Harvard,Art museum
Springfield Science Museum,Springfield,Science museum
EcoTarium,Worcester,Museum
Worcester Historical Museum,Worcester,Historical place museum
Museum of Science,Boston,Science museum
Whistler House Museum Of Art,Lowell,Art museum
Southern Vermont Natural History Museum,Marlboro,Natural history museum
American Heritage Museum,Hudson,Museum
deCordova Sculpture Park and Museum,Lincoln,Sculpture museum
Westford Museum,Westford,Museum
The New England Quilt Museum,Lowell,Art museum
The Harvard Museum of Natural History,Cambridge,Natural history museum
Discovery Museum,Acton,Museum
Davis Museum,Wellesley,Art museum
Danforth Art School,Framingham,Art museum
General Artemas Ward Museum,Shrewsbury,Museum
Massachusetts State Police Museum & Learning Center,South Grafton,Museum
Boston Children's Museum,Boston,Children's museum
Public Health Museum in Massachusetts,Tewksbury,History museum
Boston Tea Party Ships & Museum,Boston,Museum
Springfield Armory National Historic Site,Springfield,Museum
Fuller Craft Museum,Brockton,Art museum
MIT Museum,Cambridge,Science museum
Volleyball Hall of Fame,Holyoke,Museum
USS Constitution Museum,Charlestown,History museum
Concord Museum,Concord,Local history museum
The Rose Art Museum,Waltham,Art museum
Harvard Art Museums,Cambridge,Art museum
Peabody Essex Museum,Salem,Art museum
The Institute of Contemporary Art,Boston,Art museum
Middlesex Canal Museum and Visitor Center,North Billerica,Museum
Garrison House,Chelmsford,Museum
Discovery Museum,Acton,Museum
Davis Museum,Wellesley,Art museum
Danforth Art School,Framingham,Art museum
General Artemas Ward Museum,Shrewsbury,Museum
Massachusetts State Police Museum & Learning Center,South Grafton,Museum
Boston Children's Museum,Boston,Children's museum
Public Health Museum in Massachusetts,Tewksbury,History museum
Boston Tea Party Ships & Museum,Boston,Museum
Springfield Armory National Historic Site,Springfield,Museum
Fuller Craft Museum,Brockton,Art museum
MIT Museum,Cambridge,Science museum
Volleyball Hall of Fame,Holyoke,Museum
USS Constitution Museum,Charlestown,History museum
Concord Museum,Concord,Local history museum
The Rose Art Museum,Waltham,Art museum
Harvard Art Museums,Cambridge,Art museum
Peabody Essex Museum,Salem,Art museum
The Institute of Contemporary Art,Boston,Art museum
Middlesex Canal Museum and Visitor Center,North Billerica,Museum
Garrison House,Chelmsford,Museum
Museum of Printing,Haverhill,Museum
Attleboro Area Industrial Museum,Attleboro,Museum
Old Colony History Museum,Taunton,Local history museum
Wenham Museum,Wenham,Museum
Gore Place,Waltham,Museum
The Sports Museum,Boston,Museum
Louisa May Alcott's Orchard House,Concord,Historical place museum
Busch-Reisinger Museum,Cambridge,Art museum
Bartlett Museum,Amesbury,Museum
Children's Museum In Easton,North Easton,Children's museum
Buttonwoods Museum,Haverhill,Museum
Cape Ann Museum,Gloucester,Museum
Hammond Castle Museum,Gloucester,Museum
Salem Witch Museum,Salem,Museum
Longfellow House-Washington's Headquarters National Historic Site,Cambridge,Historical place museum
Plimoth Plantation,Plymouth,History museum
Wilmington Town Museum,Wilmington,Museum
"Paul S. Russell, MD Museum of Medical History and Innovation at Massachusetts General Hospital",Boston,Museum
Armenian Museum of America,Watertown,Museum
Isabella Stewart Gardner Museum,Boston,Museum
Massachusetts Archives & Commonwealth Museum,Boston,Museum
New Bedford Whaling Museum,New Bedford,Museum
The Old Manse,Concord,Museum
The Essex Historical Society and Shipbuilding Museum,Essex,Museum
George Peabody House Museums,Peabody,Museum
Old South Meeting House,Boston,Museum
Massachusetts Golf Museum,Norton,Museum
Buckman Tavern,Lexington,Historical place museum
Museum of African American History,Boston,History museum
Custom House Maritime Museum,Newburyport,Museum
MIT List Visual Arts Center,Cambridge,Museum
Coffin House,Newbury,Historical place museum
Spencer-Peirce-Little Farm,Newbury,Historical place museum
"Grand Army of the Republic Hall and Museum of Lynn, MA",Lynn,Army museum
Rocky Hill Meeting House,Amesbury,Historical place museum
Heritage Museums & Gardens,Sandwich,Heritage museum
Edmund Fowle House,Watertown,Local history museum
Marblehead Museum,Marblehead,Local history museum
USS Massachusetts BB-59,Fall River,War museum
Munroe Tavern,Lexington,History museum
Holyoke Heritage State Park,Holyoke,State park
Pilgrim Hall Museum,Plymouth,Museum
Cahoon Museum of American Art,Cotuit,Art museum
John Greenleaf Whittier Home and Museum,Amesbury,Museum
Witch History Museum,Salem,Museum
Amherst College,,Museum
Maritime and Irish Mossing Museum,Scituate,Museum
Sandwich Glass Museum,Sandwich,Museum
The Jenney,Plymouth,Education center
The Old Ordinary of The Hingham Historical Society,Hingham,Museum
New England Pirate Museum,Salem,Museum
Witch Dungeon Museum,Salem,Museum
Salem Wax Museum,Salem,Wax museum
Provincetown Art Association and Museum (PAAM),Provincetown,Art museum
Cogswell's Grant,Essex,History museum
Sargent House Museum,Gloucester,Local history museum
New Bedford Art Museum,New Bedford,Art museum
Dole-Little House,Newbury,History museum
Robbins Museum of Archaeology,Middleborough,Museum
Parker Tavern,Reading,Museum
The Jeremiah Lee Mansion,Marblehead,History museum
The Old House at Peace field - Adams National Historical Park,Quincy,Historical place museum
Rotch-Jones-Duff House,New Bedford,Museum
Swett-Ilsley House,Newbury,Historical place museum
Children's Museum of Greater Fall River,Fall River,Children's museum
Salem Pioneer Village,Salem,Historical place museum
Addison Gallery of American Art,Andover,Museum
Edward Gorey House,Yarmouth Port,Museum
John Cabot House and Visitor Center,Beverly,History museum
Art Complex Museum,Duxbury,Museum
Sandy Bay Historical Society,Rockport,Museum
John F. Kennedy Hyannis Museum,Hyannis,Museum
The Plimoth Grist Mill,Plymouth,History museum
Cape Cod Museum of Art,Dennis,Art museum
Falmouth Museums On The Green,Falmouth,Museum
New Bedford Fire Museum,New Bedford,Museum
Stevens-Coolidge Place,North Andover,Museum
MassArt Art Museum,Boston,Art museum
John Whipple House,Ipswich,Museum
Atwood Museum,Chatham,Museum
Aptucxet Trading Post Museum,Bourne,Museum
Centerville Historical Museum,Centerville,History museum
Whaling Museum,Nantucket,Museum
Mayflower Society House,Plymouth,Museum
Cape Cod Maritime Museum,Hyannis,Museum
Cape Cod Children's Museum,Mashpee,Children's museum
Fort Rodman,New Bedford,Museum
Mashpee Wampanoag Indian Msm,Mashpee,Museum
Whydah Pirate Museum,West Yarmouth,Science museum
Cape Cod Museum Of Natural History,Brewster,Museum
Battleship Cove,Fall River,Museum
Egan Maritime's Nantucket Shipwreck & Lifesaving Museum,Nantucket,History museum
Marion Natural History Museum,Marion,Museum
Woods Hole Historical Museum,Woods Hole,Museum
The Metropolitan Museum of Art,New York,Art museum
Truro Historical Society-Highland House Museum,Truro,Museum
Provincetown Museum,Provincetown,Historical place museum
Chatham Railroad Museum,Chatham,Rail museum
Hull Life Saving Museum,Hull,Local history museum
French Cable Station Museum,Orleans,Museum
Aptucxet Trading Post Museum,Bourne,Museum
Massachusetts Air & Space Museum,Hyannis,Museum
Boston Athenæum,Boston,Museum
Jason Russell House,Arlington,Historical landmark
"Stonehurst, the Robert Treat Paine Estate",Waltham,Museum
Pilgrim Monument,Provincetown,Museum
Lynn Heritage State Park,Lynn,State park
Springfield Museum of Art,Springfield,Art museum
Smithsonian Institution Offices,Washington,Research institute
Computer History Museum,Mountain View,History museum
Asian Art Museum,San Francisco,Art museum
The American Bookbinders Museum,San Francisco,Museum
Iris & B. Gerald Cantor Center for Visual Arts,Stanford,Museum
Museum Facsimiles Outlet Store,Pittsfield,Outlet store
Museum Facsimiles,Pittsfield,Manufacturer
Kenneth Dubuque Memorial State Forest,Hawley,Tourist attraction
Hawley Bog,,Scenic spot
Hoosac Range Trail,North Adams,Tourist attraction
Calvin Coolidge Presidential Library & Museum,Northampton,Tourist attraction
Keystone Arch Bridges Trail,,Bridge
Williamstown Hist. Museum,,Bus station
Headwater Cider,Hawley,Cider mill
Thunderbolt Mountain Coaster,Charlemont,Tourist attraction
Stone Hill Center,Williamstown,Art gallery
Town Office,Hawley,City government office
Thunder Mountain Bike Park,Charlemont,Tourist attraction
Golden Elk,Florida,Sculpture
Belding Memorial Library,Ashfield,Public library
Rock Fossil & Dinosaur Shop,South Deerfield,Rock shop
Trustees of Reservations,Windsor,Event management company
Williamstown,,
Yankee Candle,South Deerfield,Candle store
Shelburne Falls Memorial Hall,Shelburne Falls,Event venue
Jewish Historical Society of Western Massachusetts,South Deerfield,Historical society
Deerfield,,
Real Eyes Gallery,Adams,Art dealer
Mass Audubon's West Mountain Wildlife Sanctuary,Plainfield,Tourist attraction
Stone Hill,,Mountain peak
"Wanda Mooney, Coldwell Banker Upton-Massamont REALTORS",Shelburne Falls,Real estate agents
Bridge of Flowers,Shelburne Falls,Tourist attraction
North Adams Yoga,North Adams,Yoga studio
Christo's Famous Pizza,North Adams,Pizza
Tyler Memorial Library,Charlemont,Public library
Small Corporation,Greenfield,Manufacturer
Tony's Sombrero,Williamstown,Mexican
"Hoosac Tunnel, East Portal",Florida,Tourist attraction
1Berkshire,Pittsfield,Economic development agency
Historic Route 20,Chester,Visitor center
The Print Shop Williamstown,Williamstown,Print shop
Thomas Schütte: Crystal,,Sculpture
Deerfield Community Center,Deerfield,Community center
Mass Audubon's High Ledges Wildlife Sanctuary,,Tourist attraction
Mass Audubon's Conway Hills Wildlife Sanctuary,Conway,Tourist attraction
Mass Audubon's Road's End Wildlife Sanctuary,Worthington,Tourist attraction
The Haiti Plunge,Adams,Association or organization
Harmonic Bridge,North Adams,Tourist attraction
empty set projects,Pittsfield,Photographer
Mount Greylock State Reservation,Lanesborough,Tourist attraction
Field Farm Reservation,Williamstown,Tourist attraction
Martha's Vineyard Camp Meeting Association Cottage Museum,Oak Bluffs,Tourist attraction
Bisbee Mill,,
MASS MoCA,,Art center
Chainsaw Strategies,Charlemont,Manufacturer
New England Museum Association,Arlington,Non-profit organization
Field Family Sugar House,Leverett,Farm
Deerfield Inn,Deerfield,3-star hotel
Commonwealth Museum,Boston,
Faneuil Hall Marketplace,Boston,Tourist attraction
Schantz Galleries Contemporary Glass,Stockbridge,Art center
Williams College,Williamstown,College
