name,address,type
Men's Wearhouse,1640 Saratoga Ave,Men's clothing store
Men's Wearhouse,3121 Stevens Creek Blvd,Men's clothing store
Men's Wearhouse,804 W El Camino Real,Men's clothing store
DXL Big + Tall,319 S Winchester Blvd,Men's clothing store
Zumiez,2855 Stevens Creek Blvd #2485,Clothing store
Men's Wearhouse,5353 Almaden Expy Suite 39,Men's clothing store
Plato's Closet,5440 Thornwood Dr H,Used clothing store
Zumiez,572 Great Mall Dr,Clothing store
Zumiez,925 Blossom Hill Rd,Clothing store
Calvin Klein,"Great Mall, 540 Great Mall Dr",Clothing store
Casual Male XL,882 Blossom Hill Rd,Men's clothing store
Zumiez,2200 Eastridge Mall Suite 245,Clothing store
The Salvation Army Family Store & Donation Center,1522 S Winchester Blvd,Thrift store
Once Upon A Child Newark,39644 Cedar Blvd,Children's clothing store
David’s Bridal,3111 Stevens Creek Blvd,Bridal shop
Zumiez,2086 Newpark Mall Rd,Clothing store
Plato's Closet San Mateo,41 E 3rd Ave,Used clothing store
The Salvation Army Family Store & Donation Center,702 W Taylor St,Thrift store
Lids,2855 Stevens Creek Blvd Ste 2541,Hat shop
Plato's Closet,4555 Hopyard Rd,Used clothing store
Plato's Closet Pacifica,110 Eureka Dr,Used clothing store
Calvin Klein Outlet,2740 Livermore Outlets Dr Suite #726,Clothing store
Calvin Klein,2650 Livermore Outlets Dr,Clothing store
Savers,4950 Almaden Expy #20,Thrift store
Calvin Klein Outlet,3020 Livermore Outlets Dr,Clothing store
Lids,"925 Blossom Hill Rd, Sp Z4",Hat shop
Lids,447 Great Mall Dr Sp438,Hat shop
Lids,2200 Eastridge Loop #2089,Hat shop
Savers,875 Main St,Thrift store
Savers,7117 Regional St,Thrift store
Footaction,368 Southland Mall,Clothing store
Macy's Locker Room by Lids,3051 Stevens Creek Blvd,Sporting goods store
Windham Movement Apparel,,Clothing store
Maurices,233 Mohawk Trail,Women's clothing store
getsuited,,Men's clothing store
Lakin's Inc,68 Parker St,Clothing store
EILEEN FISHER,24 Pleasant St,Clothing store
T.J. Maxx,454 Russell St,Clothing store
Port,202 Main St,Clothing store
Jackson & Connor,150 Main St,Men's clothing store
Cathy Cross,151 Main St,Women's clothing store
Deals & Steals Clothing & Shoes,1 Pearl St,Clothing store
Velvet Goose,24 Main St,Clothing store
Marshalls,1125 Templeton Rd,Clothing store
Men's Wearhouse,344 Russell St Suite 19,Men's clothing store
Richie Richardson FAB,67 2nd St,Clothing store
Urban Outfitters,109 Main St,Clothing store
Maurices,129 Tower Rd,Women's clothing store
Community Clothing Center,W Main St,Clothing store
Urban Exchange,233 Main St,Women's clothing store
Fran's Boutique,253 E Main St,Clothing store
Luna's Trendz,,Women's clothing store
Hat Stuff,,Clothing store
Herlihy's,76 Maple St,Women's clothing store
25 Central,"Thornes Marketplace, 150 Main St",Women's clothing store
JCPenney,367 Russell St Ste A,Clothing store
Gymboree,10123 N Wolfe Rd,Children's clothing store
Avenue,575 E El Camino Real,Women's clothing store
dressbarn,1650 S Bascom Ave,Women's clothing store
dressbarn,"5353 Almaden Expressway, Almaden Plaza Way",Women's clothing store
Retro Genie Vintage,11 Bridge St,Vintage clothing store
Old Navy,339 Russell St,Clothing store
Buckingham Rabbits Vintage,102 Avenue A,Vintage clothing store
Marshalls,325 Russell St,Clothing store
Plato's Closet,399 Bald Hill Rd,Women's clothing store
Mass Commonwealth-Western,106 Main St,Western apparel store
Target,367 Russell St,Clothing store
Moldavite Dreams,176 Main St,Clothing store
Tangerine Boutique,,Clothing store
Outpost,1385 Mohawk Trail,Clothing store
Kia Klips,45 Petty Plain Rd,Children's clothing store
AMBTN APPAREL,,Clothing store
Mommy And ME,475 Main St,Clothing store
Kidstuff,90 Maple St,Used clothing store
Thrifting New England,,Vintage clothing store
Leather & Lace,,Vintage clothing store
Silk Mill Associates,267 Locust St,Clothing store
Macy's,"Mall, 400 Bald Hill Rd Ste 400",Department store
Stone Design,123 Sandrah Dr,Clothing store
Linda's Special Treasures,,Western apparel store
Thai Indigo Village,Northampton,Women's clothing store
"Once Upon A Child Warwick, RI",Warwick,Children's clothing store
Nordstrom Rack Warwick Mall,Warwick,Clothing store
Express,Warwick,Clothing store
Norma's Notions,Hadley,Clothing store
L.L.Bean,Hadley,Clothing store
JCPenney,Warwick,Clothing store
Fashion Candy,Barre,Clothing store
Born Again Vintage and Consignment,Northampton,Vintage clothing store
Little Blue,Northampton,Children's clothing store
Patterns a la Mode,,Clothing store
Men's Wearhouse and Tux,Warwick,Men's clothing store
H&M,Warwick,Clothing store
Pinxitytai,Barre,Clothing store
Lane Bryant,Warwick,Plus size clothing store
Boomerang,Brattleboro,Clothing store
Work 'N Gear,Warwick,Work clothes store
Old Navy,Warwick,Clothing store
Label Shopper,Brattleboro,Clothing store
DXL Big + Tall,Warwick,Men's clothing store
Men's Wearhouse,Warwick,Men's clothing store
Miranda's On Main,Northampton,Women's clothing store
Every Rebel,Sunderland,Clothing store
Torrid,Warwick,Plus size clothing store
Justice,Warwick,Children's clothing store
Bob's Stores Footwear & Apparel,Cranston,Clothing store
Wish,Acton,Women's clothing store
Target,Warwick,Clothing store
Target,Warwick,Clothing store
Brooks Brothers,Warwick,Clothing store
Plumpapparel,Fitzwilliam,Clothing store
Peebles,Brattleboro,Clothing store
JCPenney,Sturbridge,Clothing store
Maurices,Keene,Women's clothing store
JCPenney,Keene,Clothing store
Theory Wrentham Outlet,Wrentham,Clothing store
T.J. Maxx,Keene,Clothing store
Old Navy,Leominster,Clothing store
Mr. NovelTee - Online Store,,Clothing store
Catherines,Burlington,Plus size clothing store
UNIQLO Chestnut Hill,Chestnut Hill,Clothing store
Patagonia,Boston,Clothing store
Express,North Dartmouth,Clothing store
Old Navy,North Attleborough,Clothing store
Macy's,Holyoke,Department store
Little Boutique,Keene,Children's clothing store
ENJOY.,Shelburne Falls,Clothing store
Macy's,Boston,Department store
Country Bridals and Formal Wear,Jaffrey,Bridal shop
Miller Brothers-Newton,Keene,Men's clothing store
Macy's,Dartmouth,Department store
Willow Tree Boutique,Keene,Clothing store
Old Navy,Boston,Clothing store
Synergy,Northampton,Outerwear store
"Surell Accessories, Inc.",Troy,Women's clothing store
Love It Twice,Brattleboro,Used clothing store
Carhartt,Dedham,Work clothes store
Gap,Wellesley,Clothing store
Express,North Attleborough,Clothing store
UNIQLO Newbury,Boston,Clothing store
Linda's Closet,Keene,Clothing store
Outlet Store,Greenfield,Outlet store
Country Woolens,Westport,Clothing store
Carter's,Brattleboro,Children's clothing store
Clay's,Keene,Women's clothing store
Target,Keene,Clothing store
Miranda's On Main,Keene,Women's clothing store
Peter Millar,Boston,Men's clothing store
DXL Big + Tall,Dedham,Men's clothing store
Windsor,Warwick,Women's clothing store
Gap,Burlington,Clothing store
Mass Vintage,Amherst,Vintage clothing store
Aliber's Bridal,Greenfield,Bridal shop
Moe Momentum Clothing,Keene,Women's clothing store
JCPenney,Leominster,Clothing store
Macy's,North Attleborough,Department store
Thrifty Bear,Jaffrey,Clothing store
UMass Store,Amherst,Sportswear store
UNIQLO,Natick,Clothing store
Old Navy,Framingham,Clothing store
Gazebo,Northampton,Lingerie store
Nordstrom Rack Newbury,Boston,Clothing store
Marshalls,Attleboro,Clothing store
Shop Therapy,Northampton,Clothing store
Northeast Mountain Footwear,North Swanzey,Clothing store
Nordstrom Rack The Shoppes at Blackstone Valley,Millbury,Clothing store
JCPenney,Wareham,Clothing store
Hospice Shop of the Fisher Home,Amherst,Thrift store
Hinsdale hole,Hinsdale,Clothing store
Justice,Plymouth,Children's clothing store
Big Girls Playcloset,,Lingerie store
Adam & Eve Stores,Greenfield,Lingerie store
Justice,Springfield,Children's clothing store
Justice,Burlington,Children's clothing store
JCPenney,North Attleborough,Clothing store
Eastern Mountain Sports,Hadley,Clothing store
Old Navy,Fall River,Clothing store
BabyQuip Brattleboro,,Baby store
JCPenney,North Dartmouth,Clothing store
JCPenney,Peabody,Clothing store
M+H Bridal Design,Gardner,Bridal shop
Casual Male XL,Hanover,Men's clothing store
Gould's Clothing,Acton,Tuxedo shop
Marathon Sports,Northampton,Running store
Old Navy,Saugus,Clothing store
Anne's Bridal & Tux,Gardner,Bridal shop
My Favorite Things,Orange,Boutique
Nordstrom Rack Marketplace at Braintree,Braintree,Clothing store
Nordstrom Rack University Station,Westwood,Clothing store
Mountain Farms,Hadley,Shopping mall
Ocean State Job Lot,Athol,Clothing store
JCPenney,Marlborough,Clothing store
EILEEN FISHER,Wellesley,Clothing store
The Vintage Cellar,Northampton,Antique store
Lane Bryant,Plymouth,Plus size clothing store
Family Dollar,Athol,Clothing store
Zara,Natick,Clothing store
PINCH,Northampton,Home goods store
Family Dollar,Gardner,Clothing store
Sew Much Embroidery,Hubbardston,Embroidery shop
DICK'S Sporting Goods,Hadley,Clothing store
New Life Refinishing,South Deerfield,Costume store
Justice,Wrentham,Children's clothing store
Express,Foxborough,Clothing store
Family Dollar,Winchendon,Clothing store
Umass Alumni Store,Amherst,Book store
Family Dollar,Winchester,Clothing store
Ocean State Job Lot,Gardner,Clothing store
Justice,Dartmouth,Children's clothing store
Family Dollar,Turners Falls,Clothing store
Savers,Warwick,Thrift store
Silver Screen Design,Greenfield,Screen printer
Justice,Millbury,Children's clothing store
Terrapin Traders,Gardner,Boutique
Nina's Nook,Turners Falls,Art gallery
Changing Habits Diaper Service,,Diaper service
The Paper Store,Hadley,Clothing store
Walmart Supercenter,Orange,Department store
Screen Print Brattleboro,,Screen printer
DICK'S Sporting Goods,Brockton,Clothing store
Blue Highways Trading Company,,Boutique
One Way Screen Printing,Hadley,Screen printer
L.L.Bean,Cranston,Clothing store
Walgreens,Gardner,Drug store
Disney Store,Wrentham,Clothing store
Casual Male XL,North Dartmouth,Men's clothing store
The Scrub Shack,Athol,Uniform store
SEPHORA inside JCPenney,Hadley,Cosmetics store
Walgreens,Greenfield,Drug store
Honey & Wine,Northampton,Boutique
Great Rock Alpacas,Barre,Clothing store
Bath & Body Works,Hadley,Beauty supply store
Pier 1,Hadley,Home goods store
Justice,North Attleborough,Children's clothing store
Firecrow Handwovens,Gill,Art handcraft
Walgreens,Northampton,Drug store
Howard's Leather Store Inc.,Spofford,Leather goods store
Brattleboro Outlet Center,Brattleboro,Clothing store
Walgreens,Winchendon,Drug store
Patagonia,Cambridge,Clothing store
Blue Highways Trading Company,,Boutique
Urban Exchange,Keene,Consignment shop
Footaction,Warwick,Clothing store
Sam's Outdoor Outfitters,Brattleboro,Clothing store
Altiplano,Brattleboro,Boutique
Clover & Country,,Boutique
Zara,Providence,Clothing store
Burning Heart Hot Yoga Pilates & Indoor Cycling,Hadley,Clothing store
Great Falls Gift Mart,Turners Falls,Boutique
Brilliance,Brattleboro,Gift shop
malisun,Brattleboro,Boutique
Whippersnappers,Brattleboro,Baby store
Bridal and Prom Discount Warehouse,Fall River,Bridal shop
DICK'S Sporting Goods,Keene,Clothing store
Ted's Shoe & Sport,Keene,Shoe store
Children's Orchard Seekonk,Seekonk,Clothing store
Green Mountain Diapers,Brattleboro,Baby store
DICK'S Sporting Goods,Warwick,Clothing store
Mountain Corporation,Marlborough,T-shirt store
Vybrant,Keene,Adult entertainment store
David’s Bridal,Warwick,Bridal shop
Urban Exchange,Keene,Consignment shop
Footaction,Warwick,Clothing store
Sam's Outdoor Outfitters,Brattleboro,Clothing store
Altiplano,Brattleboro,Boutique
Clover & Country,,Boutique
Zara,Providence,Clothing store
Burning Heart Hot Yoga Pilates & Indoor Cycling,Hadley,Clothing store
Great Falls Gift Mart,Turners Falls,Boutique
Brilliance,Brattleboro,Gift shop
malisun,Brattleboro,Boutique
Walmart Supercenter,Hinsdale,Department store
White In Flight,Swanzey,Wedding planner
Savers,Hanover,Thrift store
Fire Department Clothing,West Hempstead,Uniform store
Alexandra's Boutique,Fall River,Bridal shop
Walgreens,Keene,Drug store
Savers,Saugus,Thrift store
Willow Brook LLC,Westmoreland,Gift shop
Mansfield Crossing,Mansfield,Shopping mall
Forever 21,Providence,Clothing store
Walmart,Warwick,Discount store
Phantom Fireworks of Hinsdale,Hinsdale,Fireworks store
The Void,Brattleboro,Clothing store
Savers,Fall River,Thrift store
Party City,Warwick,Party store
Pandora Jewelry,Warwick,Jewelry store
Savers,North Attleborough,Thrift store
Savers,Danvers,Thrift store
Savers,New Bedford,Thrift store
Buffalo Bills Western Store,Warwick,Clothing store
Walmart Supercenter,Hinsdale,Department store
White In Flight,Swanzey,Wedding planner
Savers,Hanover,Thrift store
Fire Department Clothing,West Hempstead,Uniform store
Alexandra's Boutique,Fall River,Bridal shop
Walgreens,Keene,Drug store
Savers,Saugus,Thrift store
Willow Brook LLC,Westmoreland,Gift shop
Mansfield Crossing,Mansfield,Shopping mall
Massachusetts Maritime Academy Store,Buzzards Bay,Book store
The Shoppes at Blackstone Valley,Millbury,Shopping mall
Savers,Norwood,Thrift store
The Paper Store,Warwick,Clothing store
Goose Exquisite Thrift,Greenfield,Thrift store
Taylor For Flowers,Brattleboro,Florist
East Bay Scout Shop,Swansea,Uniform store
Donnelly's of Rhode Island,Cranston,Uniform store
Sam's Outdoor Outfitters,Hadley,Sporting goods store
Olympia Sports,Greenfield,Sporting goods store
Golf Galaxy,Warwick,Clothing store
Salvation Army Thrift Store,Gardner,Thrift store
"The Salvation Army Thrift Store Turner Falls, MA",Turners Falls,Thrift store
"Jordan's Furniture Warwick, RI",Warwick,Mattress store
Airgas Store,Swanzey,Welding supply store
LaBrie Dance,Smithfield,Dance store
Tally's,Cranston,Religious goods store
Warwick Mall,Warwick,Shopping mall
Lee Premium Outlets,Lee,Outlet mall
Wrentham Village Premium Outlets,Wrentham,Outlet mall
Natick Mall,Natick,Shopping mall
Dartmouth Mall,Dartmouth,Shopping mall
Holyoke Mall,Holyoke,Shopping mall
The Shops at Chestnut Hill,Chestnut Hill,Shopping mall
Emerald Square,North Attleborough,Shopping mall
Eastfield Mall,Springfield,Shopping mall
Salvation Army,Greenfield,Charity
Salvation Army,Athol,Non-profit organization
The Salvation Army Family Store & Donation Center,Turners Falls,Rehabilitation center
American Red Cross,Greenfield,Social services organization
Cox Store,Warwick,Cable company
