name,address,type
Marshalls & HomeGoods,Westford,Clothing store
Olympia Sports,Westford,Sporting goods store
Walgreens,Westford,Drug store
The Paper Store,Westford,Clothing store
Options Consignment Boutique,Littleton,Women's clothing store
The Underdog Brand,,Clothing store
Godwin Dalima,,Clothing store
Shaper Corset,Tyngsborough,Vintage clothing store
Dressing Rooms,Westford,Dress store
Halloween Shoppe,Westford,Costume store
PUMA Corporate Office,Westford,Corporate office
Suits are Forever,Acton,Men's clothing store
T.J. Maxx,Chelmsford,Clothing store
TOHERAN FASHION,,Women's clothing store
LOFT,Acton,Women's clothing store
Target,Lowell,Clothing store
Gould's Clothing,Acton,Tuxedo shop
The Paper Store,Littleton,Clothing store
No Boys Allowed,Chelmsford,Women's clothing store
T.J. Maxx & HomeGoods,Acton,Clothing store
J.Jill,Acton,Women's clothing store
Simplicity New & Resale Botique,Chelmsford,Clothing store
Hooligan Line,,Clothing store
Cloak & Dagger Creations,Littleton,Custom tailor
Jos. A. Bank,Acton,Men's clothing store
Black Box Boutique,Chelmsford,Clothing store
Talbots,Acton,Women's clothing store
Chico's,Acton,Clothing store
Wish,Acton,Women's clothing store
Rainbow Shops,Lowell,Women's clothing store
KAG Aesthetics,,Clothing store
Carter's,Chelmsford,Children's clothing store
Aurea Vestes,,Clothing store
Marshalls,Lowell,Clothing store
Boston Glam Boutique,Lowell,Clothing store
Denim Skirt Store,Lowell,Women's clothing store
Best in Custom Men's Clothing & Style,,Men's clothing store
Drica Fashion Boutique,Lowell,Women's clothing store
MillCity Clothing Co,Lowell,Clothing store
Buttons & Bows,Acton,Consignment shop
Rainbow Shops,Lowell,Women's clothing store
JOANN Fabrics and Crafts,Westford,Fabric store
The Children's Place,Lowell,Children's clothing store
Dots,Lowell,Clothing store
Chantilly Place,North Chelmsford,Bridal shop
EbLens,Lowell,Clothing store
Nativo & Co.,,Men's clothing store
M.J. Clothing,Lowell,Clothing store
Humanity Boutique,Lowell,Clothing store
Grasshopper Shop,Concord,Clothing store
Sara Campbell,Concord,Women's clothing store
CSA Graphics,Westford,Screen printer
J.McLaughlin,Concord,Clothing store
Xfinity Store by Comcast,Westford,Internet service provider
French Lessons,Concord,Women's clothing store
"Raya Gildor - Independent Personal Stylist J. Hilburn Custom Menswear, Boston",,Men's clothing store
Juju,Concord,Clothing store
Gentlemen's District,Lowell,Men's clothing store
My Kids OTHER Closet,Acton,Used clothing store
My Best Life Apparel,,Clothing store
Irresistibles,Concord,Clothing store
Stephen Bedard Associates,Lowell,Clothing store
Choonri Collection,Boxborough,Clothing store
Fritz & Gigi,Concord,Children's clothing store
MSC DISTRIBUTORS,Lowell,Men's clothing store
Burlington,Billerica,Clothing store
Bob's Stores Footwear & Apparel,Billerica,Clothing store
Macy's,Nashua,Department store
Raspberry Beret,Maynard,Women's clothing store
Westford Smoke Shop,Westford,Tobacco shop
A & P Spinners Market,Westford,Liquor store
Petco - Curbside Pick-Up Now Available!,Westford,Pet supply store
Swim Wear in Motion Inc,Dracut,Swimwear store
American Eagle Store,Nashua,Clothing store
Military Clothing Store,Devens,Clothing store
Express,Nashua,Clothing store
HXNT,,Clothing store
Jo Karen Fine Lingerie & Activewear,Acton,Lingerie store
Official Frencha,,Clothing store
CJS-Creations,,Clothing store
M&C Clothing and Gifts,Amherst,Consignment shop
3rd Ave Burlington,Burlington,Shopping mall
Irresistibles,Concord,Clothing store
Stephen Bedard Associates,Lowell,Clothing store
Choonri Collection,Boxborough,Clothing store
Fritz & Gigi,Concord,Children's clothing store
MSC DISTRIBUTORS,Lowell,Men's clothing store
Burlington,Billerica,Clothing store
Bob's Stores Footwear & Apparel,Billerica,Clothing store
Macy's,Nashua,Department store
Raspberry Beret,Maynard,Women's clothing store
Westford Smoke Shop,Westford,Tobacco shop
A & P Spinners Market,Westford,Liquor store
Petco - Curbside Pick-Up Now Available!,Westford,Pet supply store
Dollar Tree,Westford,Dollar store
JCPenney,Nashua,Clothing store
T.J. Maxx,Bedford,Clothing store
GameStop,Westford,Video game store
Charlotte Russe,Nashua,Clothing store
Aéropostale,Nashua,Clothing store
Fort Devens Uniform Store,Devens,Clothing store
Banana Republic,Nashua,Clothing store
The UPS Store,Westford,Shipping and mailing service
Hot Topic,Nashua,Clothing store
Zumiez,Nashua,Clothing store
Star Fashion,Lowell,Clothing store
Whole Foods Market,Westford,Grocery store
Justice,Nashua,Children's clothing store
Westford Ace Hardware,Westford,Hardware store
Noreast Custom Apparel,Lowell,Screen printer
Getfly Clothing,Lowell,Clothing store
Kimball Farm Westford,Westford,Ice Cream
FatFace,Concord,Clothing store
Work 'N Gear,Nashua,Work clothes store
Old Navy,Nashua,Clothing store
DXL Big + Tall,Nashua,Men's clothing store
Lynch Paint Center,Westford,Paint store
Lavara Couture,,Dressmaker
Duluth Trading Company,Burlington,Clothing store
Express,Burlington,Clothing store
CVS,Westford,Drug store
T.J. Maxx,Sudbury,Clothing store
The UPS Store,Westford,Shipping and mailing service
Hot Topic,Nashua,Clothing store
Zumiez,Nashua,Clothing store
Star Fashion,Lowell,Clothing store
Whole Foods Market,Westford,Grocery store
Justice,Nashua,Children's clothing store
Westford Ace Hardware,Westford,Hardware store
Noreast Custom Apparel,Lowell,Screen printer
Getfly Clothing,Lowell,Clothing store
Kimball Farm Westford,Westford,Ice Cream
FatFace,Concord,Clothing store
Work 'N Gear,Nashua,Work clothes store
Old Navy,Nashua,Clothing store
DXL Big + Tall,Nashua,Men's clothing store
Lynch Paint Center,Westford,Paint store
Lavara Couture,,Dressmaker
Duluth Trading Company,Burlington,Clothing store
Express,Burlington,Clothing store
CVS,Westford,Drug store
T.J. Maxx,Sudbury,Clothing store
M&C Clothing and Gifts,135 NH-101A,Consignment shop
3rd Ave Burlington,3rd Ave,Shopping mall
Jos. A. Bank,68 Burlington Mall Road,Men's clothing store
My Gray Wolf T-Shirts & More,205 Pratt Ave,T-shirt store
New York & Company,"Pheasant Lane Mall, 310 Daniel Webster Hwy Suite 232",Women's clothing store
Market Basket,6A Cornerstone Square,Grocery store
Primark,75 Middlesex Turnpike,Clothing store
Kohl's Chelmsford,265 Chelmsford St,Department store
Lands' End,75 Middlesex Turnpike Suite 1002,Clothing store
Windsor,310 Daniel Webster Hwy #121A,Women's clothing store
Ann Taylor,75 Middlesex Turnpike,Women's clothing store
Catherines,112 Burlington Mall Road,Plus size clothing store
Men's Wearhouse,60 South Ave,Men's clothing store
Gap,75 Middlesex Turnpike G24,Clothing store
Anthropologie,"Mall, 75 Middlesex Turnpike",Women's clothing store
Macy's,"Mall, 75 Burlington Mall Road Ste 128",Department store
Old Navy,43 Middlesex Turnpike,Clothing store
Nordstrom Burlington,75 Middlesex Turnpike,Clothing store
Target,210 Ballardvale St,Clothing store
Banana Republic,75 Middlesex Turnpike #2052,Clothing store
Chico's,75 Middlesex Turnpike,Clothing store
BCBGMAXAZRIA at Lord & Taylor,1320 Burlington Mall,Clothing store
L.L.Bean,Burlington,Clothing store
Lane Bryant,Burlington,Plus size clothing store
Justice,Burlington,Children's clothing store
American Eagle Store,Burlington,Clothing store
Bob's Stores Footwear & Apparel,Fitchburg,Clothing store
LOFT,Burlington,Women's clothing store
JCPenney,Leominster,Clothing store
Party City,Chelmsford,Party store
Aubuchon Hardware,Littleton,Hardware store
Eddie Bauer,Burlington,Clothing store
Under Armour Brand House,Burlington,Clothing store
Marshalls,Burlington,Clothing store
Lane Bryant,Hudson,Plus size clothing store
Maurices,Hudson,Women's clothing store
Macy's - Final Clearance Sale -,Leominster,Department store
JHilburn Northeast,,Men's clothing store
Uni-T,Lowell,Gift shop
Halloween City,Lowell,Costume store
Coldwater Creek,Burlington,Women's clothing store
CPR Cell Phone Repair Westford,Westford,Electronics repair shop
Edible Arrangements,Westford,Gift shop
Dr. Mulch Garden Center,Westford,Mulch supplier
Carter's,Burlington,Children's clothing store
OshKosh B'gosh,Burlington,Children's clothing store
Walgreens,Lowell,Drug store
Hot Topic,Leominster,Clothing store
Justice,,Children's clothing store
Shop Street,Lawrence,Clothing store
Chico's,North Andover,Clothing store
White House Black Market,Burlington,Clothing store
Concord Cabinetry,Westford,Cabinet store
Eddie Bauer,Hudson,Clothing store
Cultural Shock,Lowell,Boutique
Burlington,Nashua,Clothing store
Men's Wearhouse,Leominster,Men's clothing store
Macy's,Marlborough,Department store
Indigo of Groton,Groton,Boutique
River Hawk Shop,Lowell,Clothing store
H&M,Marlborough,Clothing store
Cintas Uniform Services,Chelmsford,Uniform store
M&C Clothing and Gifts,Amherst,Consignment shop
Bob's Stores Footwear & Apparel,Salem,Clothing store
Walgreens Pharmacy,Westford,Pharmacy
Target,Marlborough,Clothing store
Maurices,Leominster,Women's clothing store
Colonial Stores Inc,Concord,Cosmetics store
Amara Boutique & Services,Lowell,Boutique
Nashoba Valley Ski Area,Westford,Ski resort
Reflections Women's Consignment,Concord,Consignment shop
Pop Culture Place,Lowell,Artist
L.L.Bean,Nashua,Clothing store
Walgreens,Lowell,Drug store
Zumiez,Marlborough,Clothing store
Vans,Nashua,Shoe store
Billerica Sportswear,North Billerica,Sportswear store
J A Sports Apparel,,Screen printer
1 Stop Uniforms,,Uniform store
"MoJo (Moms and Jobs, Inc.)",Lowell,Clothing store
FootStock,Concord,Shoe store
Elegant Tailor & Design Wedding Dress Alterations,Dracut,Mens tailor
DICK'S Sporting Goods,Nashua,Clothing store
The Paper Store,Nashua,Clothing store
Sport Loft,Acton,Ski shop
Savers,Nashua,Thrift store
Sierra,Nashua,Clothing store
Express,Salem,Clothing store
Macy's,Salem,Department store
Brine's Sporting Goods,Concord,Sporting goods store
Medical Scrubs And More,North Billerica,Uniform store
francesca's,Nashua,Boutique
Mederics Boutique,Dracut,Bridal shop
The Bruised Boutique Skate Shop,Nashua,Clothing store
Walgreens,Lowell,Drug store
Zumiez,Merrimack,Clothing store
Middlesex-Essex Dryer Vent Wizard,,Washer & dryer repair service
The Paper Store,North Billerica,Clothing store
Main Street Convenience,Westford,Convenience store
IZA Design Inc.,Stow,Custom t-shirt store
David’s Bridal,Nashua,Bridal shop
Tillys,Salem,Clothing store
Evans On the Common,Townsend,Clothing store
MARC ALLEN NEW ENGLAND,Boston,Custom tailor
Trunk Club,Boston,Clothing store
AAFES Exchange,Hanscom AFB,Army & navy surplus shop
Zumiez,Salem,Clothing store
Eastern Mountain Sports,Nashua,Clothing store
The Paper Store,Maynard,Clothing store
Windsor,Salem,Women's clothing store
Ocean State Job Lot,Tewksbury,Clothing store
Savers,Wilmington,Thrift store
Damien's Dancewear Inc,Chelmsford,Dance store
Everything But Water (Temporarily Closed),Burlington,Swimwear store
"Hunter Appliance Sales, Service & Parts",Littleton,Appliance repair service
francesca's,Burlington,Boutique
Disney Store,Burlington,Clothing store
Marry & Tux Bridal,Nashua,Bridal shop
Littleton Liquors,Littleton,Liquor store
Cristina's Inc,Andover,Bridal shop
Macy's,Boston,Department store
Westford Valley Marketplace,Westford,Shopping mall
The Paper Store,Stoneham,Clothing store
J.Jill,Boston,Women's clothing store
Stop & Shop,Chelmsford,Grocery store
Trunk Club,Boston,Clothing store
MARC ALLEN NEW ENGLAND,Boston,Custom tailor
Macy's,Nashua,Electronics
Wicked Irish,Westford,Corporate office
The Toy Shop of Concord,Concord,Toy store
Medical Center Pharmacy Inc,North Billerica,Pharmacy
The Point,Littleton,Shopping mall
The Butterfly Place,Westford,Botanical garden
Tracksmith Trackhouse,Boston,Running store
Petco Grooming,Westford,Pet groomer
Westford Academy,Westford,School
