name,address,type,place,website_url,menu_url,description,gift_card_txt,gift_card_website,contact_website,contact_txt,state,zipcode,store_type
Crickets Florist,"184 Bedford St, Lexington, MA 02420",Florist,Lexington,http://cricketsflowers.com/,,,"






                                    Gift Certificates                                

                                    Gift Certificates                                




                                                $25.00                                            










Next Day Delivery


ADD TO FAVORITES





",https://cricketsflorist.com/lexington-crickets-flowers/gift-certificates.html,,,MA,02420,florist
Bigelow Nurseries,"455 W Main St, Northborough, MA 01532",Garden center,Northborough,http://www.bigelownurseries.com/,,"Family-owned garden center since 1915 with an extensive selection of native plants, trees & shrubs.",Buy Gift Cards,http://www.bigelownurseries.com/garden-center/buy-gift-cards/,http://www.bigelownurseries.com/contact-us/,Contact Us,MA,01532,florist
Micro Plant Studio,"365 W Broadway, Boston, MA 02127",Florist,Boston,http://www.microplantstudio.com/,,,GIFT CARD,https://microplantstudio.com/gift-cards/,https://microplantstudio.com/contact/,CONTACT US,MA,02127,florist
Berkeley Flowers and Gifts,"108 Buckwalter Pkwy #2E, Bluffton, SC 29910",Florist,Bluffton,http://www.berkeleyflowers.net/,,,"


",https://www.berkeleyflowers.net/product/5e7a5acc8b1b76.38512/berkeley-flowers-gift-certificate,https://www.berkeleyflowers.net/contact_us.php,Contact Us,SC,29910,florist
Windham Flowers,"178 Main St #2837, Brattleboro, VT 05301",Florist,Brattleboro,http://www.windhamflowers.com/,,,"

",https://www.windhamflowers.com/product/5e7507f170bfd4.60666/gift-card-15-25-or-40,https://www.windhamflowers.com/contact_us.php,Contact Us,VT,05301,florist
Giant Eagle Floral,"4010 Monroeville Blvd, Monroeville, PA 15146",Florist,Monroeville,http://www.gianteagle.com/,,,"
Gift Cards
",https://giftcards.gianteagle.com/,https://account.gianteagle.com/contact,"
Contact Us
",PA,15146,florist
Rouvalis Flowers,"40 W Cedar St, Boston, MA 02108",Florist,Boston,http://rouvalisflowers.com/,,"Charming, petite florist offering flower delivery & home-landscaping design services.",,http://rouvalisflowers.com/designers-choice/egift-card,,,MA,02108,florist
Rittners School of Floral Design,"345 Marlborough St, Boston, MA 02115",Florist,Boston,http://www.floralschool.com/,,,Gift Certificates From Rittners Floral School...... ,http://www.floralschool.com/gift-certificates.htm,,,MA,02115,florist
Val's Flowers of Chelsea,"161 Broadway, Chelsea, MA 02150",Florist,Chelsea,http://www.chelseaflowers.florist/,,, Gift Certificates,https://chelseaflowers.florist/giftcertificates.php,http://www.chelseaflowers.florist/about-us/contact-us/,"


 Owned and Family Operated by Salvy the Florist Since 1962.

",MA,02150,florist
Snapdragon Flowers of Elm Grove,"13458 Watertown Plank Rd, Elm Grove, WI 53122",Florist,Elm Grove,https://elmgroveflowershop.com/,,,"

",https://elmgroveflowershop.com/flower-gift-card.html,https://elmgroveflowershop.com/contacts,"
Contact Us
",WI,53122,florist
Royer's Flowers & Gifts,"100 York Rd, Carlisle, PA 17013",Florist,Carlisle,http://www.royers.com/,,"Family-owned flower store specializing in floral arrangements, plants & gift baskets since 1937.",Gift Cards,https://www.royers.com/usrf.cfm?products=displaypage&category=giftcert&Session=20200421190814V9912E6142Y3281Y9951853724,https://www.royers.com/usrf.cfm?aboutus=coronavirus&Session=20200421190814V9912E6142Y3281Y9951853724,"











We're Still Taking Orders
We are able to offer contactless delivery and pick up at select stores.
Learn More



 Admin. Prof. Week
April 19 - 25
 Mother's Day
May 10


",PA,17013,florist
Consider the Lilies,"35 Depot St, Duxbury, MA 02332",Florist,Duxbury,http://www.ctlflorist.com/,,,order an arrangement or gift card,http://www.ctlflorist.com/order,http://www.ctlflorist.com/contact,"
              Contact
            ",MA,02332,florist
The Gift Garden,"431 Main St, Bennington, VT 05201",Florist,Bennington,http://thegiftgardenvt.com/,,," 

Gift Card

                            $35.00
Buy Now >
",http://thegiftgardenvt.com/flower-arrangement/gift-card/prod7470699,https://www.facebook.com/The-Gift-Garden-136610576436248/?ref=br_rs," 
",VT,05201,florist
The Tuscan Sunflower,"318 North St, Bennington, VT 05201",Florist,Bennington,http://thetuscansunflower.net/,,,View details,https://thetuscansunflower.net/gift-certificate.html,https://thetuscansunflower.net/contacts,"
Contact Us
",VT,05201,florist
Affairs to Remember,"547 Main St, Melrose, MA 02176",Florist,Melrose,https://affairstorememberflorist.com/,,"Flower shop featuring everyday & special-occasion bouquets & plants, plus fruit & gift baskets.",View details,https://affairstorememberflorist.com/gift-certificate-1.html,https://affairstorememberflorist.com/contacts,"
Contact Us
",MA,02176,florist
Cheshire Nursery,"1317 S Main St, Cheshire, CT 06410",Florist,Cheshire,http://www.cheshirenursery.com/,,"Enduring garden center & florist selling flower arrangements, plants & gardening supplies.",Gift Cards,http://www.cheshirenursery.com/gift-cards.html,http://www.cheshirenursery.com/contact.html,Contact Us,CT,06410,florist
Lee's Florist & Nrsry,"1420 University Ave, Berkeley, CA 94702",Florist,Berkeley,https://leesfloristandnursery.com/,,"Veteran florist & nursery specializing in contemporary arrangements, tropical plants, bonsai & more.","






                                    Gift Certificate                                

                                    Gift Certificate                                




                                                $25.00                                            








In-Store Pickup Only


ADD TO FAVORITES





",https://leesfloristandnursery.com/berkeley-lees-florist-nursery/gift-certificate.html,,,CA,94702,florist
York Flowers,"5023 Wisconsin Ave NW, Washington, DC 20016",Florist,Washington,https://yorkflowers.com/,,"Lush, circa-1942 local florist offering a wide range of flower bouquets plus delivery services.","






                                    York Flowers Gift Card                                

                                    York Flowers Gift Card                                




                                                $50.00                                            










Next Day Delivery


ADD TO FAVORITES





",https://yorkflowers.com/washington-york-flowers/york-flowers-gift-card.html,https://yorkflowers.com/contact-us/,Contact Us,DC,20016,florist
Chester's Flower Shop and Greenhouses,"1117 York St, Utica, NY 13502",Florist,Utica,http://www.chestersflowers.com/,,,"



   
                                        $25.00
",https://www.chestersflowers.com/gifts/gift-card/prod7540088?nav=clear,http://www.facebook.com/chestersflowershop," 
",NY,13502,florist
Harrington Flowers,"539 Mammoth Rd, Londonderry, NH 03053",Florist,Londonderry,https://harringtonflowers.com/,,,Gift Certificates,https://harringtonflowers.com/londonderry-florist-flower-delivery/harrington_custom/gift-certificates/,,,NH,03053,florist
DODO'S PHLOWERS,"285 Central St STE 116, Leominster, MA 01453",Florist,Leominster,https://www.dodosphlowers.com/,,,"

",https://www.dodosphlowers.com/product/5c2556c18eafe/50-petal-cash,https://www.dodosphlowers.com/contact_us.php,Contact Us,MA,01453,florist
Cross Creek Nursery & Landscaping,"501 Courthouse Rd, Richmond, VA 23236",Florist,Richmond,http://www.crosscreeknursery.com/,,,"

			Gift Certificate
		
",http://www.crosscreeknursery.com/gift-certificate.html,http://www.crosscreeknursery.com/interiors-employment-contact-page.html,"

			Interiors Employment Contact Page
		
",VA,23236,florist
Dutch Bloemen Winkel,"18 Black Mountain Rd, Jackson, NH 03846",Florist,Jackson,http://www.dutchbw.com/,,,gift cards,https://www.dutchbw.com/product/gift-cards/,,,NH,03846,florist
The Flower Room,"474 Central Ave, Dover, NH 03820",Florist,Dover,http://www.nhflowerroom.com/,,,,https://nhflowerroom.com/flowers/shop/200-gift-card/,https://nhflowerroom.com/flowers/contact/,Contact,NH,03820,florist
Red Carpet Flower Shop,"308 Durham Rd, Dover, NH 03820",Florist,Dover,https://myredcarpetflorist.com/,,,"






                                    $25 Gift Card                                

                                    $25 Gift Card                                




                                                $20.00                                            










Next Day Delivery


ADD TO FAVORITES





",https://myredcarpetflorist.com/dover-in-bloom-weddings-and-events-llc/25-gift-card.html,,,NH,03820,florist
Carlone's Florist,"16 Dexter St, Portsmouth, RI 02871",Florist,Portsmouth,http://www.carlonesflorist.com/,,,Gift Cards,https://carlonesflorist.com/product-category/gift-cards/,https://carlonesflorist.com/about/contact-us/,Contact Us,RI,02871,florist
Medway Garden Center & Nursery,"34 Summer St, Medway, MA 02053",Garden center,Medway,http://www.medwaygardens.com/,,,"



",http://www.medwaygardens.com/join-our-loyalty-program,http://www.medwaygardens.com/#contact,"
              Contact
            ",MA,02053,florist
Class Glass Garden Center,"140 W State St Rt 202, Granby, MA 01033",Garden center,Granby,https://www.classgrass.com/,,," Gift Certificates

",https://www.classgrass.com/gift-certificates,https://www.classgrass.com/contact," Contact

",MA,01033,florist
Wilson's Garden Center,"10923 Lambs Ln, Newark, OH 43055",Garden center,Newark,http://www.gardencenterohio.com/,,"Family-owned nursery since 1958 with display gardens & an ample selection of plants, trees & shrubs."," 
",https://store.gardencenterohio.com/product-category/gift/,,,OH,43055,florist
Rogers Spring Hill Garden Center,"1269 Boston Rd, Haverhill, MA 01835",Garden center,Haverhill,http://rogersspringhill.com/,,"Locally–owned garden center carrying a variety of plants & trees, plus fertilizers & pottery.","Join our Sensational Savings Club for exclusive promotions, discounts and more. Get a gift card, perfect for any occasion. Sign up for our weekly email for gardening tips, info on events and promotions, and the store news.",https://rogersspringhill.com/gifts-savings/,https://rogersspringhill.com/contact-us/,Contact,MA,01835,florist
Genesee Valley Florist,"60 Main St, Geneseo, NY 14454",Florist,Geneseo,http://www.geneseevalleyflorist.com/,,,Gift Certificates,http://www.geneseevalleyflorist.com/giftcertificates.php,https://www.geneseevalleyflorist.com/contact/,Contact,NY,14454,florist
Don's Flowers & Gifts,"217 E Main Ave, Zeeland, MI 49464",Florist,Zeeland,http://www.dons-flowers.com/,,,Click to view gift cards! ,https://www.dons-flowers.com/specialty/cat6840096,http://www.facebook.com/DonsFlowers," 
",MI,49464,florist
Ward's Nursery & Garden Center,"600 S Main St, Great Barrington, MA 01230",Garden center,Great Barrington,http://www.wardsnursery.com/,,,Gift Cards,http://www.wardsnursery.com/product/gift-card,https://wardsnursery.com/contact/,Contact,MA,01230,florist
Country Flower Farms,"320 Baileyville Rd, Middlefield, CT 06455",Florist,Middlefield,http://www.countryflowerfarms.org/,,,Gift Cards,http://www.countryflowerfarms.org/gift-certificates,http://www.countryflowerfarms.org/find-us,"
Find Us
",CT,06455,florist
Town & Country Nurseries,"1036 Saybrook Rd, Haddam, CT 06438",Florist,Haddam,http://townandcountryhaddam.com/,,,Gift Cards,http://www.townandcountryhaddam.com/about-us/gift-cards/,http://visitor.r20.constantcontact.com/d.jsp?llr=zqx9cgdab&p=oi&m=1102937153049&sit=6ckxywyeb&f=c47c44c0-1bbd-496a-8f0b-0f8875002fd0,Sign Up Now,CT,06438,florist
Logee's Greenhouses,"141 North St, Danielson, CT 06239",Florist,Danielson,http://www.logees.com/,,,Gift Certificates,https://www.logees.com/gift-certificate.html,https://www.logees.com/contacts,Contact Us,CT,06239,florist
Schaefer Greenhouses Inc,"120 S Lake St, Montgomery, IL 60538",Florist,Montgomery,https://www.schaefergreenhouses.com/,,,Gift Cards,https://www.schaefergreenhouses.com/gift-cards.html,https://www.schaefergreenhouses.com/630-896-1936.html,Contact Us,IL,60538,florist
Oberer's Flowers  Cincinnati,"7675 Cox Ln, West Chester Township, OH 45069",Florist,West Chester Township,http://www.oberers.com/,,"Full-service florist for flowers, plants & gift baskets as well as special-event arrangements.",Gift Certificates,http://www.oberers.com/giftcertificates.php,https://www.oberers.com/contact-us/,Contact Us,OH,45069,florist
Peoples Flower Shops Far North Location,"9625 Montgomery Blvd NE, Albuquerque, NM 87111",Florist,Albuquerque,https://www.peoplesflowers.com/,,,Gift Cards,https://www.peoplesflowers.com/gifts/gift-cards/,,,NM,87111,florist
Flowerkraut,"722 Warren St, Hudson, NY 12534",Florist,Hudson,http://www.flowerkrauthudson.com/,,,"

Flowerkraut Gift Certificate


$10.00

",http://www.flowerkrauthudson.com/collections/flowers/products/gift-card,http://www.flowerkrauthudson.com/pages/contact,"
              EVENTS
            ",NY,12534,florist
Le Bouquet Flower Shop,"2205 Union St, San Francisco, CA 94123",Florist,San Francisco,http://www.le-bouquet.com/,,Veteran florist stocking blooms fresh from the flower market daily to create seasonal arrangements.,GIFT CARDS,https://squareup.com/gift/YAXM2AHJPV5QT/order,,,CA,94123,florist
John Scheepers Inc,"23 Tulip Dr, Bantam, CT 06750",Garden,Bantam,https://www.johnscheepers.com/,,,Gift Certificates,https://www.johnscheepers.com/gift-certificates,https://www.johnscheepers.com/contact-us,Contact Us,CT,06750,florist
HyVee Floral,"2700 Dekalb Ave, Sycamore, IL 60178",Florist,Sycamore,http://www.hy-vee.com/,,,Gifts & Gift Cards,http://www.hy-vee.com/shop/Gifts-C4.aspx,http://www.hy-vee.com/contact.aspx,Help,IL,60178,florist
Pelham Manor Florist,"1 Fifth Ave, Village of Pelham, NY 10803",Florist,Village of Pelham,https://pelhammanorflorist.com/,,,"






                                    Gift Certificate                                

                                    Gift Certificate                                




                                                $50.00                                            










Next Day Delivery


ADD TO FAVORITES





",https://pelhammanorflorist.com/pelham-pelham-manor-florist/gift-certificate.html,,,NY,10803,florist
Berkeley Florist,"1420 University Ave, Berkeley, CA 94702",Florist,Berkeley,http://www.leesfloristandnursery.com/,,"Long-running, family-owned retailer of flower arrangements, bouquets, plants, cards & gifts.","






                                    Gift Certificate                                

                                    Gift Certificate                                




                                                $25.00                                            








In-Store Pickup Only


ADD TO FAVORITES





",https://leesfloristandnursery.com/berkeley-lees-florist-nursery/gift-certificate.html,,,CA,94702,florist
Bud & Bloom Florist & Gifts,"22 E Main St, Mooresville, IN 46158",Florist,Mooresville,http://www.budandbloomflorists.net/,,,,https://www.budandbloomflorists.com/product/573e0f92edea0/gift-certificates,https://www.budandbloomflorists.com/contact_us.php,Contact Us,IN,46158,florist
Flowers by Valerie,"8053 Madison Ave, Indianapolis, IN 46227",Florist,Indianapolis,http://www.flowersbyvalerie.com/,,,Gift Cards,http://www.flowersbyvalerie.com/../shop/custom.asp?recid=21,http://www.flowersbyvalerie.com/../shop/custom.asp?recid=4,Contact,IN,46227,florist
WG Miller Creations Florist & Gifts Shop,"6211 Lakeside Ave, Richmond, VA 23228",Florist,Richmond,http://www.wgmillercreations.com/,,,"


",https://www.wgmillercreations.com/product/dc1000220/send-a-gift-certificate,https://www.wgmillercreations.com/contact_us.php,Contact Us,VA,23228,florist
Fabulous Flowers and Gifts,"217 W Ridge Rd, Rochester, NY 14615",Florist,Rochester,http://www.fabulousflowersandgifts.com/,,," 

Gift Certificate's

                            $25.00
Buy Now >
",http://www.fabulousflowersandgifts.com/flower-arrangement/gift-certificates/prod7460468,https://www.facebook.com/FabulousFlowersRochester/," 
",NY,14615,florist
Domenic Graziano Flowers,"60 James Way #3, Southampton, PA 18966",Florist,Southampton,http://www.domenicgraziano.com/,,"Stalwart florist offering arrangements & bouquets, corsages, gift baskets & floral-design classes.",GIFT CARDS,http://www.domenicgraziano.com/giftcards/cat4970033,,,PA,18966,florist
Crocker Nurseries,"1132 MA-137, Brewster, MA 02631",Garden center,Brewster,https://crockernurseries.com/,,,Gift Card,https://crockernurseries.com/product/a-gift-card-select-your-amount/,https://crockernurseries.com/contact/,Contact Us,MA,02631,florist
The Rhoads Garden,"570 Dekalb Pike, North Wales, PA 19454",Florist,North Wales,https://rhoadsgarden.com/,,"Charming store featuring flowers, plants & garden accessories, plus home decor & gifts, since 1939.","






                                    Gift Certificate $75                                

                                    Gift Certificate $75                                




                                                $75.00                                            










Next Day Delivery


ADD TO FAVORITES





",https://rhoadsgarden.com/north-wales-the-rhoads-garden/gift-certificate-75.html,,,PA,19454,florist
Stems Brooklyn,"96 Knickerbocker Ave #109, Brooklyn, NY 11237",Florist,Brooklyn,http://www.stemsbrooklyn.com/,,,"
✨GIVEAWAY✨

I’ve been thinking about how I c

",https://www.instagram.com/p/B_NFAt1DTyN/,https://www.stemsbrooklyn.com/contact/,Contact,NY,11237,florist
