name,address,type,place,website_url,menu_url,description,gift_card_txt,gift_card_website,contact_website,contact_txt,state,zipcode,store_type
Concord Flower Shop,"135 Commonwealth Ave, Concord, MA 01742",Florist,Concord,http://www.concordflowershop.com/,,,,,https://www.concordflowershop.com/contact-us/,Contact Us,MA,01742,florist
Wayside Florists,"505 Old Bedford Rd, Concord, MA 01742",Florist,Concord,http://waysideflorists.com/,,,,,http://waysideflorists.com/ContentPage.aspx?ID=1439,Contact Us,MA,01742,florist
Christian Flowers,"736 Boston Post Rd, Sudbury, MA 01776",Florist,Sudbury,http://www.christianflower.com/,,,,,http://www.christianflower.com/non-contact-delivery,Non-Contact Delivery,MA,01776,florist
O'Malley's Floral Expressions,"23 Chestnut Ave, Burlington, MA 01803",Florist,Burlington,http://www.omalleysfloral.com/,,,,,http://www.omalleysfloral.com/request-free-consultation.html,CONTACT,MA,01803,florist
Pinard's Florist Gifts & Coffee Cafe,"120 Central Ave #1405, Ayer, MA 01432",Florist,Ayer,http://www.pinardsfloristandgifts.com/,,,,,https://www.pinardsfloristandgifts.com/contact_us.php,Contact Us,MA,01432,florist
Anderson Florist,"717 Main St, Waltham, MA 02453",Florist,Waltham,http://www.andersonflower.com/,,,,,https://www.andersonflower.com/contactus,Contact Us,MA,02453,florist
New Bedford Florist,"253 Cottage St, New Bedford, MA 02740",Florist,New Bedford,http://www.newbedfordflorist.com/,,,,,http://www.newbedfordflorist.com/contact-us.html,"
				Contact Us
			",MA,02740,florist
Somerset Florist,"2989 County St, Somerset, MA 02726",Florist,Somerset,http://xaviersflowers.com/,,,,,https://xaviersflowers.com//contact-us/,Contact,MA,02726,florist
Xaviers Florist,"964 County St, Somerset, MA 02726",Florist,Somerset,https://www.xaviersflowers.com/,,,,,https://xaviersflowers.com//contact-us/,Contact,MA,02726,florist
Amber Rose Floral Design,"72 Pettey Ln, Westport, MA 02790",Florist,Westport,http://www.amberroses.com/,,,,,https://amberroses.com/contacts,"
Contact Us
",MA,02790,florist
Fall River Florist Supply Co,"119 Cove St, Fall River, MA 02720",Wholesale florist,Fall River,http://fallriverfloristsupply.com/,,,,,https://www.fallriverfloristsupply.com/contact-us/,Contact Us,MA,02720,florist
Taunton Flower Studio,"44 Johnson St # 2, Taunton, MA 02780",Florist,Taunton,https://www.tauntonflowerstudio.com/,,,,,https://www.tauntonflowerstudio.com/contact_us.php,Contact Us,MA,02780,florist
Bittersweet Gardens,"178 Indian Pond Rd, Kingston, MA 02364",Florist,Kingston,http://www.bsgflorals.com/,,,,,http://www.bsgflorals.com/contact,Contact,MA,02364,florist
Tiny Hearts Farm Flower Shop,"2643 NY-23, Hillsdale, NY 12529",Florist,Hillsdale,https://tinyheartsfarm.com/,,,,,https://tinyheartsfarm.com/contact/,Contact,NY,12529,florist
Parisi Designs & Co Floristdelivery to Rensselaer County Towns,"11 Oak Way, Stephentown, NY 12168",Florist,Stephentown,http://www.parisidesignsco.com/,,,,,http://www.parisidesignsco.com/contact.php,"
        Find Out More
    ",NY,12168,florist
A Bella Mia Flowers,"1194 Washington St, Norwood, MA 02062",Florist,Norwood,https://abellaflowersbostonma.com/,,,,,https://abellaflowersbostonma.com/contact-us/,Contact,MA,02062,florist
Blossoms Flower Shop,"23 County Rd, Mattapoisett, MA 02739",Florist,Mattapoisett,https://www.blossomsflowersmattapoisett.com/,,,,,https://www.blossomsflowersmattapoisett.com/contact_us.php,Contact Us,MA,02739,florist
Saracy's Flower Shop,"19 Market Square, Newburyport, MA 01950",Florist,Newburyport,http://www.saracys.com/,,,,,//www.saracys.com/contactus.html?source=header,,MA,01950,florist
Amy McLaughlin Flowers,"23 Middle St, Newburyport, MA 01950",Florist,Newburyport,http://www.amymclaughlinflowers.com/,,,,,https://www.amymclaughlinflowers.com/flowers-contact,CONTACT,MA,01950,florist
Jasmine's Flower Shoppe,"779 Lafayette Rd, Seabrook, NH 03874",Florist,Seabrook,http://www.floristseabrooknh.com/,,,,,https://www.floristseabrooknh.com/contact_us.php,Contact Us,NH,03874,florist
Nunan Florist & Greenhouses,"269 Central St, Georgetown, MA 01833",Florist,Georgetown,http://nunans.com/,,,,,https://nunans.com/contact-us/,Contact,MA,01833,florist
Drinkwater Flowers & Design,"819 Lafayette Rd, Hampton, NH 03842",Florist,Hampton,http://www.drinkwaterflowers.com/,,,,,http://www.drinkwaterflowers.com/pages/contact-us,Hours and Location,NH,03842,florist
Leith Flower Plant & Gift Shop,"100 Plaistow Rd, Plaistow, NH 03865",Florist,Plaistow,http://www.leithflowershop.com/,,,,,http://www.leithflowershop.com/tel:603-382-8837,"

603-382-8837
",NH,03865,florist
Seacoast Florist & Gifts,"29 Lafayette Rd, North Hampton, NH 03862",Florist,North Hampton,http://www.seacoastflorist.com/,,,,,https://seacoastflorist.com/contacts,"
Contact Us
",NH,03862,florist
F As In Flowers,"44 Newfields Rd, Exeter, NH 03833",Florist,Exeter,https://www.fasinflowers.com/,,,,,https://www.fasinflowers.com/contact,Contact,NH,03833,florist
Forget Me Not Florist,"114 Main St, Northampton, MA 01060",Florist,Northampton,http://www.forgetmenotfloristnoho.com/,,,,,https://forgetmenotfloristnoho.com/contact/,Say Hello!,MA,01060,florist
ZAWADZKI FARM CUT FLOWERS **SEASONAL**,"276 Amherst Road, MA-116, South Hadley, MA 01075",Florist,South Hadley,https://zawadzki-farm.com/,,,,,https://zawadzki-farm.com/contact/,Contact,MA,01075,florist
Nature's Design Floral Studio,"350 Willow St, North Andover, MA 01845",Florist,North Andover,http://naturesdesignstudio.com/,,,,,https://www.naturesdesignstudio.com,Contact,MA,01845,florist
Sayles Livingston Design,"3855 Main Rd, Tiverton, RI 02878",Florist,Tiverton,http://sayleslivingstondesign.com/,,,,,http://sayleslivingstondesign.com/contact/, Contact connect & directions,RI,02878,florist
All Purpose Flowers,"29 Lexington Ave, Gloucester, MA 01930",Florist,Gloucester,https://allpurposeflowers.net/,,,,,https://allpurposeflowers.net/tel:9784736258,(978) 473-6258,MA,01930,florist
To Each His Own Design,"and central, 172 N Central St, Winchendon, MA 01475",Florist,Winchendon,http://www.toeachhisowndesigns.com/,,,,,http://www.facebook.com/#!/toeachhisowndesign," 
",MA,01475,florist
Evas Garden,"105 Jordan Rd, Dartmouth, MA 02748",Garden center,Dartmouth,http://www.evasgreengarden.com/,,,,,http://www.evasgreengarden.com/contact-1,contact,MA,02748,florist
Lilacs of Sterling,"13 Waushacum Ave, Sterling, MA 01564",Florist,Sterling,http://www.lilacsofsterling.net/,,,,,https://www.lilacsofsterling.net/contact,Contact Us,MA,01564,florist
Works of Heart Flowers,"109 Main St, Wilton, NH 03086",Florist,Wilton,https://www.worksofheartflowers.com/,,,,,https://www.worksofheartflowers.com/contact_us.php,Contact Us,NH,03086,florist
Lancaster Gardens Inc,"35 Bolton Rd, Lancaster, MA 01523",Garden center,Lancaster,https://www.lancastergardens.net/,,,,,https://www.lancastergardens.net/contact-us,Contact Us,MA,01523,florist
Amelia Rose Florals,"704 Milford Rd, Merrimack, NH 03054",Florist,Merrimack,http://www.ameliaroseflorals.com/,,,,,https://www.ameliaroseflorals.com/contact_us.php,CONTACT US,NH,03054,florist
Amazing Flower Farm,"202 Poor Farm Rd, New Ipswich, NH 03071",Garden center,New Ipswich,http://www.amazingflowerfarm.com/,,,,,http://www.amazingflowerfarm.com/directions/,Find Us,NH,03071,florist
Eastview Flowers,"14 Sunfish Ln, Harrisville, NH 03450",Florist,Harrisville,http://www.eastviewflowers.com/,,,,,https://eastviewflowers.com/contact-eastview-flowers/,CONTACT ME,NH,03450,florist
Harveys Florist & Greenhouses Inc,"294 E Main St, Frostburg, MD 21532",Florist,Frostburg,http://harveysflorist.net/,,,,,https://harveysflorist.net/contacts,"
Contact Us
",MD,21532,florist
Ferrari FloristSanta Cruz,"345 Soquel Ave, Santa Cruz, CA 95062",Florist,Santa Cruz,http://www.ferrariflorist.com/,,,,,https://www.ferrariflorist.com/contact,Operating Hours>,CA,95062,florist
Forest Flowers,"25 Market St, Northampton, MA 01060",Florist,Northampton,https://www.forest-flowers.com/,,,,,https://www.forest-flowers.com/contactus,"
                Contact Us
              ",MA,01060,florist
Blush Bouquets,"20 Front St, Ashland, MA 01721",Florist,Ashland,http://www.blushbouquetsboston.com/,,,,,http://www.blushbouquetsboston.com/pages/contact-us,"
                          CONTACT US
                        ",MA,01721,florist
Silver & Sage Floral Design,"646 Washington St, Norwood, MA 02062",Florist,Norwood,http://www.silverandsageflowers.com/,,,,,http://www.silverandsageflowers.com/contact_us,Contact Us,MA,02062,florist
Charlotte Design,"49 Kim Pl, Holliston, MA 01746",Flower designer,Holliston,http://www.charlotte-design.com/,,,,,http://www.charlotte-design.com/contact.html,CONTACT,MA,01746,florist
Orangerie Gardens,"9 Victory Ln, Hopkinton, MA 01748",Flower designer,Hopkinton,https://www.orangeriegardens.com/,,,,,https://www.orangeriegardens.com/contact,"
            Contact
          ",MA,01748,florist
Stop & Shop Florist,"5609 E Washington St, Indianapolis, IN 46219",Florist,Indianapolis,http://www.georgethomasflorist.com/,,,,,http://www.georgethomasflorist.com/wedding-contact,Consultation Request,IN,46219,florist
Blossoms Design Boutique,"160 Smithfield Ave, Pawtucket, RI 02860",Florist,Pawtucket,https://www.blossomsdesign.net/,,,,,https://www.blossomsdesign.net/contact_us.php,Contact Us,RI,02860,florist
Cherryhill Flowers,"265 Greenville Ave, Johnston, RI 02919",Florist,Johnston,http://www.cherryhillflorist.net/,,,,,https://cherryhillflorist.net/contact-us/,Contact Us,RI,02919,florist
Pillsbury Florist,"506 N Elm St, West Bridgewater, MA 02379",Florist,West Bridgewater,http://www.pillsburyflorist.com/,,,,,http://www.pillsburyflorist.com/contact.html,CONTACT INFO,MA,02379,florist
Jephry Floral Studio,"432 Broadway, Providence, RI 02909",Florist,Providence,http://www.jephry.com/,,,,,https://jephry.com/contact-us/,Contact us,RI,02909,florist
Mother Nature's Florist,"570 Putnam Pike, Smithfield, RI 02828",Florist,Smithfield,http://www.mothernaturesflorist.com/,,,,,//www.mothernaturesflorist.com/contactus.html?source=header,"
Contact Us
",RI,02828,florist
Central MA Flower Show,"167 Auburn St, Auburn, MA 01501",Florist,Auburn,http://www.centralmaflowershow.com/,,,,,http://www.centralmaflowershow.com/contact-us/,Contact Us,MA,01501,florist
Ladybug Florist Inc,"407 Main St Suite 1, Oxford, MA 01540",Florist,Oxford,http://www.ladybug-florist.com/,,,,,https://www.ladybug-florist.com/contact_us.php,Contact Us,MA,01540,florist
Floral Fantasy,"979 Central St, Stoughton, MA 02072",Florist,Stoughton,http://www.floralfantasy.biz/,,,,,http://floralfantasy.biz/contact-us/,Contact Us,MA,02072,florist
Nessralla's GreenhousesGarden,"719 W Main St, Avon, MA 02322",Garden center,Avon,http://nessrallainc.com/,,,,,http://nessrallainc.com/contact.html,Contact Us,MA,02322,florist
Marly Flowers N Festi Decor,"1130 N Main St, Randolph, MA 02368",Florist,Randolph,http://www.marlyflowers.net/,,,,,https://checkout.bloomnetcommerce.com/service/contact/?s=pjx%2F7rxeNiQ0%2FW3ZyYRg1mGr8Opdd9Rt%2F0jo9wIc3IY%3D,"

 Contact
",MA,02368,florist
The Centerpiece Flower Shop,"2051 Centre St, West Roxbury, MA 02132",Florist,West Roxbury,http://thecenterpieceflowershop.com/,,"Florist for seasonal & special-occasion bouquets, plus tropical plants & gift baskets.",,,https://www.thecenterpieceflowershop.com/Contact,Contact Us,MA,02132,florist
Packard Farm,"543 Pearl St, Brockton, MA 02301",Florist,Brockton,http://www.packardfarm.com/,,,,,https://www.packardfarm.com/contact,CONTACT,MA,02301,florist
Garden in the Woods,"180 Hemenway Rd, Framingham, MA 01701",Botanical garden,Framingham,http://www.nativeplanttrust.org/,,,,,http://www.nativeplanttrust.org/about/contact-us/,Contact Us,MA,01701,florist
FloraLy  Artisan Flower Preservation,"901 16th St, San Francisco, CA 94107",Flower designer,San Francisco,http://www.farmgirlflowers.com/,,,,,https://farmgirlflowerssupport.zendesk.com/hc/en-us/articles/360044875114-Contacting-Farmgirl-During-COVID-19,Contact Us,CA,94107,florist
Emslie the Florist and Gifts,"14 N Main St #1010, Barre, VT 05641",Florist,Barre,https://www.emslietheflorist.com/,,,,,https://www.emslietheflorist.com/contact_us.php,Contact Us,VT,05641,florist
Forget Me Not Flowers and Gifts LLC,"214 N Main St #2, Barre, VT 05641",Florist,Barre,https://www.forgetmenotflowersbarre.com/,,,,,https://www.forgetmenotflowersbarre.com/contact_us.php,Contact Us,VT,05641,florist
Fleur De Lis Florist,"811 Castro St, Mountain View, CA 94041",Florist,Mountain View,http://www.fdlflowers.com/,,"Neighborhood flower shop offering floral arrangements & plants, plus gifts & fruit baskets.",,,https://fdlflowers.com/contacts,"
Local Delivery
",CA,94041,florist
Angels Trumpet Flowers & Gifts,"4 West St, New Lebanon, NY 12125",Florist,New Lebanon,https://www.angelstrumpetflorist.com/,,,,,https://angelstrumpetflorist.com/contacts,"
Local Delivery
",NY,12125,florist
Above All Flowers LLC,"14 Mallard Cove Way, Barrington, RI 02806",Florist,Barrington,https://www.flowerweb.com/,,,,,https://www.flowerweb.com/javascript:overlay.ajaxCall('/en/mail/contact/company/194932'),Send Email,RI,02806,florist
Redwood Nursery Garden Center and Landscaping,"2664 Grand Army of the Republic Hwy Route 6, Swansea, MA 02777",Garden center,Swansea,http://www.redwoodnursery.com/,,,,,https://www.redwoodnursery.com/contact/,Contact,MA,02777,florist
Irish Rose Flower Shop,"25571 Woodward Ave, Royal Oak, MI 48067",Florist,Royal Oak,http://www.irishroseflowershop.com/,,,,,http://www.facebook.com/IrishRoseFlowerShop," 
",MI,48067,florist
The House of Flowers,"821 Berkley Rd, Auburndale, FL 33823",Florist,Auburndale,http://www.auburndaleflowers33823.com/,,,,,https://www.auburndaleflowers33823.com/contact_us.php,Contact Us,FL,33823,florist
Rangers Floral Garden,"4051 13 Mile Rd, Royal Oak, MI 48073",Florist,Royal Oak,http://www.rangersflorist.com/,,,,,http://www.rangersflorist.com/mailto:contact@rangersflorist.com,e-mail us,MI,48073,florist
Affordable Flowers,"33289 Woodward Ave, Birmingham, MI 48009",Florist,Birmingham,http://www.floristbirminghammi.com/,,,,,https://www.floristbirminghammi.com/contactus/,contact,MI,48009,florist
SPARKLE,"263 Park Ave, Worcester, MA 01609",Florist,Worcester,http://www.sparkleonpark.com/,,,,,http://www.sparkleonpark.com/contact,CONTACT,MA,01609,florist
Mc Inerney's Flower Shop,"929 Middle St, Middletown, CT 06457",Florist,Middletown,http://www.mcinerneysflowershop.com/,,,,,//www.mcinerneysflowershop.com/contactus.html?source=header,,CT,06457,florist
MaryJane's Flowers and Gifts,"111 W White Horse Pike, Berlin, NJ 08009",Florist,Berlin,https://maryjanesflorist.com/,,,,,https://maryjanesflorist.com/contact/,"

 Contact Us
",NJ,08009,florist
George J Brooks Florist LLC,"124 Main St, Brattleboro, VT 05301",Florist,Brattleboro,https://georgejbrooksflorist.com/,,,,,https://georgejbrooksflorist.com/../contact-us/contact-us.html,Contact Us,VT,05301,florist
Green Mountain Floral Arts,"219 Staver Rd, Marlboro, VT 05344",Florist,Marlboro,http://gmfloralarts.vpweb.com/,,,,,http://gmfloralarts.vpweb.com/contact,Contact,VT,05344,florist
Heather's Flower Shop,"194 VT-100, West Dover, VT 05356",Florist,West Dover,http://www.heathersflowershop.com/,,,,,https://www.heathersflowershop.com/contact_us.php,Contact Us,VT,05356,florist
Konstantina's Floral Design Studio,"226 S Main St #2449, Middleton, MA 01949",Florist,Middleton,https://www.konstantinasfloral.com/,,,,,https://www.konstantinasfloral.com/contact_us.php,Contact Us,MA,01949,florist
Steve's Florist & Greenhouse,"109 Cleveland St, Punxsutawney, PA 15767",Florist,Punxsutawney,http://www.stevesflorist15767.com/,,,,,http://www.stevesflorist15767.com/index.php?option=com_aicontactsafe&view=message&layout=message&pf=1&Itemid=7,"

			Contact			    
			
",PA,15767,florist
Outlook Design Florist,"161 Mathew Rd suite a, Winsted, CT 06098",Florist,Winsted,http://bloomingarrangements.com/,,,,,http://bloomingarrangements.com/contact,Contact Us,CT,06098,florist
Connecticut Flower Shop llc,"Phone First, 11 Brook Ridge Dr, Canton, CT 06019",Florist,Canton,http://www.ctflowershop.com/,,,,,https://www.ctflowershop.com/contact/,Contact Us,CT,06019,florist
Vine & Ivy Flowers  K&P Flowers,"1087 East Street S Building B, Suffield, CT 06078",Florist,Suffield,http://kandpflowers.com/,,,,,https://vineandivyflowers.com/contacts/,Contact Us,CT,06078,florist
Pentimento Design,"175 S Main St, Suffield, CT 06078",Florist,Suffield,http://www.pentimentoflowers.com/,,,,,http://www.pentimentoflowers.com/contact,Contact ,CT,06078,florist
Roslindale Florist,"545 Beech St, Roslindale, MA 02131",Florist,Roslindale,https://abellamiaflowers.com/,,,,,https://abellamiaflowers.com/contact-us/,Contact,MA,02131,florist
Bourne Florist,"5 Colonel Dr #3, Bourne, MA 02532",Florist,Bourne,http://www.bourne-florist.com/,,,,,https://bourne-florist.com/contacts/,Contact Us,MA,02532,florist
Stevens The Florist,"160 South St, Plymouth, MA 02360",Florist,Plymouth,http://www.stevenstheflorist.com/,,,,,https://www.facebook.com/Stevens-The-Florist-155132007846323/," 
",MA,02360,florist
Flower Stop,"2-8 Steam Mill Hill Rd, Brookline, NH 03033",Florist,Brookline,http://www.flowerstopbrookline.com/,,,,,https://checkout.bloomnetcommerce.com/contact/?s=FlCHNFFpNp%2FzUjDtCmkaGazvDZ1Hi3OVd3faiaJklEE%3D,"

 Contact Us
",NH,03033,florist
A Natural Arrangement,"651 Boston Post Rd, Weston, MA 02493",Flower designer,Weston,http://www.anaturalarrangement.com/,,,,,https://www.anaturalarrangement.com/contact,Contact,MA,02493,florist
Anne's Florals & Gifts,"142 Lowell Rd STE 6, Hudson, NH 03051",Florist,Hudson,http://www.annesfloralsgifts.com/,,,,,http://www.facebook.com/AnnesFlorals," 
",NH,03051,florist
Brothers Marketplace  Waltham,"1 Moody St, Waltham, MA 02451",Florist,Waltham,http://www.brothers-marketplace.com/,,,,,https://rochemarket.wpengine.com/locations/,"Addresses, Hours, & Contact Information",MA,02451,florist
Flower Cart Florist,"3159 U, U.S. 9, Old Bridge Township, NJ 08857",Florist,Old Bridge Township,http://flowercartnj.com/,,,,,http://flowercartnj.com/contact-us.html,"
											Contact Us
										",NJ,08857,florist
Salt Box Nursery,"562 Boston Rd, Billerica, MA 01821",Garden center,Billerica,https://saltboxnursery.com/,,,,,https://saltboxnursery.com/contact-us/,Contact Us,MA,01821,florist
Tenderleaf Gardens,"252 Washington St, Norwell, MA 02061",Florist,Norwell,http://www.tenderleaf.com/,,,,,http://www.tenderleaf.com/contact-us.html,Contact Us,MA,02061,florist
Ivy & Olive's,"142 Broadway, Hanover, MA 02339",Florist,Hanover,http://www.ivyandolives.com/,,,,,http://www.ivyandolives.com/contact,Contact,MA,02339,florist
Rose Hill Garden,"1-99 Pebblebrook Rd, North Easton, MA 02356",Florist,North Easton,http://rosehillgarden.net/,,,,,http://rosehillgarden.net/contact-us,"
              contact us
            ",MA,02356,florist
Flowering Vine,"541 Main St, Fiskdale, MA 01518",Florist,Fiskdale,http://thefloweringvine.com/,,,,,http://thefloweringvine.com/contact/,Contact,MA,01518,florist
Symphony Flower Farm,"308 CT-169, Woodstock, CT 06281",Florist,Woodstock,http://symphonyflowerfarm.org/,,,,,http://symphonyflowerfarm.org/contact,Contact,CT,06281,florist
Forever Yours Flowers And Gifts Inc,"76 West St, Danbury, CT 06810",Florist,Danbury,http://www.foreveryoursflowersandgifts.com/,,,,,//www.foreveryoursflowersandgifts.com/contactus.html?source=header,,CT,06810,florist
Fleur and Stitch,"7 Kimball Ln building b unit 2, Lynnfield, MA 01940",Florist,Lynnfield,http://www.fleurandstitch.com/,,,,,https://www.fleurandstitch.com/contact,CONTACT,MA,01940,florist
Key Floral Inc,"522 Donald St, Bedford, NH 03110",Wholesale florist,Bedford,http://keyfloral.com/,,,,,http://keyfloral.com/contact/,Contact,NH,03110,florist
Ode a la Rose,"120 W 28th St, New York, NY 10001",Florist,New York,http://www.odealarose.com/,,,,,http://www.odealarose.com/info/contact-us,Contact us,NY,10001,florist
Bel Aire Flower Shop,"11222 W Greenfield Ave, West Allis, WI 53214",Florist,West Allis,http://www.belaireflowersmilwaukee.com/,,,,,http://www.belaireflowersmilwaukee.com/ContactFlorists#main,Contactor Visit Us,WI,53214,florist
Heim Garden,"17650 Heim Rd, Chelsea, MI 48118",Florist,Chelsea,http://www.heimgardenfloral.com/,,,,,http://www.heimgardenfloral.com/contact/,Contact Us,MI,48118,florist
Bel Aire Flowers,"N85 W16150 Appleton Ave, Menomonee Falls, WI 53051",Florist,Menomonee Falls,https://www.belaireflowersmilwaukee.com/,,,,,https://www.belaireflowersmilwaukee.com/ContactFlorists#main,Contactor Visit Us,WI,53051,florist
Grand Design Florist,"7264 FL-54, New Port Richey, FL 34653",Florist,New Port Richey,http://www.granddesignflorist.com/,,,,,http://www.granddesignflorist.com/contact/,Contact Us,FL,34653,florist
Premier Floral,"8301 State Line Rd, Kansas City, MO 64114",Florist,Kansas City,http://www.premierfloralkansascitymo.com/,,,,,http://www.premierfloralkansascitymo.com/contact/,Contact Us,MO,64114,florist
From You Flowers,"483 10th Ave 6th Floor, New York, NY 10018",Flower delivery,New York,https://www.fromyouflowers.com/,,,,,https://www.fromyouflowers.com/contact.htm,Contact Us,NY,10018,florist
Gardener's Supply at Hadley Garden Center,"285 Russell St, Hadley, MA 01035",Garden center,Hadley,http://hadleygardencenter.com/,,"Long-running store selling plants & gardening supplies, plus bird food & accessories.",,,http://hadleygardencenter.com/contact.html,Contact,MA,01035,florist
Whitney's Farm Market & Garden Center,"1775 S State Rd, Cheshire, MA 01225",Garden center,Cheshire,http://www.whitneysfarm.com/,,"Charming nursery selling plants, flowers & garden supplies, plus vegetables, breads & seasonal pies.",,,http://whitneysfarm.com/contact-us/,Contact Us!,MA,01225,florist
Brattle Square Florist,"31 Brattle St, Cambridge, MA 02138",Florist,Cambridge,https://brattlesquareflorist.com/,,Venerable flower shop with a rustic ambiance offering custom bouquets & house plants.,,,https://brattlesquareflorist.com/contact/,"
contact
",MA,02138,florist
Junebug,"211 Main St, Charlestown, MA 02129",Florist,Charlestown,https://www.junebugcharlestown.com/,,,,,https://www.junebugcharlestown.com/service/,Contact Us,MA,02129,florist
Georges' Flowers,"101 G St, Carlisle, PA 17013",Florist,Carlisle,http://www.flowershopcarlislepa.com/,,,,,https://www.flowershopcarlislepa.com/contact_us.php,Contact Us,PA,17013,florist
Mc Neillys Greenhouse & Florist Shop,"5421 NY-7, Hoosick Falls, NY 12090",Florist,Hoosick Falls,http://www.mcneillysgreenhouse.com/,,,,,//www.mcneillysgreenhouse.com/contactus.html,Contact Us,NY,12090,florist
Nancy Bishop Floral Design Studio,"4676 VT-7A, Arlington, VT 05250",Florist,Arlington,http://www.nancysvermontflowers.com/,,,,,http://www.nancysvermontflowers.com/contact,Contact,VT,05250,florist
Florals of Haven Hill Farm,"20 Stevenson Rd, Greenwich, NY 12834",Florist,Greenwich,http://floralsofhavenhillfarm.com/,,,,,http://floralsofhavenhillfarm.com/contact-us/,Contact Us,NY,12834,florist
Designers Choice LLC,"80 Eastern Ave, Chelsea, MA 02150",Wholesale florist,Chelsea,http://www.designerschoiceinc.com/,,,,,https://www.designerschoiceinc.com/contact,CONTACT,MA,02150,florist
RJ Carbone Wholesale Floral Distributors,"New England Flower Exchange, 260 2nd St, Chelsea, MA 02150",Wholesale florist,Chelsea,https://www.rjcarbone.com/,,,,,https://www.rjcarbone.com/contactus.html,Contact Us,MA,02150,florist
Lambert's Marketplace,"140 Tremont St, Boston, MA 02111",Florist,Boston,http://www.lambertsmarket.com/,http://www.lambertsmarket.com/,This traditional supermarket features a popular deli offering classic sandwiches & soups.,,,http://www.lambertsmarket.com/contact.html,Contact us,MA,02111,florist
Ashleigh's Garden,"500 Main St #4, Deep River, CT 06417",Florist,Deep River,http://www.ashleighsgarden.com/,,,,,http://www.ashleighsgarden.com/contact-us.html,Contact Us,CT,06417,florist
Blooming Buds,"58 Halstead Ave, Harrison, NY 10528",Florist,Harrison,http://www.bloomingbudsflowers.com/,,,,,https://bloomingbudsflowers.com/contacts,"
Local Delivery
",NY,10528,florist
Edison Plants & Flowers,"1845 NJ-27, Edison, NJ 08817",Florist,Edison,https://www.edisonplantsandflowers.net/,,,,,https://www.edisonplantsandflowers.net/contact_us.php,Contact Us,NJ,08817,florist
Vintage Floral,"46 Main St, Chester, MT 59522",Florist,Chester,http://www.vintagefloralchester.com/,,,,,https://www.vintagefloralchester.com/contact_us.php,Contact Us,MT,59522,florist
Lorgus Flower Shop,"704 W Nields St A, West Chester, PA 19382",Florist,West Chester,http://www.lorgusflowers.com/,,,,,https://www.facebook.com/lorgusflowers/," 
",PA,19382,florist
Naomi's Regional Floral Fulfillment Service,"20 E 5th St #101, Chester, PA 19013",Florist,Chester,http://1888gonaomi.com/,,,,,https://www.1888gonaomi.com/contact_us.php,CONTACT US,PA,19013,florist
Hunter's Creative Florist,"182 Saluda St, Chester, SC 29706",Florist,Chester,http://www.hunterscreative.com/,,,,,https://www.hunterscreative.com/contact_us.php,Contact Us,SC,29706,florist
Island Flowers,"1630 Postal Rd, Chester, MD 21619",Florist,Chester,http://www.islandflowers.net/,,,,,https://www.facebook.com/Island-Flowers-139453686089593/?ref=ts," 
",MD,21619,florist
Appleblossoms,"2807 Telegraph Ave, Oakland, CA 94609",Florist,Oakland,https://www.floristinoaklandca.com/,,"Flower shop preparing a variety of modern & traditional arrangements, plus plants & gift baskets.",,,https://www.floristinoaklandca.com/contact-us,Contact Us,CA,94609,florist
Baysore's Flower Shop,"301 Reading Rd, Mason, OH 45040",Florist,Mason,http://www.baysoresflowershop.com/,,,,,//www.baysoresflowershop.com/contactus.html,Contact Us,OH,45040,florist
Petals & Bows Florist,"6503 Centralia Rd, Chesterfield, VA 23832",Florist,Chesterfield,http://petalsva.com/,,,,,https://www.google.com/maps/place/?q=place_id:ChIJxYQcL7wLsYkR05LtfSmEbHg,Find us,VA,23832,florist
Petals & Bows Flowers & Events,"6505 Centralia Rd #6586, Chesterfield, VA 23832",Florist,Chesterfield,http://www.flowerschesterva.com/,,,,,https://www.flowerschesterva.com/contact_us.php,Contact Us,VA,23832,florist
Cross Creek Florist & Gifts,"501 Courthouse Rd, Richmond, VA 23236",Florist,Richmond,http://www.crosscreekflorist.com/,,,,,https://crosscreekflorist.com/contact-us-2/,Contact Us,VA,23236,florist
ZENGEL FLOWERS AND GIFTS,"14872 Clayton Rd, Chesterfield, MO 63017",Florist,Chesterfield,http://zengelflowersandgifts.com/,,,,,https://www.zengelflowersandgifts.com/contact_us.php,Contact Us,MO,63017,florist
Mary Tuttle's Floral and Gifts,"17021 Baxter Rd, Chesterfield, MO 63005",Florist,Chesterfield,https://www.marytuttlesflowers.com/,,,,,https://www.facebook.com/marytuttles/," 
",MO,63005,florist
Carey's Flowers Inc,"300 Newton St, South Hadley, MA 01075",Florist,South Hadley,http://www.careysflowers.com/,,,,,https://www.facebook.com/Careys-Flowers-Inc-217398244957609/," 
",MA,01075,florist
Flowers Flowers,"758 Sumner Ave, Springfield, MA 01108",Florist,Springfield,http://flowersflowersonline.com/,,,,,http://flowersflowersonline.com/contactus/,Contact Us,MA,01108,florist
Oliverio's Florist,"241 E Main St, Bridgeport, WV 26330",Florist,Bridgeport,http://oliverioflorist.com/,,,,,//www.oliverioflorist.com/contactus.html,Contact Us,WV,26330,florist
Creative Floral Designs,"12158 Tech Rd, Silver Spring, MD 20904",Florist,Silver Spring,https://mycreativefloral.com/,,,,,https://mycreativefloral.com//contact-us/,Contact,MD,20904,florist
The Little Flower Cottage,"31 Tilden Rd, Scituate, MA 02066",Florist,Scituate,http://www.thelittleflowercottage.com/,,,,,http://www.thelittleflowercottage.com/contact,Contact,MA,02066,florist
Summer Stone Flower Co,"218 Summer St, Norwell, MA 02061",Florist,Norwell,https://www.summerstoneflowerco.com/,,,,,https://www.summerstoneflowerco.com/contact,Contact,MA,02061,florist
Floral Affairs,"324 Deerfield St, Greenfield, MA 01301",Florist,Greenfield,http://www.floralaffairsofgreenfield.com/,,,,,https://www.floralaffairsofgreenfield.com/contact_us.php,Contact Us,MA,01301,florist
Conway Florist & Gifts,"725 4th Ave, Conway, AR 72032",Florist,Conway,https://www.conwayfloristandgifts.com/,,,,,https://www.flowershopnetwork.com/contactus,Contact FSN,AR,72032,florist
Conways Classic Touch,"2850 Prince St A, Conway, AR 72034",Florist,Conway,http://www.conwaysclassictouch.net/,,,,,https://www.facebook.com/conwaysclassictouch," 
",AR,72034,florist
Ye Olde Daisy Shoppe Inc,"1308 Oak St, Conway, AR 72034",Florist,Conway,http://www.yeoldedaisy.net/,,,,,https://www.facebook.com/YeOldeDaisyShoppe/?ref=aymt_homepage_panel&eid=ARDd-3xRJdJTc9IC2p4KOayiuTJF4XTjomYJc7klo3ayuHRLDNb_uT-Gi83t-CBX-Jzy-IZnlDfG3KaD#," 
",AR,72034,florist
Jordans 501 Florist,"2452 Church St, Conway, SC 29526",Florist,Conway,https://www.jordans501florist.com/,,,,,https://www.jordans501florist.com/contact_us.php,Contact Us,SC,29526,florist
Granny's Florist,"1225 16th Ave, Conway, SC 29526",Florist,Conway,https://www.grannysflorist.com/,,,,,https://www.grannysflorist.com/contact_us.php,Contact Us,SC,29526,florist
Ruthie's Flower Shop,"328 White Mountain Hwy, Conway, NH 03818",Florist,Conway,https://ruthiesflowershop.com/,,,,,https://ruthiesflowershop.com/contact/,Contact,NH,03818,florist
Country Garden Florals and Gifts,"284 High St, Greenfield, MA 01301",Florist,Greenfield,https://countrygardenfloralsandgift.com/,,,,,https://countrygardenfloralsandgift.com/tel:4137735468,413-773-5468,MA,01301,florist
BILO,"115 Willbrook Blvd, Pawleys Island, SC 29585",Florist,Pawleys Island,https://www.bi-lo.com/,,,,,https://www.bi-lo.com/about/contact,Contact ,SC,29585,florist
Mayesh Wholesale Florist Inc North Phoenix Branch,"1805 W Crest Ln, Phoenix, AZ 85027",Wholesale florist,Phoenix,http://www.mayesh.com/,,,,,http://www.mayesh.com/contact-us,Contact Us,AZ,85027,florist
Black Dahlia Inc,"691 Walt Whitman Rd, Melville, NY 11747",Florist,Melville,https://blackdahliainc.com/,,,,,http://blackdahliainc.com/wedding-consultation,Contact Us,NY,11747,florist
Karla Cassidy Designs,"10 Garden St, Danvers, MA 01923",Flower designer,Danvers,http://www.karlacassidydesigns.com/,,,,,http://www.karlacassidydesigns.com/contact,Contact,MA,01923,florist
Annabelle's Flowers,"28 Cedar St, Foxborough, MA 02035",Florist,Foxborough,https://www.annabellesflowers.com/,,,,,https://www.annabellesflowers.com/contact_us.php,Contact Us,MA,02035,florist
Sweetbriar Florist and Perennials,"16 East St, North Grafton, MA 01536",Florist,North Grafton,http://www.sweetbriarflorist.com/,,,,,http://sweetbriarflorist.com/contact/,"
							Contact Us
						",MA,01536,florist
Lilium Florist Too llc,"350 Kennedy Dr, Putnam, CT 06260",Florist,Putnam,http://liliumflorist.com/,,,,,https://www.liliumflorist.com/contact_us.php,Contact Us,CT,06260,florist
Victor's Flowers & Gifts,"16 E Blackwell St, Dover, NJ 07801",Florist,Dover,http://www.victorsflowers.com/,,,,,http://www.facebook.com/victorsflowers/?ref=bookmarks," 
",NJ,07801,florist
JenMor Florist,"2109 S Dupont Hwy, Dover, DE 19901",Florist,Dover,http://www.jenmor.com/,,,,,//www.jenmor.com/contactus.html,Contact Us,DE,19901,florist
Bobola Florist,"5268 Forrest Ave #5108, Dover, DE 19904",Florist,Dover,http://www.bobolaflorist.com/,,,,,https://www.facebook.com/Bobola-Farm-Florist-169672469721559/," 
",DE,19904,florist
Plant Flower & Garden Shop Dover,"909 N Walnut St unit b, Milford, DE 19963",Florist,Milford,https://www.doverflorist.net/,,,,,https://www.doverflorist.net/contact_us.php,Contact Us,DE,19963,florist
Baker Florist,"1616 N Walnut St, Dover, OH 44622",Florist,Dover,http://www.bakerflorist.com/,,,,,https://www.facebook.com/bakerflorist/," 
",OH,44622,florist
Fortin Gage Flowers & Gifts,"86 W Pearl St, Nashua, NH 03060",Florist,Nashua,http://www.fortingage.com/,,,,,https://fortingage.com/contact-us/,Contact Us,NH,03060,florist
Flower Outlet,"165 Amherst St, Nashua, NH 03060",Florist,Nashua,http://www.nashuafloweroutlet.com/,,,,,https://nashuafloweroutlet.com/contacts/,Contact Us,NH,03060,florist
Merrimack Flower Shop & Greenhouse,"4 Railroad Ave, Merrimack, NH 03054",Florist,Merrimack,http://www.merrimackflowershop.com/,,,,,https://www.merrimackflowershop.com/contact_us.php,Contact Us,NH,03054,florist
Floral Keepsakes by Lauri,"46 Bush Hill Rd, Hudson, NH 03051",Florist,Hudson,http://www.floralkeepsakesbylauri.com/,,,,,http://www.floralkeepsakesbylauri.com/contact-usdirections.html,"
				Contact Us/Directions
			",NH,03051,florist
Ladybug Florist of Leicester,"1050 S Main St, Leicester, MA 01524",Florist,Leicester,https://www.ladybugfloristofleicester.com/,,,,,https://www.ladybugfloristofleicester.com/contact_us.php,Contact Us,MA,01524,florist
Worcester Flower Shop,"808 Pleasant St, Worcester, MA 01602",Florist,Worcester,http://www.worcesterflowershoponline.com/,,,,,https://checkout.bloomnetcommerce.com/service/contact/?s=ecRcI69KUmP9YEWtd3E3GMAEXUD9R2Es6dDyogHguWA%3D,"

 Contact
",MA,01602,florist
Robinson's Greenhouse,"444 S Washington St, Kimberly, WI 54136",Florist,Kimberly,http://www.robinsonflorists.com/,,,,,http://www.robinsonflorists.com/contact/4394101,CONTACT,WI,54136,florist
Stix n Stones llc,"1029 Storrs Rd, Storrs, CT 06268",Florist,Storrs,http://www.stixnstonesct.com/,,,,,http://www.stixnstonesct.com/contact-us/,Contact Us,CT,06268,florist
Quackin' Grass Nursery,"16 Laurel Hill Rd, Brooklyn, CT 06234",Florist,Brooklyn,https://www.quackingrassnursery.com/,,,,,https://www.quackingrassnursery.com/Contact,Contact,CT,06234,florist
Flowers by Lisa,"33 Hemingway Ave, East Haven, CT 06512",Florist,East Haven,https://www.flowersbylisap.net/,,,,,https://www.flowersbylisap.net/contact_us.php,Contact Us,CT,06512,florist
Chatham Flowers and Gifts,"2117 NY-203, Chatham, NY 12037",Florist,Chatham,http://www.chathamflowersandgifts.com/,,,,,https://www.facebook.com/ChathamFlowersandGifts," 
",NY,12037,florist
Rosery Flower Shop,"128 Green St, Hudson, NY 12534",Florist,Hudson,http://www.roseryflowers.com/,,,,,https://www.roseryflowers.com/contact-information/,Contact Us,NY,12534,florist
Vivek Flowers,"1734 Oak Tree Rd #6, Edison, NJ 08820",Florist,Edison,http://www.vivekflowers.com/,,,,,http://www.vivekflowers.com/#,,NJ,08820,florist
Vivek flowers,"3158 NJ-27, Kendall Park, NJ 08824",Florist,Kendall Park,https://www.vivekflowers.com/,,,,,https://www.vivekflowers.com/#,,NJ,08824,florist
Audrey's Flower Shop,"38 Railroad Ave, Gloucester, MA 01930",Florist,Gloucester,http://www.audreysflorist.com/,,,,,https://www.audreysflorist.com/contact_us.php,Contact Us,MA,01930,florist
Meredith McCarthy Floral Design & Event Styling,"18 Market St, Ipswich, MA 01938",Florist,Ipswich,http://www.meredithmccarthyfloraldesign.com/,,,,,http://www.meredithmccarthyfloraldesign.com/contact-us,"
                Contact Us
              ",MA,01938,florist
Sage Floral Studio,"274 Main St, Gloucester, MA 01930",Florist,Gloucester,http://www.sagefloralstudio.com/,,,,,http://www.sagefloralstudio.com/contact,"
                  Contact
                ",MA,01930,florist
Blossom Floral Design,"615 N Michigan St, South Bend, IN 46601",Florist,South Bend,http://www.blossomfloraldesignalways.com/,,,,,https://www.blossomfloraldesignalways.com,Contact,IN,46601,florist
Derby Farm Flowers & Gardens,"218 Massachusetts Ave, Arlington, MA 02474",Florist,Arlington,http://www.derby-farm-flowers.com/,,,,,http://www.derby-farm-flowers.com/#,Find Us!,MA,02474,florist
Agnew FloristWatertown,"587 Main St, Watertown, CT 06795",Florist,Watertown,https://www.agnewflorist.com/,,,,,https://www.facebook.com/AgnewFlorist," 
",CT,06795,florist
Fancy Florists,"853 Niagara Falls Blvd, Amherst, NY 14226",Florist,Amherst,http://www.fancyflorist.com/,,,,,https://www.fancyflorist.com/contact-us.html,  Contact Us ,NY,14226,florist
Teleflora LLC,"190 Center St, Wallingford, CT 06492",Dried flower shop,Wallingford,http://www.teleflora.com/,,,,,http://www.teleflora.com/aboutUs/order_inquiry.jsp,Contact Customer Service,CT,06492,florist
Pennock Floral West Springfield,"100 Myron St, West Springfield, MA 01089",Wholesale florist,West Springfield,https://www.pennock.com/,,,,,https://preferred.pennock.com/contact_us.cfm,Contact,MA,01089,florist
Flowers By Dick & Son Inc,"935 W Nimisila Rd, Akron, OH 44319",Florist,Akron,https://www.dickandson.com/,,,,,//www.dickandson.com/contactus.html,Contact Us,OH,44319,florist
Flowers From The Heart,"2595 Avenue G NW, Winter Haven, FL 33880",Florist,Winter Haven,https://flowersfromtheheart1.com/,,"Store offering floral arrangements for any occasion, plus gift baskets, candles & greeting cards.",,,https://flowersfromtheheart1.com/contact-us/,Contact,FL,33880,florist
Art of Flowers,"165 Weston Rd, Weston, FL 33326",Florist,Weston,https://www.artofflowersweston.com/,,,,,https://artofflowersweston.com/contacts,"
Contact Us
",FL,33326,florist
Miss Daisy's Flowers & Gifts,"1024 W Main St, Leesburg, FL 34748",Florist,Leesburg,https://www.missdaisysflowers.com/,,,,,https://www.missdaisysflowers.com/contact/,"

 Contact Us
",FL,34748,florist
River's Edge Garden Center,"12 Auburn Street Extension, Framingham, MA 01701",Garden center,Framingham,http://iloveriversedge.com/,,,,,https://www.iloveriversedge.com/contact-us,CONTACT US,MA,01701,florist
Howard's of Framingham,"1127 Worcester Rd, Framingham, MA 01701",Garden center,Framingham,http://www.howardsmulchandsheds.com/,,,,,http://www.howardsmulchandsheds.com/Contact_Us.html,,MA,01701,florist
DBMB Bonsai and Saikei,"484 Marlboro St, Keene, NH 03431",Florist,Keene,http://www.newhampshirebonsai.com/,,,,,http://www.newhampshirebonsai.com/contact,,NH,03431,florist
James Murray Florist Inc,"213 Greenwich Ave, Goshen, NY 10924",Florist,Goshen,http://www.jamesmurrayflorist.com/,,,,,https://www.jamesmurrayflorist.com/contact_us.php,Contact Us,NY,10924,florist
Tom's Greenhouses and Florist,"123 Montgomery St, Goshen, NY 10924",Florist,Goshen,http://www.tomsgreenhousesandflorist.com/,,,,,https://www.facebook.com/tomsgreenhousesandflorist/," 
",NY,10924,florist
Lily & Vine floral Design,"405 Migeon Ave, Torrington, CT 06790",Florist,Torrington,http://www.lilyandvine.com/,,,,,https://lilyandvine.com/contacts,"
Contact Us
",CT,06790,florist
Alders Wholesale Florist Inc,"110 Egbertson Rd, Campbell Hall, NY 10916",Florist,Campbell Hall,http://www.alderswholesaleflorist.com/,,,,,http://www.alderswholesaleflorist.com/contact.htm,Contact,NY,10916,florist
Wooden Wagon Floral Shoppe,"214 W Pike St, Goshen, IN 46526",Florist,Goshen,https://www.woodenwagonfloral.com/,,,,,https://www.woodenwagonfloral.com/contact_us.php,Contact Us,IN,46526,florist
Jay's Florist,"5679 Buckwheat Rd, Milford, OH 45150",Florist,Milford,http://www.jaysflorist.com/,,,,,https://www.facebook.com/jays.florist.7/?rf=135040416545462#!/jays.florist.7?fref=ts," 
",OH,45150,florist
West View Florist Inc,"1717 Cassopolis St, Elkhart, IN 46514",Florist,Elkhart,https://www.westviewflorist.com/,,,,,https://www.facebook.com/westviewflorist/," 
",IN,46514,florist
Expressions By Elizabeth,"838 Lila Ave, Milford, OH 45150",Florist,Milford,http://www.cincyflorist.com/,,,,,https://www.cincyflorist.com/contact_us.php,Contact Us,OH,45150,florist
Natasha Miskovsky Gardens,"393 Brick Kiln Rd, East Falmouth, MA 02536",florists,East Falmouth,https://natashamiskovskygardens.com/,,,,,https://natashamiskovskygardens.com/contact/,Contact,MA,02536,florist
Snelgrove's Chocolatier Florist Online Store,"154 Broad St, Windsor, CT 06095",Florist,Windsor,http://www.snelgrovesfloral.com/,,,,,http://www.snelgrovesfloral.com/pages/contact-us,Contact Us ,CT,06095,florist
Jordan Florist,"10 Palisado Ave, Windsor, CT 06095",Florist,Windsor,http://www.jordanfloristofwindsor.com/,,,,,https://www.facebook.com/pages/Jordan-Florist/146859145359487," 
",CT,06095,florist
The Florist at Mandy's Spring Nursery,"1637a Co Rd 28, Granville, NY 12832",Florist,Granville,http://www.floristatmandys.com/,,,,,https://www.floristatmandys.com/contact_us.php,CONTACT US,NY,12832,florist
Village Flower BasketGardens,"1090 River Rd, Granville, OH 43023",Florist,Granville,http://www.villageflowerbasket.com/,,,,,https://www.villageflowerbasket.com/contact,CONTACT,OH,43023,florist
Stems Market,"4445 Chicago Dr SW, Grandville, MI 49418",Florist,Grandville,http://www.stemsmarket.com/,,,,,https://www.stemsmarket.com/pages/contact/,Contact,MI,49418,florist
Kennicott Cleveland,"9550 Granger Rd, Cleveland, OH 44125",Wholesale florist,Cleveland,https://www.kennicott.com/,,,,,https://www.kennicott.com/contact-us/,Contact Us,OH,44125,florist
Laschi's Garden Center,"20 Ayers Village Rd, Methuen, MA 01844",Garden center,Methuen,http://laschisgardencenter.com/,,,,,http://laschisgardencenter.com/contact.html,,MA,01844,florist
Kara's Flowers and Victorian Gardens,"148 Cataldo Way, Groveland, FL 34736",Florist,Groveland,http://www.victorianfloristshop.com/,,,,,http://www.victorianfloristshop.com/contact-us.html,"
				Contact Us
			",FL,34736,florist
Katherines Florist,"677 FL-50, Clermont, FL 34711",Florist,Clermont,http://www.katherinesflorist.com/,,"Quaint flower shop with selections of floral arrangements, plants, gift baskets, candles & balloons.",,,http://www.katherinesflorist.com/page/contact-us,Contact us,FL,34711,florist
Clermont Florist and Wine Shop,"487 W Hwy 50, Clermont, FL 34711",Florist,Clermont,https://www.clermontflorist.com/,,Family-owned flower shop selling floral arrangements for all occasions plus bottles of wine.,,,"https://www.google.com/maps/place/Clermont+Florist+and+Wine+Shop/@28.5510324,-81.7651461,17z/data=!4m13!1m7!3m6!1s0x88e78e91fccdcd5d:0x3db7a3b431753a79!2s487+FL-50,+Clermont,+FL+34711!3b1!8m2!3d28.5510277!4d-81.7629574!3m4!1s0x88e78e91e33e3321:0x8ece84a2a3b12c2e!8m2!3d28.551028!4d-81.762957","
	Find Us
	",FL,34711,florist
Halladay's Flowers & Company Store,"59 Square, Bellows Falls, VT 05101",Florist,Bellows Falls,http://www.halladays.com/,,,,,http://www.halladays.com/#footer,contact us,VT,05101,florist
The Wild Dahlia,"299 Oak St, Pembroke, MA 02359",Flower designer,Pembroke,http://www.thewilddahlia.com/,,,,,http://www.thewilddahlia.com/#contact,Contact,MA,02359,florist
The Little Flower Shop of Hampden,"60 Main Rd N Ste E, Hampden, ME 04444",Florist,Hampden,https://www.hampdenflorist.com/,,,,,https://www.facebook.com/Hampden-Floral-177483435611970/," 
",ME,04444,florist
Broad Brook Gardens,"938 Sullivan Ave, South Windsor, CT 06074",Florist,South Windsor,http://www.broadbrookgardens.com/,,,,,https://broadbrookgardens.com/contacts,"
Contact Us
",CT,06074,florist
Feather & Bloom,"122 Mountain Rd, Suffield, CT 06078",Florist,Suffield,https://featherandbloomct.squarespace.com/,,,,,https://featherandbloomct.squarespace.com/contact,Contact,CT,06078,florist
The Modest Florist,"3601R Chestnut Ave R, Baltimore, MD 21211",Florist,Baltimore,http://themodestflorist.com/,,,,,http://themodestflorist.com/tel:410-753-4420,"

",MD,21211,florist
Flower Power Farm,"126 S Main St, East Windsor, CT 06088",Garden center,East Windsor,http://www.flowerpowerfarms.com/,,,,,https://www.flowerpowerfarms.com/contact/,Contact,CT,06088,florist
Chapel Hill Floral,"453 Hammond St, Bangor, ME 04401",Florist,Bangor,http://www.chapelhillfloral.net/,,,,,http://www.facebook.com/chapelhillfloral," 
",ME,04401,florist
Bridgewater Florist,"32 Central Square, Bridgewater, MA 02324",Florist,Bridgewater,https://bridgewaterfloristma.net/,,,,,https://bridgewaterfloristma.net//contact-us/,Contact,MA,02324,florist
Xavier's Flower Shop,"200 William S Canning Blvd, Fall River, MA 02721",Florist,Fall River,https://xaviersflowershop.com/,,,,,https://xaviersflowershop.com//contact-us/,Contact,MA,02721,florist
Willie's Primitive Attic and Flower Shop,"83 W Main St, Hancock, MD 21750",Florist,Hancock,http://williesprimitiveatticandfloral.com/,,,,,http://williesprimitiveatticandfloral.com/contact-us.html,Contact Us,MD,21750,florist
Murrieta VIP Florist,"25030 Hancock Ave, Murrieta, CA 92562",Florist,Murrieta,http://www.murrietavipflorist.com/,,,,,https://www.facebook.com/murrietaflorist/," 
",CA,92562,florist
Hatfield Floral & Gifts,"1250 Bethlehem Pike # F, Hatfield, PA 19440",Florist,Hatfield,https://www.hatfieldflorist.com/,,,,,https://www.facebook.com/Hatfield-Florist-1624333614524167," 
",PA,19440,florist
Genuardi Florist,"850 S Valley Forge Rd, Lansdale, PA 19446",Florist,Lansdale,http://www.genuardiflorist.com/,,,,,https://www.facebook.com/Genuardi-Florist-198087163593635/," 
",PA,19446,florist
Freshwater Farms,"1 Kipkam Rd, Atkinson, NH 03811",Florist,Atkinson,https://www.freshwaterfarms.net/,,,,,https://freshwaterfarms.net/contact-us/,Contact Us,NH,03811,florist
Susanne's Weddings,"472 NH-111, Hampstead, NH 03841",Florist,Hampstead,http://www.susannesweddings.com/,,,,,http://www.susannesweddings.com/index.php#!/Contact,Contact,NH,03841,florist
CeBola design,"85 Bricketts Mill Rd, Hampstead, NH 03841",Florist,Hampstead,http://www.ceboladesign.com/,,,,,http://www.ceboladesign.com/contact-us.html,CONTACT US,NH,03841,florist
Invited Design Studio,"472 NH-111, Hampstead, NH 03841",Florist,Hampstead,http://www.inviteddesignstudio.com/,,,,,http://www.inviteddesignstudio.com/contact,CONTACT,NH,03841,florist
Argyle Floral,"2489 Lake Wallenpaupack Rd, Hawley, PA 18428",Florist,Hawley,http://www.cathysflowercottage.com/,,,,,https://www.argylefloral.com/contact_us.php,Contact Us,PA,18428,florist
Anthony's Florist,"50 N Beacon St, Watertown, MA 02472",Florist,Watertown,http://anthonysfloristwatertown.com/,,"Contemporary & traditional floral arrangements, plants, gift baskets & flowers for events.",,,https://anthonyswatertownflorist.com/#contact,Contact,MA,02472,florist
Hawley Flower Shop,"54 Main Ave, Hawley, PA 18428",Florist,Hawley,http://www.hawleyflowershop.com/,,,,,https://www.facebook.com/pages/category/Florist/Hawley-Flower-Shop-Gifts-2220615001385450/," 
",PA,18428,florist
Lakeside Florist,"5739 F.M. 3097, Rockwall, TX 75032",Florist,Rockwall,https://www.lakesideflorist.net/,,"Neighborhood shop for flowers, plants & custom-designed wedding & special-occasion arrangements.",,,https://www.facebook.com/LakesideRockwall/," 
",TX,75032,florist
Bloom Flowers & Gifts,"3316 SW I St, Bentonville, AR 72712",Florist,Bentonville,http://www.bloomnwa.com/,,,,,https://bloomnwa.com/contacts,"
Contact Us
",AR,72712,florist
Hingham Square Flowers,"68 South St, Hingham, MA 02043",Florist,Hingham,http://www.hinghamsquareflowers.net/,,,,,https://www.hinghamsquareflowers.net/contact_us.php,Contact Us,MA,02043,florist
Sunnywoods Florist,"251 Main St, Chatham, NJ 07928",Florist,Chatham,http://www.sunnywoods.com/,,,,,https://www.sunnywoods.com/contact_us.php,Contact Us,NJ,07928,florist
Hinsdale Flower Shop,"17 W 1st St, Hinsdale, IL 60521",Florist,Hinsdale,https://www.hinsdaleflowershop.com/,,,,,https://www.facebook.com/HinsdaleFlowerShop," 
",IL,60521,florist
Glenda's Lakewood Flowers,"332 E Lakewood Blvd #100, Holland, MI 49424",Florist,Holland,http://www.lakewoodflowersholland.com/,,,,,https://www.lakewoodflowersholland.com/contact_us.php,Contact Us,MI,49424,florist
Lamberts Garden Center,"1 Cape Rd, Mendon, MA 01756",Garden center,Mendon,http://www.lambertsflowers.com/,,,,,http://www.lambertsflowers.com/contact,Late Summer and Fall,MA,01756,florist
Floral Designs by Gene at Flower Gallery and Gifts,"619 Broadway, Revere, MA 02151",Florist,Revere,http://www.flowergalleryrevere.com/,,"Family-run florist offering traditional & exotic arrangements for various occasions, with delivery.",,,https://www.facebook.com/Flower-Gallery-Revere-107405522612988/," 
",MA,02151,florist
Jamaica Plain Florist,"3573 Washington St, Jamaica Plain, MA 02130",Florist,Jamaica Plain,https://jamaicaplainflorist.com/,,,,,https://jamaicaplainflorist.com/contact-us/,Contact,MA,02130,florist
Taylor's Floral Art,"3489 Edison Way, Menlo Park, CA 94025",Florist,Menlo Park,http://jfloralart.com/,,"This flower service offers unique, elegant arrangements, orchids & corsages for special occasions.",,,https://www.google.com/maps/place/?q=place_id:ChIJuUU9BECjj4ARjtEcm22bqZM,Find us,CA,94025,florist
Floras Avenue,"233 Main St, Huntington, NY 11743",Florist,Huntington,http://www.florasavenue.com/,,,,,http://www.florasavenue.com/contact,Contact,NY,11743,florist
Archer's Flowers & Gallery,"523 11th St, Huntington, WV 25701",Florist,Huntington,http://www.archersflowers.com/,,,,,http://www.archersflowers.com/service/contact/,"

 Contact
",WV,25701,florist
Town & Country Flowers & Gifts,"2807 Theater Ave, Huntington, IN 46750",Florist,Huntington,https://www.huntingtonflowers.com/,,,,,https://www.facebook.com/huntingtonflowers," 
",IN,46750,florist
Huntington Nursery & Florists,"2964 W Park Dr, Huntington, IN 46750",Florist,Huntington,http://huntingtonnursery.com/,,,,,https://huntingtonnursery.com/contact/,Contact Us,IN,46750,florist
Love N' Bloom Flower Shop Huntington Beach,"18822 Beach Blvd Suite #101, Huntington Beach, CA 92648",Florist,Huntington Beach,http://www.lovenbloom.com/,,,,,http://www.lovenbloom.com/tel:7145931236,(714) 593-1236,CA,92648,florist
A Secret Garden Florist,"714 E Adams Ave UNIT 108, Huntington Beach, CA 92648",Florist,Huntington Beach,http://www.hbsecretgardenflorist.com/,,,,,https://www.facebook.com/gvthemonster3," 
",CA,92648,florist
A Pocket Full of Petals,"5934 Warner Ave, Huntington Beach, CA 92649",Florist,Huntington Beach,http://www.apocketfullofpetals.com/,,,,,http://www.apocketfullofpetals.com/tel:714-840-6447,"

",CA,92649,florist
Dave's Flowers,"18685 Main St, Huntington Beach, CA 92648",Florist,Huntington Beach,https://davesflowershb.com/,,,,,https://davesflowershb.com/contacts,"
Contact Us
",CA,92648,florist
Riff Flower Shop & Greenhouses,"202 Main St, Lancaster, NH 03584",Florist,Lancaster,http://www.riffflowershop.net/,,,,,https://www.riffflowershop.net/contact_us.php,Contact Us,NH,03584,florist
Lancaster Floral Design and Garden Center,"306 Main St, Lancaster, NH 03584",Florist,Lancaster,http://www.lancasterfloraldesign.net/,,,,,http://www.lancasterfloraldesign.net/contact-us/,Contact Us,NH,03584,florist
El Jardin Flower & Garden Room,"258 N Queen St, Lancaster, PA 17603",Florist,Lancaster,https://www.eljardinflowerandgarden.com/,,,,,https://www.eljardinflowerandgarden.com/contact_us.php,Contact Us,PA,17603,florist
Cherry Blossom Floral Design,"240 Union St, Littleton, NH 03561",Florist,Littleton,http://www.cherryblossomfloral.com/,,,,,http://www.cherryblossomfloral.com/page/contact-us,Contact us,NH,03561,florist
Neffsville Flower Shoppe,"2700 Lititz Pike, Lancaster, PA 17601",Florist,Lancaster,https://www.neffsvilleflowershoppe.com/,,,,,https://www.google.com/maps/place/?q=place_id:ChIJE_xCNB0jxokReNJRhgOmNVc,Find us,PA,17601,florist
Beeutiful Flowers and Gifts,"344 W Ave I, Lancaster, CA 93534",Florist,Lancaster,https://www.gonzalezflowershop.com/,,,,,https://www.gonzalezflowershop.com/contact_us.php,Contact Us,CA,93534,florist
Floral Mischief,"36 Homeward Ave, Uxbridge, MA 01569",Florist,Uxbridge,http://floralmischief.com/,,,,,https://policies.google.com/privacy,Privacy Policy,MA,01569,florist
Wayside Floral Boutique,"1050 S Main St, Leicester, MA 01524",Florist,Leicester,http://waysidefloral.com/,,,,,http://waysidefloral.com/contact.html,"
								Contact
							",MA,01524,florist
PIGMINT Floral Studio,"2020 N College Ave, Fayetteville, AR 72703",Florist,Fayetteville,http://www.pigmint.com/,,,,,https://shoppigmint.com/contacts/,Contact Us,AR,72703,florist
Flora Verdura,"45 Trapelo Rd, Lincoln, MA 01773",Wholesale florist,Lincoln,http://www.floraverdura.com/,,,,,http://floraverdura.com/connect/,Contact,MA,01773,florist
Lincoln Flower Shop,"595 Chapel St, New Haven, CT 06511",Florist,New Haven,https://www.lincolnflowershop.com/,,,,,https://www.lincolnflowershop.com/contact_us.php,Contact Us,CT,06511,florist
Creative Blooms flower shop inc,"57 Fleming St, Lincoln, ME 04457",Florist,Lincoln,http://www.creativebloomsflowershop.com/,,,,,https://www.creativebloomsflowershop.com/contact_us.php,Contact Us,ME,04457,florist
OBriens Farm Hill Florist & Garden Center,"224 Main St, Stoneham, MA 02180",Florist,Stoneham,https://www.obriensfarmhillflorist.com/,,,,,https://www.obriensfarmhillflorist.com/contact-us/,Contact Us,MA,02180,florist
Bouquet To Go,"89 S Main St, Centerville, MA 02632",Florist,Centerville,https://www.michellesbouquet.com/,,,,,https://www.michellesbouquet.com/contact,"
            Contact
          ",MA,02632,florist
The Flower Spot,"17 Linwood St, Arlington, MA 02474",Florist,Arlington,https://www.theflowerspotflorist.com/,,"Family-owned florist offering flowers & arrangements for weddings, funerals, proms & any occasion.",,,https://www.theflowerspotflorist.com/contact_us.php,Contact Us,MA,02474,florist
Britton Designs,"Mallard Ln, Sandown, NH 03873",Florist,Sandown,http://brittondesigns.com/,,,,,https://brittondesigns.com/get-in-touch/,"


 
get in touch

",NH,03873,florist
Flora Ventures,"2 Exeter Rd, Newmarket, NH 03857",Florist,Newmarket,http://www.floraventures.com/,,,,,//www.floraventures.com/contactus.html,Contact Us,NH,03857,florist
Inkwell Flowers,"98 Main St, Newmarket, NH 03857",Florist,Newmarket,http://www.inkwellflowers.com/,,,,,http://www.inkwellflowers.com/contact-us,"
                Contact Us
              ",NH,03857,florist
Erica's Garden LLC,"285 Calef Hwy Unit 14, Epping, NH 03042",Florist,Epping,https://ericasgardenllc.com/,,,,,https://ericasgardenllc.com/Contact-Form.html,Contact,NH,03042,florist
Soulfly Creative,"80 Lafayette Rd, North Hampton, NH 03862",Florist,North Hampton,https://www.soulflycreative.com/,,,,,https://www.soulflycreative.com,CONTACT,NH,03862,florist
Effective Fundraising Solutions,"15 Londonderry Rd # 10, Londonderry, NH 03038",Florist,Londonderry,http://www.effectivefundraisingsolutions.com/,,,,,http://www.effectivefundraisingsolutions.com/contact/,Contact,NH,03038,florist
Delahunty Garden & Landscape Center,"41 Range Rd, Windham, NH 03087",Garden center,Windham,http://delahuntys.com/,,"Large nursery with various plants & trees, plus a shop for gifts, gardening supplies & bouquets.",,,https://www.delahuntys.com/contact,Contact,NH,03087,florist
Exeter Flower Shop,"55 Main St, Exeter, NH 03833",florists,Exeter,http://www.exeterflowershop.com/,,,,,//www.exeterflowershop.com/contactus.html?source=header,,NH,03833,florist
Studley Flower Gardens,"82 Wakefield St, Rochester, NH 03867",Florist,Rochester,https://www.studleys.com/,http://studleys.com/,,,,https://www.studleys.com/#,"

Your cart:

(0)
		- 
		$0.00

",NH,03867,florist
Petal Pushers of Pelham,"8 Kennedy Dr, Pelham, NH 03076",Florist,Pelham,http://www.petalpushersofpelham.com/,,,,,http://www.petalpushersofpelham.com/index.php/contact-us,Contact Us,NH,03076,florist
Just for You Floral Design Studio,"140 West St, Middlefield, CT 06455",Florist,Middlefield,http://justforyoufloraldesignstudio.com/,,,,,http://justforyoufloraldesignstudio.com/contact,Find us,CT,06455,florist
Rose Flowers & Gifts,"232 W Main St, Meriden, CT 06451",Florist,Meriden,http://www.roseflowersgifts.com/,,,,,https://www.facebook.com/roseflowersgifts/," 
",CT,06451,florist
Eden's Florist,"1429 Main St, East Hartford, CT 06108",Florist,East Hartford,http://www.easthartfordctflorist.com/,,,,,https://www.easthartfordctflorist.com/contact_us.php,CONTACT US,CT,06108,florist
Flowers by Emily LLC,"15620 W High St, Middlefield, OH 44062",Florist,Middlefield,http://www.flowersbyemily.net/,,,,,http://www.flowersbyemily.net/contact,CONTACT,OH,44062,florist
Towne House Flowers Inc,"2555 Hartford Ave, Johnston, RI 02919",Florist,Johnston,http://www.townehouseflowersri.com/,,,,,https://www.townehouseflowersri.com/contact_us.php,Contact Us,RI,02919,florist
Hillside Florist,"105 Lavinia St, Milton, DE 19968",Florist,Milton,http://www.hillsidefloristmilton.com/,,,,,https://www.hillsidefloristmilton.com/contact_us.php,Contact Us,DE,19968,florist
Flowers by Karen,"19916 Old Owen Rd, Monroe, WA 98272",Florist,Monroe,http://www.flowersbykarenonline.com/,,,,,https://flowersbykarenonline.com/contacts,"
Contact Us
",WA,98272,florist
Monroe Florist & Gifts,"204 N Hayne St, Monroe, NC 28112",Florist,Monroe,https://www.monroeflorist.com/,,,,,https://www.monroeflorist.com/contact_us.php,Contact Us,NC,28112,florist
Grand Floral Monroe,"202 Jackson St, Monroe, LA 71201",Florist,Monroe,http://grandfloralflowers.com/,,,,,http://grandfloralflowers.com/contact/,"

 Contact Us
",LA,71201,florist
Vee's Flowers,"1814 Roselawn Ave, Monroe, LA 71201",Florist,Monroe,http://www.veesflowers.net/,,,,,https://www.veesflowers.net/contact_us.php,Contact Us,LA,71201,florist
August Lily Florist,"1207 Concord Ave, Monroe, NC 28110",Florist,Monroe,http://www.augustlilyfloristmonroe.com/,,,,,https://www.augustlilyfloristmonroe.com/contact_us.php,Contact Us,NC,28110,florist
Flowers by Jeff,"1614 Winnsboro Road, Monroe, LA 71202",Florist,Monroe,https://www.flowersbyjeff.com/,,,,,https://www.flowersbyjeff.com/contact_us.php,Contact Us,LA,71202,florist
Rebecca's Floral Designs LLC,"227 Wallace Rd, West Monroe, LA 71291",Florist,West Monroe,http://www.rebeccasfloraldesigns.com/,,,,,https://www.rebeccasfloraldesigns.com/contact-us/,Contact Us,LA,71291,florist
Sweet William & Thyme,"19 E Railroad Ave, Jamesburg, NJ 08831",Florist,Jamesburg,https://www.thymeforflowers.com/,,,,,https://www.facebook.com/home.php#!/pages/Sweet-William-Thyme-Florist-and-Gift-Shop/60424310026," 
",NJ,08831,florist
Walmart Garden Center,"1600 Saratoga Ave, San Jose, CA 95129",Garden center,San Jose,http://www.shopwestgatecenter.com/,,,,,https://shopwestgatecenter.com/contact/,,CA,95129,florist
Kelly's Flower Shop,"175 W Jackson Blvd, Chicago, IL 60604",Florist,Chicago,https://www.kellysflowershop.com/,,Full-service florist offering arrangements for all occasions plus plants & gift baskets.,,,//www.kellysflowershop.com/contactus.html,Contact Us,IL,60604,florist
EveryPetal,"3181 Sterlington Rd, Monroe, LA 71203",Flower designer,Monroe,https://www.monroepetalsandpearls.com/,,,,,https://www.monroepetalsandpearls.com/contact_us.php,Contact Us,LA,71203,florist
E C Flowers,"224 S J St, Livermore, CA 94550",Florist,Livermore,http://www.livermorevalleyflorist.com/,,Straightforward flower shop offering classic floral arrangements & plants for special occasions.,,,http://www.facebook.com/livermore.valleyflorist," 
",CA,94550,florist
Flowers and Events by Sauchas,"2209 NE 54th St A, Fort Lauderdale, FL 33308",Florist,Fort Lauderdale,http://www.flowersbysauchas.com/,,,,,http://www.flowersbysauchas.com/pages/contact-us,"
                CONTACT
            ",FL,33308,florist
Wildflowers Florist,"2406 S Preston St, Louisville, KY 40217",Florist,Louisville,http://wildflowersfloristky.com/,,,,,//www.wildflowersfloristky.com/contactus.html,Contact Us,KY,40217,florist
Flor De Monterey Flowers,"217 W Franklin St, Monterey, CA 93940",Florist,Monterey,http://www.flordemonterey.com/,,,,,https://www.flordemonterey.com/index.php/contacts/,Contact Us,CA,93940,florist
Secret Garden Florist Wedding EventPlanning,"1092 NY-17K, Montgomery, NY 12549",Florist,Montgomery,http://secretgardenfloristny.com/,,,,,https://www.secretgardenfloristny.com/contact,Contact Us,NY,12549,florist
Lee & Lan Florist Inc,"3365 Atlanta Hwy, Montgomery, AL 36109",Florist,Montgomery,http://www.leeandlanflorist.com/,,,,,https://www.leeandlanflorist.net/contact_us.php,Contact Us,AL,36109,florist
Al's Flowers & Gifts,"1926 Mulberry St, Montgomery, AL 36106",Florist,Montgomery,http://www.alsflowersmontgomery.com/,,,,,http://www.alsflowersmontgomery.com/pages/get-in-touch,Contact,AL,36106,florist
Karen's Flower Boutique,"1677 Montgomery Rd #114, Aurora, IL 60504",Florist,Aurora,https://www.shopkarensflowerboutique.com/,,,,,https://www.shopkarensflowerboutique.com/contact_us.php,Contact Us,IL,60504,florist
E & E House of Flowers,"1715 Forest Ave, Montgomery, AL 36106",Florist,Montgomery,http://www.eandehouseofflowers.com/,,"Homey boutique offering custom & holiday-themed floral arrangements, plus gift items & baskets.",,,https://www.eandehouseofflowers.com/contact_us.php,Contact Us,AL,36106,florist
Always In Bloom,"10130 FM 1097 Rd w # A, Willis, TX 77318",Florist,Willis,http://www.alwaysinbloomtx.net/,,"Longtime florist designing special-occasion arrangements, bouquets & assorted gift baskets.",,,https://www.alwaysinbloomtx.net/contact_us.php,Contact Us,TX,77318,florist
Country Gardeners Florist,"5 Railroad Plaza, Millerton, NY 12546",Florist,Millerton,http://www.countrygardenersflorist.com/,,,,,https://countrygardenersflorist.com/contacts,"
Contact Us
",NY,12546,florist
Hugs & Kisses,"2957 Church St, Pine Plains, NY 12567",Florist,Pine Plains,https://www.hugsandkissesflowershop.com/,,,,,https://www.hugsandkissesflowershop.com/contact.html,"
							Contact
						",NY,12567,florist
The Little Flower Florist & Gift Shop,"84 W 11th St, Tracy, CA 95376",Florist,Tracy,http://www.flowersintracy.com/,,Locally owned florist features custom-made arrangements for all occasions & gourmet gift baskets.,,,https://www.tracyflowershop.com/contact_us.php,Contact Us,CA,95376,florist
Flowers Uniquely Framed,"1470 Winsted Rd, Torrington, CT 06790",Florist,Torrington,http://flowersuniquelyframed.com/,,,,,http://flowersuniquelyframed.com/contact.html,"
				Contact
			",CT,06790,florist
The Honey Bee Florist and More,"42 Main St, Torrington, CT 06790",Florist,Torrington,http://honeybeefloristct.com/,,,,,https://www.honeybeefloristct.com,Contact,CT,06790,florist
Colonial Greenhouse,"32 Meadow St, Litchfield, CT 06759",Florist,Litchfield,https://www.litchfieldctflorist.com/,,,,,https://www.litchfieldctflorist.com/contact_us.php,Contact Us,CT,06759,florist
Campo De Fiori Inc,"1815 N Main St #9506, Sheffield, MA 01257",Garden center,Sheffield,https://campodefiori.com/,,,,,https://campodefiori.com/contact/,Contact,MA,01257,florist
Wallace Floral Shoppe,"138 Virginia Ave, Pittsburgh, PA 15211",Florist,Pittsburgh,https://www.wallacefloralpa.com/,,,,,https://www.wallacefloralpa.com/contact_us.php,Contact Us,PA,15211,florist
Allan Woods Flowers,"2645 Connecticut Ave NW, Washington, DC 20008",Florist,Washington,http://www.allanwoods.com/,,Shop offering haute arrangements from bouquets to elaborate structures for all occasions.,,,https://allanwoods.com/contact-washington-dc-florist/,Contact,DC,20008,florist
Johnnies Florist Inc,"2000 Georgia Ave NW, Washington, DC 20001",Florist,Washington,http://www.johnniesflorist.com/,,,,,https://www.johnniesflorist.com/contact_us.php,Contact Us,DC,20001,florist
Raimondi's Florist,"3010 E Joppa Rd, Parkville, MD 21234",Florist,Parkville,http://www.raimondisflorist.com/,,,,,https://www.facebook.com/raimondis.florist,"

",MD,21234,florist
Mt Washington Florist,"1967 8 Mile Rd, Cincinnati, OH 45255",Florist,Cincinnati,http://www.mtwashingtonflorist.com/,,,,,https://www.google.com/maps/place/?q=place_id:ChIJD5Q7JXCpQYgR-vdpn4hhHP0,Find us,OH,45255,florist
FW Battenfeld & Son Wholesale Growers,"856 NY-199, Red Hook, NY 12571",Wholesale florist,Red Hook,http://www.anemones.com/,,,,,http://www.anemones.com/contact.php,Contact Us,NY,12571,florist
Flowers On Chestnut,"1 Chestnut St, Nantucket, MA 02554",Florist,Nantucket,http://www.flowersonchestnut.com/,,,,,http://www.flowersonchestnut.com/contact-1,"
            Contact
          ",MA,02554,florist
Sarah's Garden,"63 Rosalie Rd, Newton, MA 02459",Florist,Newton,http://sarahsgarden.net/,,Custom bouquets & floral designs for special events offered in an appointment-only studio setting.,,,http://sarahsgarden.net/contact,Contact,MA,02459,florist
Johnston's Flowers,"334 Ashford Ave, Dobbs Ferry, NY 10522",Florist,Dobbs Ferry,http://www.dobbsferryflorist.net/,,,,,http://www.facebook.com/johnstonsflowers.dobbsferry," 
",NY,10522,florist
Love's Flowers,"1504 Rte 9W, Marlboro, NY 12542",Florist,Marlboro,http://www.lovesflowersny.com/,,,,,https://www.facebook.com/lovesflowersny," 
",NY,12542,florist
Village Floral,"27 Genesee St, New Hartford, NY 13413",Florist,New Hartford,http://www.villageflorals.net/,,,,,http://null," 
",NY,13413,florist
Bayview Florist & Garden Center,"2711 Zion Rd, Northfield, NJ 08225",Florist,Northfield,http://www.bayviewfloristnj.com/,,,,,//www.bayviewfloristnj.com/contactus.html,Contact Us,NJ,08225,florist
Judy's Floral Design,"1951 Division St S, Northfield, MN 55057",Florist,Northfield,http://www.judysfreshfloraldesign.com/,,,,,https://www.judysfreshfloraldesign.com/contact_us.php,Contact Us,MN,55057,florist
Edwards Florist of Northbrook,"1353 Shermer Rd, Northbrook, IL 60062",Florist,Northbrook,https://edwardsflorist.com/,,"Veteran shop offering a classic range of bouquets & baskets, plus orchids & modern arrangements.",,,https://edwardsflorist.com/contacts,"
Contact Us
",IL,60062,florist
Hlavacek Florist of Glenview,"1010 Waukegan Rd, Glenview, IL 60025",Florist,Glenview,http://www.hlavacekflorist.net/,,"Fresh flowers, seasonal arrangements & small gifts at this family-run shop also offering delivery.",,,https://www.facebook.com/hlavacekfloristofglenview," 
",IL,60025,florist
VINEYARD GARDENS,"484 State Rd, West Tisbury, MA 02575",Garden center,West Tisbury,http://www.vineyardgardens.net/,,,,,http://www.vineyardgardens.net/contact,Contact,MA,02575,florist
CT Palm Trees,"203 Herbert St Greenhouse 24, Milford, CT 06461",Florist,Milford,http://www.ctpalmtrees.com/,,,,,https://www.ctpalmtrees.com,Contact Us,CT,06461,florist
Artistic Manner Flower Shop & Greenhouse,"211 Wolfs Ln, Village of Pelham, NY 10803",Florist,Village of Pelham,http://www.artisticmannerflowershop.com/,,,,,https://www.facebook.com/artisticmanner," 
",NY,10803,florist
Melissa Orchids Florist,"10525 S De Anza Blvd #15, Cupertino, CA 95014",Florist,Cupertino,http://www.melissaorchidandflorist.com/,,Independent flower shop offering traditional & contemporary orchid arrangements for all occasions.,,,https://www.melissaorchidandflorist.com/contact_us.php,Contact Us,CA,95014,florist
Village Flower Shoppe,"2237 El Camino Real, Palo Alto, CA 94306",Florist,Palo Alto,https://www.villageflowershoppe.net/,,"This shop creates custom floral bouquets & arrangements, plus gift baskets, with delivery available.",,,https://www.villageflowershoppe.net/page/contact-us,Contact Us,CA,94306,florist
Susi's Flowers,"25 Rancho Del Mar, Aptos, CA 95003",Florist,Aptos,http://www.susisflowers.com/,,,,,http://www.susisflowers.com/contact,Contact,CA,95003,florist
Granara's Flowers,"1682 El Camino Real, San Carlos, CA 94070",Florist,San Carlos,https://granarasflowers.com/,,"Long-standing family-run shop offering custom bouquets & gift baskets, with delivery available.",,,https://granarasflowers.com/tel:650-591-0751 ,"

",CA,94070,florist
Flower Cottage of Morgan Hill,"35 E 1st St, Morgan Hill, CA 95037",Florist,Morgan Hill,http://theflowercottageofmorganhill.com/,,,,,https://theflowercottageofmorganhill.com/contacts,"
Contact Us
",CA,95037,florist
Frank's Garden Florist by Expressions Floral,"401 1st St, Gilroy, CA 95020",Florist,Gilroy,http://www.franksgardenflorist.net/,,,,,https://www.franksgardenflorist.net/contact_us.php,Contact Us,CA,95020,florist
Love Stop Flowers & Gifts,"4016 International Blvd suite c, Oakland, CA 94601",Florist,Oakland,https://www.lovestopflowers.com/,,,,,https://www.lovestopflowers.com/contact_us.php,Contact Us,CA,94601,florist
Knodt's Flowers,"981 Alden Ln, Livermore, CA 94550",Florist,Livermore,http://www.knodtsflowers.com/,,"Longstanding florist shop inside Alden Lane Nursery featuring bouquets, arrangements & gifts.",,,https://www.knodtsflowers.com/contact_us.php,Contact Us,CA,94550,florist
Linda Mar Florist LLC,"1353 Linda Mar Shopping Center, Pacifica, CA 94044",Florist,Pacifica,http://www.lindamarflorist.com/,,"Local shop delivering bouquets & occasion arrangements, stuffed animals & baskets of food or candy.",,,https://www.facebook.com/pacificaflorist/,,CA,94044,florist
Yoko's Designs In Flowers & Plantings,"3661 Sacramento St, San Francisco, CA 94118",Florist,San Francisco,http://www.yokosdesigns.com/,,"Flower shop supplying roses, tulips & arrangements for many occasions, plus boutonnieres.",,,https://www.yokosdesigns.com/contact_us.aspx?sid=xfjflhfrojvcnfhyh4jeymwu&searchwords=&viewedpreviously=,CONTACT US,CA,94118,florist
The Golden Poppy,"1160 Solano Ave, Albany, CA 94706",Florist,Albany,https://www.albanycaliforniaflorist.com/,,"Cozy flower shop offering meticulously arranged bouquets, wedding services & small gifts.",,,https://www.albanycaliforniaflorist.com/contact_us.php,Contact Us,CA,94706,florist
LUCY'S FLORAL,"1439 N El Dorado St, Stockton, CA 95202",Florist,Stockton,https://www.lucysflorist.net/,,,,,https://www.lucysflorist.net/contact_us.php,CONTACT US,CA,95202,florist
What's Blooming,"65 N Broadway, Peru, IN 46970",Florist,Peru,https://www.seewhatsblooming.com/,,,,,https://www.seewhatsblooming.com/contact_us.php,Contact Us,IN,46970,florist
Apple Blossom Florist at Rulfs Orchard,"531 Bear Swamp Rd, Peru, NY 12972",Florist,Peru,http://www.appleblossomfloristinc.com/,,,,,https://www.appleblossomfloristinc.com/contact_us.php,Contact Us,NY,12972,florist
Valley Flowers & Gifts,"1 Valley Dr, East Templeton, MA 01438",Florist,East Templeton,http://www.valleygreenhouse.com/,,,,,http://www.constantcontact.com/jmml/email-newsletter.jsp,Email Newsletters,MA,01438,florist
Village Flower Shop,"24117 Lockport St #101, Plainfield, IL 60544",Florist,Plainfield,http://villageflowershop.us/,,,,,https://villageflowershop.us/index.php?route=information/contact,Contact Us,IL,60544,florist
Gillespie Florists,"9255 W 10th St, Indianapolis, IN 46234",Florist,Indianapolis,http://www.gillespieflorists.com/,,"Flower shop crafting bouquets & special-occasion arrangements, plus gift items & home goods.",,,https://www.facebook.com/gillespieflorists," 
",IN,46234,florist
Benken Florist Home and Garden Center,"6000 Plainfield Rd, Cincinnati, OH 45213",Florist,Cincinnati,https://www.benkens.com/,,"Florist & garden center offering arrangements & gardening supplies, plus flower rentals.",,,https://www.benkens.com/about-us,Find Us,OH,45213,florist
McNamara Florist,"4322 De Forest Ave, Fort Wayne, IN 46809",Florist,Fort Wayne,https://www.mcnamaraflorist.com/,,,,,https://www.mcnamaraflorist.com/support/faqs/category.cfm?typID=9&faqID=57,"







",IN,46809,florist
Ferris Brothers Wholesale Florist,"565 Union Ave, Middlesex, NJ 08846",Wholesale florist,Middlesex,https://ferriswholesale.florist/,,,,,https://ferriswholesale.florist/contact,Contact,NJ,08846,florist
Randolph Florist,"47 Belcher St, Randolph, MA 02368",Florist,Randolph,https://abellamiaflorist.com/,,,,,https://abellamiaflorist.com/contact-us/,Contact,MA,02368,florist
Attleboro Farms,"491 Hickory Rd, North Attleborough, MA 02760",Garden center,North Attleborough,https://www.attleborofarms.com/,,,,,https://www.attleborofarms.com/pages/Contact.cfm,Contact,MA,02760,florist
Donna's Florist And Gifts,"116 Central St #7047, Bristol, CT 06010",Florist,Bristol,https://www.bristolflowershop.com/,,,,,https://www.bristolflowershop.com/contact_us.php,Contact Us,CT,06010,florist
Nyren's of New England,"456 N Main St, Southington, CT 06489",Florist,Southington,https://www.nyrensflowers.com/,,,,,https://www.nyrensflowers.com/contact_us.php,Contact Us,CT,06489,florist
Cross Street Flower Farm,"4 Jacobs Ln, Norwell, MA 02061",florists,Norwell,http://www.crossstreetflowerfarm.com/,,,,,http://www.crossstreetflowerfarm.com/contact-us,Contact,MA,02061,florist
Monday Morning Flower and Balloon Co,"111 Main St, Princeton, NJ 08540",Florist,Princeton,https://www.sendingsmiles.com/,,,,,https://www.facebook.com/localflorist/," 
",NJ,08540,florist
Princeton Floral Design,"28 Palmer Square E, Princeton, NJ 08542",Florist,Princeton,http://www.princetonfloraldesign.com/,,,,,http://www.princetonfloraldesign.com/pages/contact-us,Contact Us,NJ,08542,florist
Perna's Plant and Flower Shop,"189 Washington Rd, Princeton, NJ 08540",Florist,Princeton,https://www.flowersofprinceton.com/,,,,,https://www.flowersofprinceton.com/contact_us.php,Contact Us,NJ,08540,florist
Calareso's Farm Stand & Garden Center,"100 Main St, Reading, MA 01867",Garden center,Reading,http://www.calaresosfarmstand.com/,,"Enduring, family-run garden center with a produce market, cut flower bouquets & a bakery.",,,http://www.calaresosfarmstand.com/contact-us.asp#hours,Store hours,MA,01867,florist
Wedding Flowers by Annette,"95 Summer St, Revere, MA 02151",florists,Revere,http://www.weddingflowersbyannette.com/,,"This wedding-centric florist offers customized bouquets, centerpieces & other arrangements.",,,http://www.weddingflowersbyannette.com/mailto:weddingflowersbyannette@gmail.com,Contact,MA,02151,florist
Vogue Flowers,"1114 E Main St, Richmond, VA 23219",Florist,Richmond,https://www.vogueflowers.com/,,,,,https://www.vogueflowers.com/contact-us/,Contact Us,VA,23219,florist
Flowerama Richmond,"2801 Hathaway Rd A, Richmond, VA 23225",Florist,Richmond,http://www.floweramarichmond.com/,,,,,https://www.facebook.com/floweramarva/," 
",VA,23225,florist
Danny's Flower Market,"8801 Three Chopt Rd, Richmond, VA 23229",Florist,Richmond,http://www.dannysflowermarket.net/,,,,,https://dannysflowermarket.net/contacts,"
Local Delivery
",VA,23229,florist
Wisteria Flowers & Gifts,"360 Culver Rd, Rochester, NY 14607",Florist,Rochester,http://www.wisteriaflowersandgifts.com/,,,,,https://www.wisteriaflowersandgifts.com/contact-us/,Contact Us,NY,14607,florist
Stacy K Floral,"43 Russell St, Rochester, NY 14607",Florist,Rochester,http://www.stacykfloral.com/,,,,,https://www.stacykfloral.com/contact-us/,CONTACT,NY,14607,florist
Fioravanti Florist,"2279 Clifford Ave, Rochester, NY 14609",Florist,Rochester,http://www.fioravantiflorist.com/,,,,,https://www.facebook.com/fioravanti.florist/," 
",NY,14609,florist
Lakeside Floral and Antique Gallery,"4641 Lake Ave, Rochester, NY 14612",Florist,Rochester,http://www.lakesidefloralny.net/,,,,,https://www.lakesidefloralny.net/contact_us.php,CONTACT US,NY,14612,florist
Pittsford Florist,"41 S Main St, Pittsford, NY 14534",Florist,Pittsford,https://pittsfordflorist.com/,,,,,https://pittsfordflorist.com/pittsford-pittsford-florist/contact-us.html,"






                                    CONTACT US                                

                                    CONTACT US                                




                                                $1.00                                            










Next Day Delivery


ADD TO FAVORITES





",NY,14534,florist
Flower Barn,"2137 Five Mile Line Rd, Penfield, NY 14526",Florist,Penfield,http://www.penfieldflowerbarn.com/,,,,,https://www.facebook.com/Flower-Barn-315439288585731/," 
",NY,14526,florist
Design Works Flowers,"624 N Main St, Rochester, MI 48307",Florist,Rochester,http://www.designworksflowers.com/,,,,,http://www.designworksflowers.com/tel:248-656-3995,"

",MI,48307,florist
Seasons Downeast Designs,"62 Meadow St, Rockport, ME 04856",Florist,Rockport,http://www.seasonsdowneastdesigns.com/,,,,,https://seasonsdowneastdesigns.com/about-contact,Contact,ME,04856,florist
Lulu's Flowers,"2722 Business, Hwy 35 N Bypass, Rockport, TX 78382",Florist,Rockport,http://www.lulusflowers.com/,,,,,https://www.lulusflowers.com/contact/,Contact,TX,78382,florist
Russell's Florist,"204 S Main St, Jersey Shore, PA 17740",Florist,Jersey Shore,https://www.shoprussellsflorist.com/,,,,,https://www.shoprussellsflorist.com/contact_us.php,Contact Us,PA,17740,florist
Russell County Florist,"733 Main St, Russell Springs, KY 42642",Florist,Russell Springs,http://www.russellcountyflorist.com/,,,,,https://www.flowershopnetwork.com/contactus,Contact FSN,KY,42642,florist
Russell Florist & Gifts,"6129 Nieman Rd, Shawnee, KS 66203",Florist,Shawnee,http://russellfloristandgift.com/,,,,,https://www.google.com/maps/place/?q=place_id:ChIJ3ZChm9jswIcRvhUTyAUXEyo,Find us,KS,66203,florist
Blossoms 'n More Florist,"191 Columbian Ave, Rutland, VT 05701",Florist,Rutland,http://www.hncblossomsnmore.com/,,,,,https://www.hncblossomsnmore.com/contact_us.php,Contact Us,VT,05701,florist
Floral Expressions Boutique,"252 Calef Hwy, Epping, NH 03042",Florist,Epping,http://floralexpressionsboutique.com/,,,,,https://www.floralexpressionsboutique.com/copy-of-contact-us-orig,Click here for hours,NH,03042,florist
Hartford Florist Supply Co,"60 Douglas St, Bloomfield, CT 06002",Wholesale florist,Bloomfield,http://hartfordfloristsupply.com/,,,,,http://hartfordfloristsupply.com/contact.html,"Contact 
									Us",CT,06002,florist
Floral Designs by LiRog,"349 Broadway, Providence, RI 02909",Florist,Providence,http://www.lirog.com/,,,,,http://www.lirog.com/tel:4012734010,401.273.4010,RI,02909,florist
Dyer Avenue Florist,"961 Dyer Ave, Cranston, RI 02920",Florist,Cranston,http://www.dyeravenueflorist.com/,,,,,http://www.dyeravenueflorist.com/contact.html,ContactUs,RI,02920,florist
Sweet Talk Floral,"49 Rathbone St, Providence, RI 02908",Florist,Providence,http://www.sweettalkfloral.com/,,,,,http://www.sweettalkfloral.com/contact,"
            CONTACT
          ",RI,02908,florist
Southbury Country Florist,"385 Main St S, Southbury, CT 06488",Florist,Southbury,https://www.southburycountryflorist.com/,,,,,https://www.southburycountryflorist.com/contact_us.php,Contact Us,CT,06488,florist
Fuqua & Sheffield Flowers,"1112 N Arthur Ashe Blvd, Richmond, VA 23230",Florist,Richmond,http://www.fuquaandsheffield.com/,,,,,https://www.fuquaandsheffield.com/contact_us.php,Contact Us,VA,23230,florist
Cherry Lane Flower Shop,"757 Street Rd, Southampton, PA 18966",Florist,Southampton,http://cherrylaneflowershop.com/,,,,,https://www.cherrylaneflowershop.com/contact_us.php,CONTACT US,PA,18966,florist
Western Growers Inc,"45 Piper Cross Rd, West Springfield, MA 01089",Wholesale florist,West Springfield,https://www.massflowergrowers.com/,,,,,https://www.massflowergrowers.com/about-us/,ContactUs,MA,01089,florist
Sterling Greenery,"44 Redemption Rock Trail, Sterling, MA 01564",Garden center,Sterling,http://www.sterlinggreenery.com/,,,,,http://www.sterlinggreenery.com/about_us.html,Contact Us,MA,01564,florist
Stow Garden Center,"575 Great Rd, Stow, MA 01775",Garden center,Stow,http://stowgardencenter.com/,,,,,http://stowgardencenter.com/#Footer,Contact Us,MA,01775,florist
J P Bartlett Co,"578 Boston Post Rd, Sudbury, MA 01776",Wholesale florist,Sudbury,http://www.bartlettgreenhouses.com/,,,,,http://www.bartlettgreenhouses.com/contact-us,"
Contact Us
",MA,01776,florist
Dawson Florist Inc,"250 Pleasant St #A, Willimantic, CT 06226",Florist,Willimantic,https://www.dawsonflorist.com/,,,,,https://www.dawsonflorist.com/contact_us.php,Contact Us,CT,06226,florist
East Coast Wholesale Flowers,"30 Muller Ave #10A, Norwalk, CT 06851",Wholesale florist,Norwalk,http://www.eastcoastwholesaleflowers.com/,,,,,http://www.eastcoastwholesaleflowers.com/contactus.aspx,Contact Us,CT,06851,florist
The Flower Hutch,"42 Bayberry Hill Rd, West Townsend, MA 01474",Garden center,West Townsend,http://www.flowerhutchma.com/,,,,,http://www.flowerhutchma.com/contact/,Contact,MA,01474,florist
The Flower Pot,"9 Dog Ln #110, Storrs, CT 06268",Florist,Storrs,http://www.storrsflowerpot.com/,,,,,https://www.storrsflowerpot.com/contact_us.php,Contact Us,CT,06268,florist
SWEET PEA FLORIST,"697 Main St, Watertown, CT 06795",Florist,Watertown,http://www.sweetpeasfloristct.com/,,,,,http://www.sweetpeasfloristct.com," 
",CT,06795,florist
Lakeview Florist,"285 Lakeview Ave, Valhalla, NY 10595",Florist,Valhalla,https://www.lakeviewfloristny.com/,,,,,https://www.lakeviewfloristny.com/contact_us.php,Contact Us,NY,10595,florist
Mrs Morgan's Flower Shop,"145 Parkway Rd, Bronxville, NY 10708",Florist,Bronxville,http://www.flowershopbronxville.com/,,,,,https://www.flowershopbronxville.com/contact_us.php,Contact Us,NY,10708,florist
Flower World,"83 3rd St, Troy, NY 12180",Florist,Troy,https://www.flowerworldtroy.com/,,,,,https://www.flowerworldtroy.com/contact_us.php,Contact Us,NY,12180,florist
Sterling Blooms,"43-50 11th St #206, Long Island City, NY 11101",Florist,Long Island City,http://www.sterlingblooms.com/,,,,,https://www.facebook.com/SterlingBloomsNY," 
",NY,11101,florist
Shelley's Flowers & Gifts,"1738 Atlantic Hwy, Waldoboro, ME 04572",Florist,Waldoboro,http://www.shelleysflowers.com/,,,,,https://www.shelleysflowers.com/contact_us.php,Contact Us,ME,04572,florist
San Francisco Flower Mart,"640 Brannan St, San Francisco, CA 94107",Wholesale florist,San Francisco,http://www.sanfranciscoflowermart.com/,,,,,http://www.sanfranciscoflowermart.com/mart-info.html,Contact SFFM,CA,94107,florist
Flowers By Bert & Peg,"550 Tower Hill Rd, North Kingstown, RI 02852",Florist,North Kingstown,http://www.flowersbybertandpeg.com/,,,,,https://flowersbybertandpeg.com/contacts,"
Contact Us
",RI,02852,florist
FLORALS  by Carson Robert Event Designs Inc,"660 Port Washington Blvd, Port Washington, NY 11050",Florist,Port Washington,http://www.roslynflowers.com/,,,,,https://www.roslynflowers.com/contact_us.php,Contact Us,NY,11050,florist
Mountain View Grant Florist,"805-B E El Camino Real, Mountain View, CA 94040",Florist,Mountain View,http://www.mtnviewflorist.com/,,,,,https://www.facebook.com/#!/MountainViewGrantFlorist," 
",CA,94040,florist
Misaghi Design  Orinda Florist,"99 Brookwood Rd, Orinda, CA 94563",Florist,Orinda,http://www.orindafloristca.com/,,European-style flower shop in a gracious setting featuring original & sustainably-focused bouquets.,,,https://www.facebook.com/OrindaFloristCa," 
",CA,94563,florist
Hibu Asx,"1840 Commonwealth Avenue, Boston, MA 02135",Florist,Boston,http://www.hibu.com/,,,,,http://www.hibu.com/client-support,"





Client Support
",MA,02135,florist
Balloons Flowers & Gifts,"2618 NC-97, Wendell, NC 27591",Florist,Wendell,http://www.balloonsflowersandgiftsraleigh.com/,,,,,https://www.balloonsflowersandgiftsraleigh.com/contact_us.php,Contact Us,NC,27591,florist
The Decor Store,"6909 Las Positas Rd, Livermore, CA 94551",Florist,Livermore,http://thedecorstore.com/,,,,,https://www.facebook.com/thedecorstore1/,"
  
Find us on Facebook
",CA,94551,florist
The Flower Shop,"52 Court St, Westfield, MA 01085",Florist,Westfield,http://www.flowersbywebster.com/,,,,,https://www.facebook.com/FlowersByWebster," 
",MA,01085,florist
McEwen Flowers,"516 Westfield Ave, Westfield, NJ 07090",Florist,Westfield,http://www.mcewenflowers.com/,,,,,https://www.facebook.com/mcewenflowers," 
",NJ,07090,florist
Dedham Flower Shop,"24 Arbor Ln, Dedham, MA 02026",Florist,Dedham,https://dedhamflowershop.com/,,,,,https://dedhamflowershop.com/contact-us/,Contact,MA,02026,florist
Morrison's Flowers & Gifts,"1303 Jamestown Rd, Williamsburg, VA 23185",Florist,Williamsburg,http://www.morrisonsflowersandgifts.com/,,,,,https://www.facebook.com/morrisonsflowers," 
",VA,23185,florist
Seasons of Williamsburg,"1308 Jamestown Rd, Williamsburg, VA 23185",Florist,Williamsburg,http://shopatseasons.com/,,,,,http://shopatseasons.com/contact,"
            Contact
          ",VA,23185,florist
House of Flora Flower Market,"896 New Britain Ave, Hartford, CT 06106",Florist,Hartford,http://www.houseofflora.com/,,,,,https://www.facebook.com/House-Of-Flora-125368510811725/," 
",CT,06106,florist
DillonChapin Inc,"161 White St, Hartford, CT 06114",Florist,Hartford,https://raesdillonchapinflorist.com/,,,,,https://raesdillonchapinflorist.com/contacts,"
Contact Us
",CT,06114,florist
Gennarelli's Flower Shop,"105 Court St, Binghamton, NY 13901",Florist,Binghamton,http://www.gennarellisflowers.com/,,,,,https://www.facebook.com/gennarellisflowershop," 
",NY,13901,florist
Windsor's Flowers Plants & Shrubs,"20326 Coastal Hwy, Rehoboth Beach, DE 19971",Florist,Rehoboth Beach,http://www.windsorsflorist.com/,,,,,https://www.facebook.com/windsorsflowers/," 
",DE,19971,florist
Flowers by Evelyn,"92 E Main St, Westminster, MD 21157",Florist,Westminster,http://www.flowersbyevelyn.com/,,,,,http://www.flowersbyevelyn.com/contact-florist-westminster-maryland.php,CLICK HERE ,MD,21157,florist
Atrellis Flowers & Gifts,"816 McClelland Dr, Windsor, CA 95492",Florist,Windsor,http://www.atrellis.com/,,,,,https://www.atrellis.com/contact,Contact,CA,95492,florist
Li'l Flower Shop,"417 Main St, Windsor, CO 80550",Florist,Windsor,http://www.lilflowershop.com/,,,,,http://www.facebook.com/windsorflowershop," 
",CO,80550,florist
McCue Garden Center,"200 Cambridge Rd, Woburn, MA 01801",Garden center,Woburn,http://www.mccuegardencenter.com/,,"Established in 1933, this family-run garden center has a nursery, a florist & holiday decorations.",,,https://www.mccuegardencenter.com/contact-us,Contact Us,MA,01801,florist
UpTowne Flowers & Gift Shoppe,"2145 W Dublin Granville Rd, Worthington, OH 43085",Florist,Worthington,http://www.uptowneflowers.com/,,,,,https://www.uptowneflowers.com/contact_us.php,Contact Us,OH,43085,florist
All inBloom,"7909 Station St, Columbus, OH 43235",Florist,Columbus,http://www.allinbloom1.com/,,,,,https://www.allinbloom1.com/contact_us.php,Contact Us,OH,43235,florist
De Santis Florist Inc,"4460 Kenny Rd, Columbus, OH 43220",Florist,Columbus,http://www.desantisflor.com/,,,,,//www.desantisflor.com/contactus.html?source=header,,OH,43220,florist
Connells Maple Lee Flower & Gifts,"3014 E Broad St, Columbus, OH 43209",Florist,Columbus,http://www.cmlflowers.com/,,,,,https://www.cmlflowers.com/usrf.cfm?aboutus=coronavirus&Session=20200421221047A3798Q2616B6376A1343323295,"











We're Still Taking Orders
All retail locations are temporarily closed, but we are still able to take contactless delivery and pick up orders.
Learn More



 Admin. Prof. Week
April 19 - 25
 Mother's Day
May 10


",OH,43209,florist
Carriage House Of Flowers,"4923 W Broad St, Columbus, OH 43228",Florist,Columbus,http://www.carriagehouseofflowers.com/,,,,,https://www.carriagehouseofflowers.com/contact_us.php,Contact Us,OH,43228,florist
Lincoln Fine Ingredients a Maroon Group LLC company,"50 Industrial Cir, Lincoln, RI 02865",Florist,Lincoln,http://www.lincolnfineingredients.com/,,,,,http://www.lincolnfineingredients.com/en/Contact Us,Contact Us,RI,02865,florist
