name,address,type,place,website_url,menu_url,description,gift_card_txt,gift_card_website,contact_website,contact_txt,state,zipcode,store_type
Cast a Stone,"700 Brockton Ave, Abington, MA 02351",Gift shop,Abington,http://www.castastone.com/,,,,,http://www.castastone.com/mailto:shop@castastone.com?subject=Cast-A-Stone_EMAIL_US,Contact Us,MA,02351,book_store
Frugal Bookstore,"57 Warren St, Roxbury, MA 02119",Book store,Roxbury,http://frugalbookstore.net/,,,,,http://frugalbookstore.net/pages/contact-us,"
            Contact Us
          ",MA,02119,book_store
New England Mobile Book Fair,"241 Needham St, Newton Upper Falls, MA 02464",Book store,Newton Upper Falls,http://www.nebookfair.com/,,,,,http://www.nebookfair.com/contacts,Email Us,MA,02464,book_store
I AM Books,"7900 High School Rd, Elkins Park, PA 19027",Book store,Elkins Park,http://www.openbookphilly.com/,,,,,https://openbookphilly.com/contact/,Contact,PA,19027,book_store
Book Ends,"559 Main St, Winchester, MA 01890",Book store,Winchester,http://www.bookendswinchester.com/,,"Charming bookshop features a range of bestselling titles for all ages, plus frequent author events.",,,http://www.bookendswinchester.com/contact,Contact Us,MA,01890,book_store
Purple Dragon Games,"40 Spring St, Williamstown, MA 01267",Game store,Williamstown,http://www.purpledragongames.com/,,,,,http://www.purpledragongames.com/contact/,Contact,MA,01267,book_store
Just Write Words,"53 Melwood Ave, East Longmeadow, MA 01028",Book store,East Longmeadow,https://carolmunrojustwritewords.com/,,,,,https://carolmunrojustwritewords.com/contact-me/,Contact Me,MA,01028,book_store
Broadside Bookshop,"247 Main St, Northampton, MA 01060",Book store,Northampton,http://www.broadsidebooks.com/,,,,,http://www.broadsidebooks.com/contact-us,Contact Us,MA,01060,book_store
Amherst Books,"8 Main St, Amherst, MA 01002",Book store,Amherst,https://www.amherstbooks.com/,,,,,https://www.amherstbooks.com/mailto:webmail@amherstbooks.com,Contact Us!,MA,01002,book_store
Bridgeport National Bindery Inc,"662 Silver St, Agawam, MA 01001",Bookbinder,Agawam,http://www.bnbindery.com/,,,,,http://www.bnbindery.com/contact-bnb,"
                Contact Us
              ",MA,01001,book_store
Crystal Essence,"39 Railroad St, Great Barrington, MA 01230",Book store,Great Barrington,http://www.crystalessence.com/,,,,,http://www.crystalessence.com/contact-us.html,"
            				Contact Us
            			",MA,01230,book_store
Steiner Books,"610 S Main St, Great Barrington, MA 01230",Book store,Great Barrington,https://steinerbooks.org/,,,,,https://steinerbooks.org/contact-us-1,"
                  Contact Us
                ",MA,01230,book_store
Matrushka Toys & Gifts,"309 Main St # 1, Great Barrington, MA 01230",Book store,Great Barrington,http://www.berkshiretoys.com/,,,,,http://www.berkshiretoys.com/contact,Contact,MA,01230,book_store
Berkshire Great Finds & Frame Shop,"1840 N Main St, Sheffield, MA 01257",Book store,Sheffield,http://berkshiregreatfinds.com/,,,,,http://berkshiregreatfinds.com/contact-us,Contact Us,MA,01257,book_store
Tom's Toys,"297 Main St, Great Barrington, MA 01230",Toy store,Great Barrington,http://www.tomstoys.com/,,,,,https://www.tomstoys.com/contact,Contact Us,MA,01230,book_store
Colebrook Book Barn,"657 Colebrook Rd, Colebrook, CT 06021",Used book store,Colebrook,https://www.colebrookbookbarn.com/,,,,,https://www.colebrookbookbarn.com/contact.php,Contact,CT,06021,book_store
Toy Soldier Games,"113 Main St, Amesbury, MA 01913",Book store,Amesbury,http://amesburygames.com/,,,,,http://amesburygames.com/tel:9783882512,(978) 388-2512,MA,01913,book_store
Artbeat Creativity Store & Studio,"212 Massachusetts Ave A, Arlington, MA 02474",Gift shop,Arlington,http://artbeatonline.com/,,Pint-sized shop featuring an array of art supplies plus classes of all types & a walk-in studio.,,,https://artbeatonline.com/about-us/contact-us/,Contact Us,MA,02474,book_store
Escape Hatch Books,"27 Main St, Jaffrey, NH 03452",Comic book store,Jaffrey,http://www.escapehatchbooks.com/,,,,,http://www.escapehatchbooks.com/#,Contact Escape Hatch Books on Messenger,NH,03452,book_store
Bauhan Publishing,"70 Main St, Peterborough, NH 03458",Book store,Peterborough,http://www.bauhanpublishing.com/,,,,,http://www.bauhanpublishing.com/about/contact/,Contact,NH,03458,book_store
Pandemonium Books & Games,"4 Pleasant St, Cambridge, MA 02139",Game store,Cambridge,http://www.pandemoniumbooks.com/,,"Book & game shop focusing on the science fiction, horror & fantasy genres, plus frequent events.",,,http://www.pandemoniumbooks.com/tel:617-547-3721,"


Shape
Created with Sketch.








",MA,02139,book_store
Barnes & Noble at UConn  Downtown Storrs,"1 Royce Cir, Storrs, CT 06268",Book store,Storrs,http://uconn.bncollege.com/,,,,,http://uconn.bncollege.com/webapp/wcs/stores/servlet/BNCBLocationAndContactView?catalogId=10001&langId=-1&storeId=88191,Contact Us,CT,06268,book_store
The Hall of Comics,"3 Turnpike Rd, Southborough, MA 01772",Comic book store,Southborough,http://www.thehallofcomics.com/,,,,,http://www.thehallofcomics.com/pages/contact-us,CONTACT US,MA,01772,book_store
Bedrock Comics,"371 Worcester Rd, Framingham, MA 01701",Book store,Framingham,http://www.bedrock-comics.com/,,,,,http://www.bedrock-comics.com/contact.php,Contact Us,MA,01701,book_store
Shuki's Judaica Jewlery & Gift,"499 Worcester Rd, Framingham, MA 01701",Book store,Framingham,http://www.shukisjudaica.com/,,,,,http://www.shukisjudaica.com/info/contact-us,Contact,MA,01701,book_store
Never Grow Up,"463 Main St, Athol, MA 01331",Video game store,Athol,http://www.nevergrow.com/,,,,,http://www.nevergrow.com/contact_us,Contact Us,MA,01331,book_store
Federal Street Books,"8 Federal St, Greenfield, MA 01301",Used book store,Greenfield,https://federalstreetbooks.com/,,,,,https://federalstreetbooks.com/pages/contact-us,"
              Contact
            ",MA,01301,book_store
The Sober Camel,"27 Bird St, Foxborough, MA 02035",Book store,Foxborough,http://camelrecoverystore.com/,,,,,http://camelrecoverystore.com/contact/4593324366,Contact,MA,02035,book_store
Illuminating Light Healing Center,"407 Old Colony Rd, Norton, MA 02766",Book store,Norton,http://illuminating-light.com/,,,,,http://illuminating-light.com/tel:5088180675,508-818-0675,MA,02766,book_store
The Art Experience,"6 Kiddie Dr, Avon, MA 02322",Art supply store,Avon,http://www.theartexperience.com/,,,,,http://www.theartexperience.com/contactus.html,CONTACT US,MA,02322,book_store
Whitelam Books,"610 Main St, Reading, MA 01867",Book store,Reading,http://www.whitelambooks.com/,,,,,https://www.whitelambooks.com/contact,CONTACT,MA,01867,book_store
The Yard Sale Store,"24 North St, Randolph, MA 02368",Thrift store,Randolph,http://theyardsalestore.org/,,,,,http://theyardsalestore.org/contact-us,Contact Us,MA,02368,book_store
The Minor Chord,"80 King St, Littleton, MA 01460",Music store,Littleton,http://www.theminorchord.com/,,,,,http://www.theminorchord.com/./videos.html,"


Minor Chord Video Library

			We've produced videos on a range of topics including shopping guides,
			product reviews, and how-to instructions. Check out our video library!
			more >>>





 Want to be first to notified on the latest gear that has arrived to the store? Send us a 
			message here 
		to get on the newletter distribution list.




Like us on Facebook and be first to hear about cool new stuff!
		more >>>






",MA,01460,book_store
Flip Over Records Inc,"274 Great Rd #10, Acton, MA 01720",Record store,Acton,http://webuyvinylrecords.com/,,,,,http://webuyvinylrecords.com/#5cbae238-f1ce-486b-b70a-557502b3b914,Contact Us,MA,01720,book_store
Cornerstone Thrift Shop Acton,"12 Concord Rd, Acton, MA 01720",Thrift store,Acton,https://actonc.org/,,,,,https://actonc.org/contact_us,Contact Us,MA,01720,book_store
Cape Abilities Thrift Shop,"316 MA-28, West Yarmouth, MA 02673",Thrift store,West Yarmouth,http://www.capeabilities.org/,,,,,https://www.capeabilities.org/contact-us/,Contact Us,MA,02673,book_store
Just Picked,"13 Willow St, Yarmouth Port, MA 02675",Gift shop,Yarmouth Port,http://www.justpickedgifts.com/,,,,,http://www.justpickedgifts.com/contact,Contact Us,MA,02675,book_store
Counterplay Comics Collectibles & Cosplay,"279 Cambridge St #9, Burlington, MA 01803",Comic book store,Burlington,http://counterplaycomics.com/,,,,,http://pub13.bravenet.com/emailfwd/show.php?formid=3902&usernum=1042830129,Contact Us,MA,01803,book_store
Computer Fulfillment Inc,"24 Cook St, Billerica, MA 01821",Book store,Billerica,https://www.computerfulfillment.com/,,,,,https://www.computerfulfillment.com/contact,Contact,MA,01821,book_store
Alma Mater,"442 Marrett Rd #7, Lexington, MA 02421",Book store,Lexington,http://www.almamaterstudio.org/,,,,,https://www.almamaterstudio.org/contact-us,Contact Us,MA,02421,book_store
Leonards Music,"128 Great Rd, Bedford, MA 01730",Music store,Bedford,http://www.leonardsmusic.com/,,,,,https://www.leonardsmusic.com/aerntschoolselect.aspx,,MA,01730,book_store
Annie's Book Stop,"65 James St, Worcester, MA 01603",Book store,Worcester,http://anniesbooksworcester.com/,,,,,http://anniesbooksworcester.com/Annies_Book_Stop_Contact_Us_Worcester_MA.html,Contact Us,MA,01603,book_store
Booklovers' Gourmet,"#A, 55 East Main Street, Webster, MA 01570",Book store,Webster,http://www.bookloversgourmet.com/,,,,,http://bookloversgourmet.com/contact-us/,Contact Us,MA,01570,book_store
Enchanted Fox,"174 Main St, Medway, MA 02053",Gift shop,Medway,http://enchantedfox.com/,,,,,http://enchantedfox.com/contact-us,Contact Us,MA,02053,book_store
Mayflower Book Store,"2645 Twelve Mile Rd, Berkley, MI 48072",Book store,Berkley,http://mayflowerbookshop.com/,,,,,https://mayflowerbookshop.com/contact/,Contact,MI,48072,book_store
Revolution Books,"2444 Durant Ave, Berkeley, CA 94704",Book store,Berkeley,http://revolutionbooks.org/,,"Shelf-lined communist bookstore presenting political reads, Spanish literature & guest speakers.",,,https://www.revolutionbooks.org/contact,Email,CA,94704,book_store
Short Courses,"16 Preston Beach Rd, Marblehead, MA 01945",Book store,Marblehead,http://shortcourses.com/,,,,,http://www.constantcontact.com/safesubscribe.jsp,,MA,01945,book_store
The Bookstore of Gloucester,"61 Main St #5783, Gloucester, MA 01930",Book store,Gloucester,http://www.thebookstoreofgloucester.com/,,,,,http://www.thebookstoreofgloucester.com/contact,"
                Contact
              ",MA,01930,book_store
St Joseph the Worker Shrine,"37 Lee St, Lowell, MA 01852",Gift shop,Lowell,https://www.stjosephshrine.org/,,,,,https://www.stjosephshrine.org/contact, Find us on a map,MA,01852,book_store
Blackstone's of Beacon Hill,"46 Charles St, Boston, MA 02114",Gift shop,Boston,http://www.blackstonesbeaconhill.com/,,"Eclectic haunt offering a wide & whimsical array of collectible figurines, home decor & more.",,,http://www.blackstonesbeaconhill.com/pages/contact-us-1,Contact Us,MA,02114,book_store
The WaterFire Arts Center,"475 Valley St, Providence, RI 02908",Book store,Providence,https://artscenter.waterfire.org/,,,,,https://artscenter.waterfire.org/contact-us/,Contact Us,RI,02908,book_store
Book Case,"809 Blackstone Rd, Connellsville, PA 15425",Book store,Connellsville,http://bookcbks.alibrisstore.com/,,,,,http://bookcbks.alibrisstore.com/javascript:void(0);,E-mail The Book Case,PA,15425,book_store
The Book End,"102 Maple St, Blackstone, VA 23824",Used book store,Blackstone,http://www.nottlib.org/,,,,,http://www.nottlib.org/contactmenu.htm,Contact,VA,23824,book_store
Adventist Book Center,"34 Sawyer St, South Lancaster, MA 01561",Book store,South Lancaster,https://www.adventistbookcenter.com/,,,,,https://adventistbookcenter.com/contact-us,,MA,01561,book_store
The One Stop Shop,"10 High St, Clinton, MA 01510",Video game store,Clinton,http://theonestopshopgames.com/,,,,,https://theonestopshopgames.com/contact-us/,Contact Us,MA,01510,book_store
Gaming Outfitters,"14 Kane Industrial Dr, Hudson, MA 01749",Gift shop,Hudson,http://www.gamingoutfitters.com/,,,,,http://www.gamingoutfitters.com/pages/contact-us,Contact Us,MA,01749,book_store
Massachusetts Center for the Book,"300 The Fenway, Simmons Gslis, Boston, MA 02115",Book store,Boston,http://www.massbook.org/,,,,,http://www.massbook.org/contact-us,"
            Contact Us
          ",MA,02115,book_store
North Falmouth Congregational Shop,"149 Old Main Rd, North Falmouth, MA 02556",Thrift store,North Falmouth,http://www.northfalmouthucc.com/,,,,,http://www.northfalmouthucc.com/Contact,Contact/Directions,MA,02556,book_store
Hand in hand Thrift Shop,"141 Sandwich Rd, East Falmouth, MA 02536",Thrift store,East Falmouth,http://www.falmouthservicecenter.org/,,,,,http://www.falmouthservicecenter.org/contact-and-directions.html,Contact ,MA,02536,book_store
Coco Brown,"293 Washington St, Haverhill, MA 01832",Book store,Haverhill,http://cocobrowns.org/,,,,,https://www.cocobrowns.org,Contact,MA,01832,book_store
Welfare Records,"58 River St, Haverhill, MA 01832",Music store,Haverhill,http://www.welfarerecords.net/,,,,,http://www.welfarerecords.net/contact.htm,,MA,01832,book_store
Wexford House Irish Imports,"9 Crescent St, West Boylston, MA 01583",Gift shop,West Boylston,http://www.wexfordhouse.com/,,,,,http://www.wexfordhouse.com/directions/,Contact & Directions,MA,01583,book_store
Brewster Book Store Inc,"2648 Main St, Brewster, MA 02631",Book store,Brewster,http://www.brewsterbookstore.com/,,,,,http://www.brewsterbookstore.com/contactus,Contact Us,MA,02631,book_store
Playful Parenting,"1693 Beacon St, Brookline, MA 02445",Book store,Brookline,http://www.playfulparenting.com/,,,,,http://www.playfulparenting.com/a-contactus.htm,"

CONTACT US    
",MA,02445,book_store
Shelburne Falls Booksellers,"1 Deerfield Ave, Shelburne Falls, MA 01370",Used book store,Shelburne Falls,http://www.shelburnefallsbooks.com/,,,,,http://www.shelburnefallsbooks.com/contact_us,Contact Us,MA,01370,book_store
The Village Toy Shop,"95 Washington St, Canton, MA 02021",Toy store,Canton,http://www.villagetoy.com/,,,,,http://www.villagetoy.com/index.php?option=com_artbannersplus&task=clk&id=16,,MA,02021,book_store
On the Road Bookshop,"50 Depot St, Canton, CT 06019",Used book store,Canton,http://www.ontheroadbookshop.com/,,,,,http://www.ontheroadbookshop.com/tel:8606936029,(860) 693-6029,CT,06019,book_store
The Thrift Shop of Boston,"33 Corinth St, Roslindale, MA 02131",Thrift store,Roslindale,http://www.thriftshopofboston.org/,,,,,https://thriftshopofboston.org/contact/,Contact,MA,02131,book_store
Pomfret Street Books,"21 E Pomfret St, Carlisle, PA 17013",Used book store,Carlisle,http://www.pomfretstreetbooks.com/,,,,,http://www.pomfretstreetbooks.com/page/contact-us, Contact Us,PA,17013,book_store
Cumberland Valley Bible Book Service  CVBBS,"133 N Hanover St, Carlisle, PA 17013",Christian book store,Carlisle,http://www.cvbbs.com/,,,,,http://www.cvbbs.com/pages/contact-us,Contact us,PA,17013,book_store
Mechanicsburg Mystery Bookshop,"6 Clouser Rd, Mechanicsburg, PA 17055",Book store,Mechanicsburg,http://mysterybooksonline.com/,,,,,https://www.mysterybooksonline.com/contact-us,Contact Us,PA,17055,book_store
Organic Books,"111 Carlisle Blvd SE, Albuquerque, NM 87106",Book store,Albuquerque,https://organicbooks.net/,,,,,https://organicbooks.net/contact,,NM,87106,book_store
Round Table Games,"128 Main St, Carver, MA 02330",Game store,Carver,http://www.roundtablegamesma.com/,,,,,http://www.roundtablegamesma.com/mailto:roundtablegamesma@gmail.com?subject=Website Contact,Email Us,MA,02330,book_store
Closet Classics,"131 E Main St, Webster, MA 01570",Thrift store,Webster,http://life-skillsinc.org/,,,,,https://life-skillsinc.org/contact/,Contact,MA,01570,book_store
Thomas A Goldwasser Rare Books,"5 3rd St #530, San Francisco, CA 94103",Rare book store,San Francisco,https://www.goldwasserbooks.com/,,"Established shop offers rare books, manuscripts & collectibles, plus appraisal services.",,,https://www.goldwasserbooks.com/contact.php,Contact,CA,94103,book_store
Yellow Umbrella Books,"501 Main St, Chatham, MA 02633",Book store,Chatham,http://yellowumbrellabooks.net/,,,,,http://yellowumbrellabooks.net/contact-us/1951172,CONTACT US,MA,02633,book_store
Bearly Read Books,"320 Boston Post Rd, Sudbury, MA 01776",Rare book store,Sudbury,http://www.bearlyreadbooks.com/,,,,,http://www.bearlyreadbooks.com/contact_us.htm,,MA,01776,book_store
Polly Becker illustration,"258 Shawmut Ave #5, Boston, MA 02118",Magazine store,Boston,http://www.pollybecker.com/,,,,,http://www.pollybecker.com/about,Contact & About,MA,02118,book_store
Posman Books,"75 9th Ave, New York, NY 10011",Book store,New York,http://www.posmanbooks.com/,,"A wide variety of books, plus games, toys & greeting cards, from a store inside Chelsea Market.",,,http://www.posmanbooks.com/contact,"
            concierge
          ",NY,10011,book_store
Baldwin's Book Barn,"865 Lenape Rd, West Chester, PA 19382",Book store,West Chester,http://www.bookbarn.com/,,,,,http://www.bookbarn.com/contact/contact.html,CONTACT US,PA,19382,book_store
The Book Barn,"41 W Main St, Niantic, CT 06357",Used book store,Niantic,https://www.bookbarnniantic.com/,,,,,https://www.bookbarnniantic.com/contact-us,CONTACT US,CT,06357,book_store
Book Barn Midtown,"291 Main St D, Niantic, CT 06357",Used book store,Niantic,http://www.bookbarnniantic.com/,,,,,https://www.bookbarnniantic.com/contact-us,CONTACT US,CT,06357,book_store
West Chester University Campus Store,"110 W Rosedale Ave, West Chester, PA 19383",Book store,West Chester,http://www.wcucampusstore.com/,,,,,https://www.wcucampusstore.com/contact,Contact,PA,19383,book_store
Saucony Book Shop,"71 Mill Creek Rd, Kutztown, PA 19530",Used book store,Kutztown,http://www.sauconybookshop.com/,,,,,http://www.sauconybookshop.com/page/contact-us, Contact Us,PA,19530,book_store
The Raven Book Store,"6 E 7th St, Lawrence, KS 66044",Book store,Lawrence,https://www.ravenbookstore.com/,,,,,https://www.ravenbookstore.com/contact-raven,,KS,66044,book_store
Look at Autism,"MA-2, Williamstown, MA 01267",Book store,Williamstown,http://www.lookatautism.com/,,,,,http://www.lookatautism.com/contact-author,Contact Author,MA,01267,book_store
Bartleby's Books,"17 W Main St, Wilmington, VT 05363",Book store,Wilmington,http://www.myvermontbookstore.com/,,,,,https://myemail.constantcontact.com/Bartleby-s-Recommends--Armchair-Adventures.html?soid=1101694526015&aid=VnSJsNFxR_Y,,VT,05363,book_store
MASS MOCA by Design,"50 Spring St, Williamstown, MA 01267",Gift shop,Williamstown,https://shop.massmoca.org/,,,,,https://shop.massmoca.org/pages/contact-us,CONTACT US,MA,01267,book_store
The Bookloft,"332 Stockbridge Rd, Great Barrington, MA 01230",Book store,Great Barrington,http://www.thebookloft.com/,,,,,http://www.thebookloft.com/contact-us,Contact Us,MA,01230,book_store
Carlson & Turner Antiquarian,"241 Congress St, Portland, ME 04101",Rare book store,Portland,http://www.carlsonturnerbooks.com/,,"Enduring dealer offering over 40,000 rare & out-of-print books, plus bookbinding services.",,,http://www.carlsonturnerbooks.com/contact,"
            Contact
          ",ME,04101,book_store
ACE University Bookstore Inc,"615 SC-544, Conway, SC 29526",Used book store,Conway,http://www.aceuniversitybookstore.com/,,,,,http://www.aceuniversitybookstore.com/contact,Contact Us,SC,29526,book_store
The UCA Bookstore,"201 Donaghey Ave, Conway, AR 72034",Book store,Conway,http://theucabookstore.com/,,,,,http://theucabookstore.com/contact_us,Info,AR,72034,book_store
Chanticleer Store,"104 Founders Dr, Conway, SC 29526",Book store,Conway,http://coastal.bncollege.com/,,,,,http://coastal.bncollege.com/webapp/wcs/stores/servlet/BNCBLocationAndContactView?catalogId=10001&langId=-1&storeId=88271,Contact Us,SC,29526,book_store
Central Berkshire Habitat For Humanity ReStore,"399 Hubbard Ave, Pittsfield, MA 01201",Thrift store,Pittsfield,https://berkshirehabitat.org/,,,,,https://berkshirehabitat.org/about-us/contact-us,Contact Us,MA,01201,book_store
Guiding Light Christian Bookstore,"1475 US-76 #1, Chatsworth, GA 30705",Book store,Chatsworth,https://guidinglightchristianbooks.com/,,,,,https://policies.google.com/privacy,Privacy Policy,GA,30705,book_store
Georgia Northwestern Bookstore  Floyd,"1 Maurice Culberson Dr SW, Rome, GA 30161",Book store,Rome,http://gntcbooks.com/,,,,,http://gntcbooks.com/contact_us,Info,GA,30161,book_store
Mermaids on Cape Cod Boutique,"Main Street, 855 MA-28, West Dennis, MA 02670",Gift shop,West Dennis,http://www.mermaidsoncapecod.com/,,,,,http://www.mermaidsoncapecod.com/pages/contact-us,Contact Us,MA,02670,book_store
Fisherman's House Thrift Shop,"324 Old Main St, South Yarmouth, MA 02664",Thrift store,South Yarmouth,http://syumc.org/,,,,,http://syumc.org/contact-us/,Contact Us,MA,02664,book_store
Daffodil's Gift Shop,"1728 Williams St, Dighton, MA 02715",Gift shop,Dighton,http://daffodilsgiftshop.com/,,,,,https://daffodilsgiftshop.com/contact/,Contact Us,MA,02715,book_store
Cards Plus,"207 Swansea Mall Dr, Swansea, MA 02777",Greeting card shop,Swansea,http://www.cardsplusgiftshop.com/,,,,,https://cardsplusgiftshop.com/contact/,Contact Us,MA,02777,book_store
Vaillancourt Folk Art,"9 Main St #1h, Sutton, MA 01590",Gift shop,Sutton,https://valfa.com/,,,,,https://valfa.com/corporate/collector-services/,Contact Us,MA,01590,book_store
Great Stories Inc,"2 S Main St STE 202, Uxbridge, MA 01569",Game store,Uxbridge,http://www.greatstoriesinc.com/,,,,,https://greatstoriesinc.com/contact-us/,Contact us,MA,01569,book_store
Jen's Books,"102 N 2nd St, Douglas, WY 82633",Used book store,Douglas,http://fb.com/,,,,,http://fb.com/#,Contact Jen's Books on Messenger,WY,82633,book_store
Douglasville Books,"6643 Church St, Douglasville, GA 30134",Used book store,Douglasville,http://douglasvillebooks.com/,,,,,https://www.douglasvillebooks.com/contact,CONTACT,GA,30134,book_store
Forever & Ever Books,"1 Hollis St #233, Wellesley, MA 02482",Book store,Wellesley,http://foreverandeverbooks.com/,,,,,http://foreverandeverbooks.com/contact-forever-and-ever-books/,Contact,MA,02482,book_store
Stalk & Beans,"5 Appleton Rd, Natick, MA 01760",Book store,Natick,https://www.stalkandbeans.com/,,,,,https://www.stalkandbeans.com/contact-us,Contact Us,MA,01760,book_store
A Freethinker's Corner books & more,"652 Central Ave ste a, Dover, NH 03820",Book store,Dover,http://www.freethinkerscorner.com/,,,,,http://www.freethinkerscorner.com/contact.html,"
				Contact
			",NH,03820,book_store
RiverRun Bookstore,"32 Daniel St, Portsmouth, NH 03801",Book store,Portsmouth,http://www.riverrunbookstore.com/,,,,,https://riverrunbookstore.com/contact/,Contact,NH,03801,book_store
Antiquarian Bookstore,"1070 Lafayette Rd, Portsmouth, NH 03801",Book store,Portsmouth,http://www.antiquarianbookstore.com/,,,,,http://www.antiquarianbookstore.com/contact.html,Contact,NH,03801,book_store
Dracut Music Centre,"465 Nashua Rd, Dracut, MA 01826",Music store,Dracut,http://www.dracutmusic.com/,,,,,http://www.dracutmusic.com/Music-Store-Location-Contact-Dracut-MA.html,Location & Contact,MA,01826,book_store
Ur Time Depot,"1 Tara Blvd #200, Nashua, NH 03062",Magazine store,Nashua,http://urtimedepot.com/,,,,,http://urtimedepot.com/contactus.html,Contact Us,NH,03062,book_store
Pilgrim Church Thrift Shop,"4 Watson St, Nashua, NH 03064",Thrift store,Nashua,https://www.pilgrimchurchnashua.org/,,,,,https://www.pilgrimchurchnashua.org/contact-us/,Contact Us,NH,03064,book_store
Hafta Havit,"160 Schoosett St, Pembroke, MA 02359",Gift shop,Pembroke,http://www.haftahavit.com/,,,,,http://www.haftahavit.com/pages/about-us-contact,"
              About Us & Contact
            ",MA,02359,book_store
Math MTEL Prep,"653 Maple Rd, Longmeadow, MA 01106",Book store,Longmeadow,http://mathmtelprep.com/,,,,,https://www.mathmtelprep.com/contactuspage/,Contact and Directions,MA,01106,book_store
Bookstore & Restaurant,"50 Kendrick Ave, Wellfleet, MA 02667",Book store,Wellfleet,http://www.wellfleetoyster.com/,http://wellfleetoyster.com/,Quirky family-run eatery with a bookstore attached serves casual seafood & inventive cocktails.,,,https://www.wellfleetoyster.com/contact/,Contact,MA,02667,book_store
St Joan of Arc ChurchThrift Shop,"Canal Rd, Orleans, MA 02653",Thrift store,Orleans,http://joanarc.org/,,,,,http://www.joanarc.org/contact_us.htm,"Contact 
Us",MA,02653,book_store
Cape Cod Photo Art & Framing,"60 MA-6A, Orleans, MA 02653",Art supply store,Orleans,http://www.capecodphotoandart.com/,,,,,https://capecodphotoandart.com/contacts/,Contact Us,MA,02653,book_store
Books By the Sea,"1600 Falmouth Rd #19, Centerville, MA 02632",Book store,Centerville,http://www.booksbythesea.net/,,,,,https://www.booksbythesea.net/contact/,Contact,MA,02632,book_store
Periwinkle,"25 Bank St, Wellfleet, MA 02667",Gift shop,Wellfleet,http://periwinklewellfleet.com/,,,,,http://periwinklewellfleet.com/contact.html,Contact,MA,02667,book_store
Periodyssey,"151 Crescent St, Northampton, MA 01060",Used book store,Northampton,http://periodyssey.com/,,,,,http://periodyssey.com/contact/,Contact,MA,01060,book_store
Howard S Mott Inc Rare Books and Manuscripts,"170 S Main St, Sheffield, MA 01257",Book store,Sheffield,https://www.hsmottrarebooks.com/,,,,,https://www.hsmottrarebooks.com/contact," CONTACT

",MA,01257,book_store
Chatham Bookstore,"27 Main St, Chatham, NY 12037",Book store,Chatham,https://chathambookstore.com/,,,,,https://chathambookstore.com/contact/,Contact,NY,12037,book_store
Johnnycake Books,"12 Academy St, Salisbury, CT 06068",Used book store,Salisbury,https://www.johnnycakebooks.com/,,,,,https://www.johnnycakebooks.com/contact.php,Contact,CT,06068,book_store
John Doe Records and Books,"434 Warren St, Hudson, NY 12534",Book store,Hudson,http://www.johndoehudson.com/,,,,,https://www.johndoehudson.com/locationcontact.htm,LOCATION|CONTACT,NY,12534,book_store
Barnes & Noble at Roger Williams University Bookstore,"The Commons, 1 Old Ferry Rd, Bristol, RI 02809",Book store,Bristol,http://rwu.bncollege.com/,,,,,http://rwu.bncollege.com/webapp/wcs/stores/servlet/BNCBLocationAndContactView?catalogId=10001&langId=-1&storeId=31552,Contact Us,RI,02809,book_store
Linden Place,"500 Hope St, Bristol, RI 02809",Book store,Bristol,http://www.lindenplace.org/,,,,,http://www.lindenplace.org/about-us/contact-us,Contact Us,RI,02809,book_store
Silver Willow,"54 Fall River Ave, Rehoboth, MA 02769",Gift shop,Rehoboth,http://www.thesilverwillow.com/,,,,,http://www.thesilverwillow.com/Contact/,Contact,MA,02769,book_store
Eddy's Music Co,"18 Mill St, Fitchburg, MA 01420",Music store,Fitchburg,http://www.eddysmusic.com/,,,,,http://visitor.r20.constantcontact.com/d.jsp?llr=p4mtbcdab&p=oi&m=1102801646575&sit=p4dps8seb&f=2ef3ceed-962f-471f-9682-1c11660be916,Sign Up for Newsletter,MA,01420,book_store
Chronicle Books,"165 4th St, San Francisco, CA 94103",Book store,San Francisco,http://www.chroniclebooks.com/,,"This modern bookstore sells adult & children's titles published by Chronicle Books, plus gifts.",,,http://www.chroniclebooks.com/pages/contact-us,Contact Us,CA,94103,book_store
SFMOMA Museum Store,"151 3rd St, San Francisco, CA 94103",Book store,San Francisco,https://museumstore.sfmoma.org/,,,,,https://museumstore.sfmoma.org/customer-service,Contact Info + Hours,CA,94103,book_store
The Book Loft,"1680 Mission Dr, Solvang, CA 93463",Book store,Solvang,http://www.bookloftsolvang.com/,,,,,http://www.bookloftsolvang.com/contact,Contact,CA,93463,book_store
Bookmark,"220 First St, Neptune Beach, FL 32266",Book store,Neptune Beach,http://bookmarkbeach.com/,,,,,http://bookmarkbeach.com/contact-us.html,,FL,32266,book_store
Florida Tech Bookstore,"150 W University Blvd, Melbourne, FL 32901",Book store,Melbourne,https://fit.bncollege.com/,,,,,https://fit.bncollege.com/webapp/wcs/stores/servlet/BNCBLocationAndContactView?catalogId=10001&langId=-1&storeId=23551,Contact Us,FL,32901,book_store
St Boniface Catholic Church,"8330 Johnson St, Pembroke Pines, FL 33024",Religious book store,Pembroke Pines,http://saintboniface.us/,,,,,http://saintboniface.us/en/contact,Contact,FL,33024,book_store
Provincetown Bookshop,"246 Commercial St, Provincetown, MA 02657",Book store,Provincetown,http://homeportpress.com/,,,,,https://homeportpress.com/contact-us/,Contact Us,MA,02657,book_store
Rizzoli Bookstore,"1133 Broadway, New York, NY 10010",Book store,New York,http://www.rizzolibookstore.com/,,"Storied bookstore in a townhouse specializing in illustrated tomes, literature & European magazines.",,,http://www.rizzolibookstore.com/contact,Contact Us,NY,10010,book_store
Gift at the Gardner,"25 Evans Way, Boston, MA 02115",Gift shop,Boston,http://gift.gardnermuseum.org/,,,,,http://gift.gardnermuseum.org/pages/contact-us,Contact Us,MA,02115,book_store
CC Lowell Art Supply Co & Custom Picture Framing,"455 Pleasant St, Worcester, MA 01609",Art supply store,Worcester,http://www.cclowell.com/,,,,,http://www.cclowell.com/send-us-a-message,Contact Us,MA,01609,book_store
Barrow Book Store,"79 Main St #2, Concord, MA 01742",Book store,Concord,http://barrowbookstore.weebly.com/,,,,,https://www.barrowbookstore.com/contact,Contact,MA,01742,book_store
Bridge Street Books,"2814 Pennsylvania Ave NW, Washington, DC 20007",Book store,Washington,http://bridgestreetbooks.com/,,"Stalwart independent bookseller specializing in politics, cultural studies, poetry & philosophy.",,,http://bridgestreetbooks.com/contact-us,Contact Us,DC,20007,book_store
Second Glance,"2 Pond Rd # 1, Gloucester, MA 01930",Thrift store,Gloucester,http://www.foodpantry.org/,,,,,http://www.foodpantry.org/04b_Contact_Us/index.html,Contact Us,MA,01930,book_store
Penguin Gift Shop,"26 Main St, Northampton, MA 01060",Gift shop,Northampton,http://www.penguingiftshop.com/,,,,,http://www.penguingiftshop.com/mailto:penguin@bway.net,Contact Us,MA,01060,book_store
Light of Day Bindery,"38 Burts Pit Rd, Northampton, MA 01060",Bookbinder,Northampton,http://www.deasasso.com/,,,,,https://deasasso.com/bindery/contact-dea-sasso-light-of-day-bindery,Contact,MA,01060,book_store
Grafton Country Store,"2 Grafton Common, Grafton, MA 01519",Gift shop,Grafton,http://www.graftoncountrystore.net/,,,,,http://www.graftoncountrystore.net/contact/,Contact,MA,01519,book_store
Goodwill,"480 E Agate Ave, Granby, CO 80446",Thrift store,Granby,http://mountainfamilycenter.org/,,,,,https://www.mountainfamilycenter.org/contact/,CONTACT,CO,80446,book_store
Lineco Inc,"517 Main St, Holyoke, MA 01041",Art supply store,Holyoke,http://www.lineco.com/,,,,,https://www.lineco.com/contacts/,Contact Us,MA,01041,book_store
Readers' Garden Book Store,"143 Broadway East, Granville, OH 43023",Book store,Granville,http://readersgardenohio.com/,,,,,http://readersgardenohio.com/#contact,"

contact us
",OH,43023,book_store
VGCC Bookstore,"200 Community College Rd, Henderson, NC 27536",Book store,Henderson,https://www.vgccbookstore.com/,,,,,https://www.vgccbookstore.com/contact-us,Contact Us,NC,27536,book_store
The Colophon Book Shop,"101 Water St, Exeter, NH 03833",Book store,Exeter,http://www.colophonbooks.com/,,,,,https://www.colophonbooks.com/contact.php,Contact,NH,03833,book_store
UNH Bookstore,"83 Main St, Durham, NH 03824",Book store,Durham,http://unh.bncollege.com/,,,,,http://unh.bncollege.com/webapp/wcs/stores/servlet/BNCBLocationAndContactView?catalogId=10001&langId=-1&storeId=29555,Contact Us,NH,03824,book_store
Charlotte Elliott and The Bookstore Next Door,"837 W 36th St, Baltimore, MD 21211",Book store,Baltimore,http://www.charlotteelliottinc.com/,,,,,http://charlotteelliottinc.com/pages/contact-us,Contact Us,MD,21211,book_store
North Wind Books,"601 Quincy St, Hancock, MI 49930",Book store,Hancock,https://bookstore.finlandia.edu/,,,,,https://bookstore.finlandia.edu/pages/contact-us,"
        Contact Us
      ",MI,49930,book_store
Corner Thrift Shop,"697 Main St, Harwich, MA 02645",Thrift store,Harwich,http://www.firstchurchofharwich.org/,,,,,http://www.firstchurchofharwich.org/contact/,Contact,MA,02645,book_store
Murphy's General Store,"540 MA-28, Harwich Port, MA 02646",Gift shop,Harwich Port,http://www.murphysgeneralstore.com/,,,,,http://www.murphysgeneralstore.com/pages/contact-us,"
We are temporarily closed due to the pandemic, but please shop here or contact us directly to schedule a FREE local delivery (Harwich, Chatham, Dennis and Brewster)!
",MA,02646,book_store
Village Toy Store,"1069 Main St, Brewster, MA 02631",Toy store,Brewster,https://www.thevillagetoystorebrewster.com/,,,,,https://www.thevillagetoystorebrewster.com/contact,Contact Us,MA,02631,book_store
Our LadyThe Cape Thrift Shop,"11 MA-6A, Brewster, MA 02631",Thrift store,Brewster,http://www.ourladyofthecape.org/,,,,,http://www.ourladyofthecape.org/contact/,Contact,MA,02631,book_store
Whately Antiquarian Book Center,"US-5 & State Road, North Hatfield, MA 01066",Used book store,North Hatfield,http://whatelybookcenter.weebly.com/,,,,,http://whatelybookcenter.weebly.com/contact-us.html,"
                				Contact Us
                			",MA,01066,book_store
Paragraphs Bookstore,"229 S Main St, Mt Vernon, OH 43050",Book store,Mt Vernon,http://www.paragraphsbookstore.com/,,,,,http://www.constantcontact.com/jmml/email-marketing.jsp,Email Marketing,OH,43050,book_store
Kick's Mix Bookstore,"38 S 3rd St, Newark, OH 43055",Book store,Newark,http://kicksmixbookstore.com/,,,,,http://kicksmixbookstore.com/contact,Contact Us,OH,43055,book_store
Corner Shop At The First Congregational Church,"1180 Main St, Holden, MA 01520",Thrift store,Holden,http://www.fccholden.org/,,,,,http://www.fccholden.org/mailto:churchoffice@fccholden.org,Contact Us,MA,01520,book_store
Rubin Campus Center,"100 Institute Rd, Worcester, MA 01609",Book store,Worcester,http://www.wpi.edu/,,,,,http://www.wpi.edu/contact?url=https%3A//www.wpi.edu/offices,Contact Us,MA,01609,book_store
Seed To Stem,"138 Green St #3, Worcester, MA 01604",Gift shop,Worcester,http://www.seedtostemhome.com/,,,,,https://www.seedtostemhome.com/contact,Contact,MA,01604,book_store
The Boston Shaker,"69 Holland St, Somerville, MA 02144",Book store,Somerville,http://www.thebostonshaker.com/,,This smart shop featuring a range of cocktail-making supplies & books also offers mixology classes.,,,https://www.thebostonshaker.com/about/contact/,Contact,MA,02144,book_store
Stafford Thrift Shop,"2 River Rd # 101, Stafford Springs, CT 06076",Thrift store,Stafford Springs,http://www.staffordct.org/,,,,,http://www.staffordct.org/contact.php,Contact,CT,06076,book_store
Readers World,"194 S River Ave, Holland, MI 49423",Book store,Holland,https://readersworldbookstore.com/,,,,,https://readersworldbookstore.com/contact-readers-world-bookstore/,Contact,MI,49423,book_store
Hope Bookstore,"141 E 12th St, Holland, MI 49423",Book store,Holland,https://www.hope.edu/,,,,,https://hope.edu/index.html,"
Contact Hope College

",MI,49423,book_store
SE Shires Co Showroom,"2 Evergreen Ln, Hopedale, MA 01747",Music store,Hopedale,https://www.seshires.com/,,,,,https://www.seshires.com/contactus,"
                  Contact
                ",MA,01747,book_store
Artisans In the Square,"63 South St, Hingham, MA 02043",Gift shop,Hingham,http://www.artisansinthesquare.com/,,,,,http://www.artisansinthesquare.com/contact.html,"
				Contact
			",MA,02043,book_store
The Dog Eared Book,"450 E Main St, Palmyra, NY 14522",Book store,Palmyra,http://www.thedogearedbook.com/,,,,,https://www.thedogearedbook.com/contact-us/,Contact Us,NY,14522,book_store
Empire Books & News,"30 Pullman Sq, Huntington, WV 25701",Book store,Huntington,http://www.empirebooksandnews.com/,,,,,https://empirebooksandnews.com/contact-us/,Contact Us,WV,25701,book_store
Mystery Train,"21 Main St, Gloucester, MA 01930",Music store,Gloucester,http://www.mysterytrainrecords.com/,,,,,https://mysterytrainrecords.com/contact/,Contact,MA,01930,book_store
Willis Monie Books,"139 Main St, Cooperstown, NY 13326",Used book store,Cooperstown,https://www.wilmonie.com/,,,,,https://www.wilmonie.com/contact.php,Contact,NY,13326,book_store
Mass Audubon Shop,"208 S Great Rd, Lincoln, MA 01773",Gift shop,Lincoln,https://www.massaudubon.org/,,,,,https://www.massaudubon.org/contact-us,Contact Us,MA,01773,book_store
Allison B Goodsell Rare Books at the Kingston Hill Store,"2528 Kingstown Rd, Kingston, RI 02881",Rare book store,Kingston,http://www.abgbooks.com/,,,,,http://www.abgbooks.com/store.htm,,RI,02881,book_store
The Book Shack,"14145 7th St, Dade City, FL 33525",Book store,Dade City,http://www.mybookshack.com/,,,,,http://www.mybookshack.com/contact.html,Contact,FL,33525,book_store
Lazarus House,"121 Essex St, Lawrence, MA 01840",Thrift store,Lawrence,https://lazarushouse.org/,,,,,https://lp.constantcontactpages.com/su/YPoVpTM,Newsletter,MA,01840,book_store
Signs of Life,"722 Massachusetts St, Lawrence, KS 66044",Book store,Lawrence,http://www.signsoflifebooks.com/,,,,,http://www.signsoflifebooks.com/contact,Contact Us,KS,66044,book_store
Homespun,"739 Massachusetts Ave, Lexington, MA 02420",Gift shop,Lexington,http://thewaldorfschool.org/,,,,,http://thewaldorfschool.org/contact,"
            Contact
          ",MA,02420,book_store
Firefly Moon Gifts,"1764 Massachusetts Ave, Lexington, MA 02420",Gift shop,Lexington,http://www.fireflymoongift.com/,,,,,http://www.fireflymoongift.com/contact-us-1,CONTACT US,MA,02420,book_store
The Toy Shop of Concord,"89 Thoreau St, Concord, MA 01742",Toy store,Concord,http://www.concordtoys.com/,,,,,https://www.concordtoys.com/contact,Contact Us,MA,01742,book_store
Blue Bag Records,"2325 Massachusetts Ave, Cambridge, MA 02140",Record store,Cambridge,http://www.bluebagrecords.com/,,,,,https://bluebagrecords.com/contact/,Write to Us,MA,02140,book_store
Echo Point Books & Media,"22 Browne Ct #100, Brattleboro, VT 05301",Book store,Brattleboro,https://www.echopointbooks.com/,,,,,https://www.echopointbooks.com/contact,"
                  Contact
                ",VT,05301,book_store
Experienced Goods Thrift Store,"77 Flat St, Brattleboro, VT 05301",Thrift store,Brattleboro,http://www.brattleborohospice.org/,,,,,https://brattleborohospice.org/contact-us,Contact,VT,05301,book_store
Mountain Wanderer Book & Maps,"57 Main St, Lincoln, NH 03251",Book store,Lincoln,http://www.mountainwanderer.com/,,,,,http://www.mountainwanderer.com/contact-us.php,Contact Us,NH,03251,book_store
Fordham University  Rose Hill Campus Bookstore,"441 E Fordham Rd, The Bronx, NY 10458",Book store,The Bronx,http://www.fordham.edu/,,"Campus store providing textbooks, university apparel, school supplies, electronics & home goods.",,,http://www.fordham.edu/contact_us,Contact Us,NY,10458,book_store
Abraham Lincoln Book Shop Inc,"824 W Superior St, Chicago, IL 60642",Book store,Chicago,http://alincolnbookshop.com/,,,,,https://alincolnbookshop.com/contact/,Contact & Email Mailing List,IL,60642,book_store
Robert's Bookshop,"3412 SW Hwy 101, Lincoln City, OR 97367",Book store,Lincoln City,http://www.robertsbookshop.com/,,,,,http://www.robertsbookshop.com/page/contactus, Contact Us,OR,97367,book_store
San Jose State University Spartan Bookstore,"211 S 9th St, San Jose, CA 95112",Book store,San Jose,http://sjsu.bncollege.com/,,,,,http://sjsu.bncollege.com/webapp/wcs/stores/servlet/BNCBLocationAndContactView?catalogId=10001&langId=-1&storeId=65133,Contact Us,CA,95112,book_store
EIN For Higher Learning Supply,"733 Chapin St Suite #102, Ludlow, MA 01056",Book store,Ludlow,http://hlsupplyco.com/,,,,,http://hlsupplyco.com/contact.html,CONTACT,MA,01056,book_store
Genealogical Publishing Co Inc,"3600 Clipper Mill Rd # 260, Baltimore, MD 21211",Book store,Baltimore,http://www.genealogical.com/,,,,,https://genealogical.com/contact/,Contact,MD,21211,book_store
Big Blue Bargains,"(In Rear), 297 Forest Ave, Swampscott, MA 01907",Thrift store,Swampscott,http://www.bigbluebargains.org/,,,,,http://www.bigbluebargains.org/hours-location/,Contact,MA,01907,book_store
Dogtown Book Shop,"132 Main St, Gloucester, MA 01930",Used book store,Gloucester,https://www.dogtownbooks.com/,,,,,https://www.dogtownbooks.com/contact-us,Contact Us,MA,01930,book_store
Sweetwater Trading Company,"33 Atlantic Ave, Marblehead, MA 01945",Gift shop,Marblehead,http://sweetwaterandco.com/,,,,,https://www.sweetwaterandco.com/contact,Directions & Contact Us,MA,01945,book_store
GoldenWest Marketing,"1630 W Covina Blvd SPC 92, San Dimas, CA 91773",Book store,San Dimas,http://www.gwest.org/,,,,,http://www.gwest.org/mailto:support@gwest.org,"
Contact Us",CA,91773,book_store
Under the Sun,"22 Water St, Woods Hole, MA 02543",Gift shop,Woods Hole,http://www.underthesunwoodshole.com/,,,,,http://www.underthesunwoodshole.com/contact-under-the-sun-woods-hole-ma,About/Contact US,MA,02543,book_store
Kind Goods,"85 Main St, Maynard, MA 01754",Gift shop,Maynard,http://www.kindgoodsmarket.com/,,,,,https://www.kindgoodsmarket.com/copy-of-contact,Contact,MA,01754,book_store
Magpie,"416 Highland Ave, Somerville, MA 02144",Gift shop,Somerville,https://magpie-store.com/,,"Compact shop specializing in local, handmade crafts, including  jewelry, cards, stationery & gifts.",,,https://magpie-store.com/pages/contact-us,Contact Us,MA,02144,book_store
Trinity Church Thrift Shop,"131 W Emerson St, Melrose, MA 02176",Thrift store,Melrose,http://trinitymelrose.org/,,"Veteran thrift shop supporting Trinity Church selling used clothing, home goods & books since 1978.",,,https://trinitymelrose.org/contact-us/,Contact Us,MA,02176,book_store
Bethany House Hope Chest,"1134 Main St, Millis, MA 02054",Thrift store,Millis,http://bethanyhouseministry.com/,,,,,http://www.bethanyhouseministries.org/contact-us/,Contact Us,MA,02054,book_store
THISNTHAT Thrift shop,"1360 Lincoln Ave, San Jose, CA 95125",Thrift store,San Jose,http://www.thriftbox.org/,,"Benefiting a children's hospital, this volunteer-run store sells used clothes, toys & accessories.",,,http://www.thriftbox.org/contact-us.html,"
								Contact Us
							",CA,95125,book_store
American Girl Consignment,"95 Washington St, Holliston, MA 01746",Toy store,Holliston,http://www.americangirlconsignment.com/,,,,,http://americangirlconsignment.com/contact/,Contact,MA,01746,book_store
Kingston Community House,"Main St, Kingston, NH 03848",Thrift store,Kingston,http://www.kingstonthrift.org/,,,,,http://www.kingstonthrift.org/contact-us.html,CALL OUR SHOP,NH,03848,book_store
Adler Hobby Game Center,"515 Daniel Webster Hwy, Merrimack, NH 03054",Game store,Merrimack,http://adlerhobby.net/,,,,,http://adlerhobby.net/contact,Contact,NH,03054,book_store
Andover Thrift Shop,"10 Park St, Andover, MA 01810",Thrift store,Andover,http://www.andoverthriftshop.com/,,,,,http://www.andoverthriftshop.com/contact-us/,Contact Us,MA,01810,book_store
Reynolds Flowers,"410 Plymouth St, Middleborough, MA 02346",Gift shop,Middleborough,http://www.reynoldsflowers.net/,,,,,http://www.reynoldsflowers.net/page/contact-us,Contact Us,MA,02346,book_store
Women's Community Committee IncThrift Shop,"623 Valencia St, San Francisco, CA 94110",Thrift store,San Francisco,http://www.communitythriftsf.org/,,,,,https://www.communitythriftsf.org/contact-us/,Contact,CA,94110,book_store
The Whiz Store,"122 Turnpike Rd, Westborough, MA 01581",Game store,Westborough,http://www.thewhizstore.com/,,,,,http://www.thewhizstore.com/contact,Contact,MA,01581,book_store
Athena's Home Novelties,"640 Winter St, Woonsocket, RI 02895",Gift shop,Woonsocket,https://www.athenashn.com/,,,,,https://www.athenashn.com/contactus.asp,Contact Us,RI,02895,book_store
Inner City Business Ventures,"330 M.L.K. Jr Blvd, Roxbury, MA 02119",Book store,Roxbury,http://multiculturalbookworld.com/,,,,,http://multiculturalbookworld.com/contact.html,Contact Us,MA,02119,book_store
The Bureau Drawer Thrift Shop,"105 Adams St, Quincy, MA 02169",Thrift store,Quincy,http://interfaithsocialservices.org/,,,,,https://interfaithsocialservices.org/contact-us/,Contact Us,MA,02169,book_store
Turning the Page,"477 Main St, Monroe, CT 06468",Book store,Monroe,https://www.turningthepagebooks.com/,,,,,https://www.turningthepagebooks.com/contact-us,Contact Us,CT,06468,book_store
Barnes & Noble at Monroe College,"31 Lecount Pl, New Rochelle, NY 10801",Book store,New Rochelle,http://monroe-newrochelle.bncollege.com/,,,,,http://monroe-newrochelle.bncollege.com/webapp/wcs/stores/servlet/BNCBLocationAndContactView?catalogId=10001&langId=-1&storeId=62556,Contact Us,NY,10801,book_store
Carpe Diem Fine Books,"245 Pearl St, Monterey, CA 93940",Book store,Monterey,http://www.carpediemfinebooks.com/,,,,,https://www.carpediemfinebooks.com/contact.php,Contact,CA,93940,book_store
Luminata Books & Gifts,"631 Cass St, Monterey, CA 93940",Used book store,Monterey,http://www.luminatabooks.com/,,,,,http://www.luminatabooks.com/contact.html,"
Contact
",CA,93940,book_store
Atlantis Fantasyworld,"1020 Cedar St, Santa Cruz, CA 95060",Comic book store,Santa Cruz,http://www.atlantisfantasyworld.com/,,,,,http://www.atlantisfantasyworld.com/contact.htm,,CA,95060,book_store
American Cancer Society Discovery Shop,"39 E Main St, Los Gatos, CA 95030",Thrift store,Los Gatos,https://www.cancer.org/,,,,,https://www.cancer.org/tel:800.227.2345,"
800.227.2345",CA,95030,book_store
The Latin Mass Magazine,"82 E Allendale Rd, Saddle River, NJ 07458",Magazine store,Saddle River,http://www.latinmassmagazine.com/,,,,,http://www.latinmassmagazine.com/contact/contact_main.html,"
",NJ,07458,book_store
871 Fine Arts,"20 Hawthorne St, San Francisco, CA 94105",Book store,San Francisco,http://www.artbook.com/,,"Lofty shop with a selection of new & out-of-print books on contemporary art, plus a gallery space.",,,http://www.artbook.com/aboutus.html,CONTACT,CA,94105,book_store
Friends of the Library Bookstore,"4886 Boiling Brook Pkwy, Rockville, MD 20852",Used book store,Rockville,http://www.folmc.org/,,"Modest bookstore featuring an ample selection of new & used books, movies, video games & music.",,,https://www.folmc.org/contact/,Contact,MD,20852,book_store
Lone Star College CyFair Bookstore,"9191 Barker Cypress Rd, Cypress, TX 77433",Book store,Cypress,http://www.lonestar.edu/,,,,,https://services.lonestar.edu/contactdirectory/,Contact Directory,TX,77433,book_store
Cardinal Bookstore,"2405 E College Way, Mt Vernon, WA 98273",Book store,Mt Vernon,http://www.cardinalbookstore.com/,,,,,https://eposweb-617.sequoiars.com/ePOS?this_category=17&store=617&form=shared3%2fgm%2fmain%2ehtml&design=617,Contact Us,WA,98273,book_store
MARCUS,"34 Langley Rd, Newton, MA 02459",Book store,Newton,http://www.shopmarcus.com/,,,,,http://www.shopmarcus.com/pages/contact-us-1,"
              STYLING
            ",MA,02459,book_store
This 'n' That From Habitat,"403 Ashley Falls Rd, Canaan, CT 06018",Thrift store,Canaan,https://www.habitatnwct.org/,,,,,https://www.habitatnwct.org/about/contact-us/,Contact Us,CT,06018,book_store
Salem Night Tour,"127 Essex St, Salem, MA 01970",Gift shop,Salem,http://www.salemghosttours.com/,,,,,http://www.salemghosttours.com/Newdisigncontact.html,Contact,MA,01970,book_store
Prince Books,"109 Main St, Norfolk, VA 23510",Book store,Norfolk,http://www.prince-books.com/,,,,,https://www.facebook.com/princebooksnorfolk/,,VA,23510,book_store
University Village Bookstore at ODU,"4417 Monarch Way, Norfolk, VA 23508",Book store,Norfolk,https://www.odu.edu/,,,,,https://www.odu.edu/about/contact,Contact the University,VA,23508,book_store
Tru Books,"3155 Main St, Hartford, CT 06120",Book store,Hartford,http://www.trubooks.com/,,,,,http://www.trubooks.com/contact/,Contact,CT,06120,book_store
Truth That Rocks Bookstore & Solid Grounds Coffee Lounge,"1100 New Rd, Northfield, NJ 08225",Christian book store,Northfield,http://truththatrocks.com/,,,,,http://truththatrocks.com/contact,Contact,NJ,08225,book_store
Bookman,"320 E Katella Ave, Orange, CA 92867",Used book store,Orange,http://www.ebookman.com/,,,,,http://www.facebook.com/pages/Orange-CA/Bookman-Book-Store/132491993451623,,CA,92867,book_store
Book Carnival,"348 S Tustin St, Orange, CA 92866",Used book store,Orange,http://www.annesbookcarnival.com/,,,,,https://www.annesbookcarnival.com/contact-us/,Contact Us,CA,92866,book_store
Kepler's Books,"1010 El Camino Real #100, Menlo Park, CA 94025",Book store,Menlo Park,http://www.keplers.com/,,"Stalwart local bookstore with many titles & magazines, plus a variety of book clubs & author events.",,,http://www.keplers.com/hours_directions,Contact,CA,94025,book_store
Country Candle Co Inc  Laurence Candle  Egan Church supply,"10 West St, Millbury, MA 01527",Gift shop,Millbury,http://www.laurencecandle.com/,,,,,http://www.laurencecandle.com/contact.php,CONTACT US,MA,01527,book_store
Maine Bookhouse,"1545 Main St, Oxford, ME 04270",Book store,Oxford,http://www.themainebookhouse.com/,,,,,https://themainebookhouse.com/contact.php,Contact,ME,04270,book_store
Celtic Cove Catholic Bookstore,"1120 S Lapeer Rd #150, Oxford, MI 48371",Book store,Oxford,https://celticcovecatholicbookstore.org/,,,,,https://celticcovecatholicbookstore.org/pages/contact-us,Location & Hours,MI,48371,book_store
Holgate Toys,"22 Lowell St, Pepperell, MA 01463",Toy store,Pepperell,http://holgatetoy.com/,,,,,https://pepperell.com/contact-us/,Contact Us,MA,01463,book_store
Rabelais  Fine Books on Food & Drink,"2 Main St #18-214, Biddeford, ME 04005",Rare book store,Biddeford,http://www.rabelaisbooks.com/,,,,,https://www.rabelaisbooks.com/contact.php,Find Us /Contact Us,ME,04005,book_store
Appletree Books,"12419 Cedar Rd, Cleveland, OH 44106",Book store,Cleveland,http://appletree-books.com/,,,,,https://appletree-books.com/#contact,Contact,OH,44106,book_store
Brick Row Book Shop,"49 Geary St #230, San Francisco, CA 94108",Used book store,San Francisco,http://www.brickrow.com/,,"Merchant of used & rare books, particularly English & American literature, plus appraisal services.",,,https://www.brickrow.com/contact.php,Contact,CA,94108,book_store
Princeton University Store,"36 University Pl, Princeton, NJ 08540",Book store,Princeton,https://pustore.com/,,,,,https://pustore.com/pages/contact,Contact Us,NJ,08540,book_store
Caliban Book Shop,"410 S Craig St, Pittsburgh, PA 15213",Book store,Pittsburgh,http://www.calibanbooks.com/,,,,,https://www.calibanbooks.com/contact-us/,Contact Us,PA,15213,book_store
Librarium,"126 Black Bridge Rd, East Chatham, NY 12060",Used book store,East Chatham,http://www.thelibrarium.com/,,,,,http://www.thelibrarium.com/page/contact-us, Contact Us,NY,12060,book_store
Ed Conroy Book Buyer,"272 Smith Hill Rd, Troy, NY 12180",Used book store,Troy,http://www.edconroybooks.com/,,,,,http://www.edconroybooks.com/message.aspx,Send us a Message,NY,12180,book_store
The Book Market Sales And Trading Center,"2365 Plainfield Rd, Crest Hill, IL 60403",Used book store,Crest Hill,https://bookmarketjoliet.com/,,,,,https://bookmarketjoliet.com/#,Contact & Hours,IL,60403,book_store
Princeton Book & Bible,"405 1st St, Princeton, MN 55371",Christian book store,Princeton,http://www.princetonbookandbible.com/,,,,,http://www.princetonbookandbible.com/mailto:info@princetonbookandbible.com,"
		Contact Us",MN,55371,book_store
The Hatter's Bookshop,"935 Mercer St, Princeton, WV 24740",Book store,Princeton,https://thehattersbookshop.com/,,,,,https://thehattersbookshop.com/contact/,Contact,WV,24740,book_store
Monty's,"350 Commercial St, Provincetown, MA 02657",Gift shop,Provincetown,https://montysprovincetown.com/,,,,,https://montysprovincetown.com/contact/,Contact,MA,02657,book_store
Salt Supply,"353 Commercial St #2356, Provincetown, MA 02657",Gift shop,Provincetown,http://saltsupplystore.com/,,,,,http://saltsupplystore.com/contact,"
            CONTACT
          ",MA,02657,book_store
Paradies Shops,"464 S Bremen St # 1, East Boston, MA 02128",Gift shop,East Boston,http://paradieslagardere.com/,,,,,http://paradieslagardere.com/contact-us,Contact,MA,02128,book_store
Old North Church Gift Shop,"Gift Shop, 193 Salem St building b, Boston, MA 02113",Gift shop,Boston,http://www.oldnorth.com/,,,,,https://oldnorth.com/contact-us/,Contact,MA,02113,book_store
MultiCultural Children's Bookstore,"2200 Hilltop Mall Rd #1116, Richmond, CA 94806",Book store,Richmond,http://multiculturalbookstore.com/,,,,,https://www.multiculturalbookstore.com/contact,CONTACT,CA,94806,book_store
Hollander Books,"843 24th Ave, San Francisco, CA 94121",Book store,San Francisco,https://www.hollanderbooks.com/,,,,,https://www.hollanderbooks.com/contact.php,Contact,CA,94121,book_store
The Cathedral Shop,"The Plaza, 2121 Harrison Street Located On, Oakland, CA 94612",Book store,Oakland,https://www.ctlcathedral.org/,,"Shop connected to the Roman Catholic Cathedral of the Light, offering a range of books & gifts.",,,https://www.ctlcathedral.org/contact-us,Contact Us,CA,94612,book_store
Friends' Bookstore,"101 2nd St SE, Rochester, MN 55904",Book store,Rochester,http://www.rochesterpubliclibrary.org/,,,,,http://www.rochesterpubliclibrary.org/my-rpl/contact-us,Contact Us,MN,55904,book_store
Book Review,"1618 US-52 N, Rochester, MN 55901",Comic book store,Rochester,http://www.bookreviewmn.com/,,,,,http://www.bookreviewmn.com/contactus.shtml,Contact Us,MN,55901,book_store
RCTC Bookstore,"851 30th Ave SE, Rochester, MN 55904",Book store,Rochester,http://bookstore.roch.edu/,,,,,http://bookstore.roch.edu/Contact,Contact Us,MN,55904,book_store
Greenwood Books,"123 East Ave, Rochester, NY 14604",Used book store,Rochester,http://greenwoodbookstore.com/,,,,,http://greenwoodbookstore.com/contact.php,Location,NY,14604,book_store
Nazareth College Bookstore,"4245 East Ave, Rochester, NY 14618",Book store,Rochester,http://www.naz.bncollege.com/,,,,,http://www.naz.bncollege.com/webapp/wcs/stores/servlet/BNCBLocationAndContactView?catalogId=10001&langId=-1&storeId=48053,Contact Us,NY,14618,book_store
Saint Mary's University of Minnesota Bookstore,"Michael H. Toner Student Center, 700 Terrace Heights, Winona, MN 55987",Book store,Winona,https://st-marys.bncollege.com/,,,,,https://st-marys.bncollege.com/webapp/wcs/stores/servlet/BNCBLocationAndContactView?catalogId=10001&langId=-1&storeId=46553,Contact Us,MN,55987,book_store
Great Bay Community College,"320 Corporate Dr, Portsmouth, NH 03801",Book store,Portsmouth,http://www.greatbay.edu/,,,,,http://www.greatbay.edu/about/department-contact-info,College Directory,NH,03801,book_store
Carol Lee's Cottage,"24 Bearskin Neck, Rockport, MA 01966",Gift shop,Rockport,https://carolleescottage.com/,,,,,https://carolleescottage.com/contact-carol-lees-cottage/#hours,Hours,MA,01966,book_store
American Stonecraft,"100 Hanover St, Boston, MA 02108",Gift shop,Boston,https://www.americanstonecraft.com/,,,,,https://www.americanstonecraft.com/contact/,Contact,MA,02108,book_store
Hermit Hill Books,"95 Main St, Poultney, VT 05764",Used book store,Poultney,http://www.hermithillbooks.com/,,,,,http://www.hermithillbooks.com/contact.php,Contact,VT,05764,book_store
Roost & Company,"40 Front St, Salem, MA 01970",Gift shop,Salem,http://www.roostandcompany.com/,,,,,http://www.roostandcompany.com/javascript:void();,Contact us,MA,01970,book_store
Trinity Book Store,"300 Summit St, Hartford, CT 06106",Book store,Hartford,http://trinity.bncollege.com/,,,,,http://trinity.bncollege.com/webapp/wcs/stores/servlet/BNCBLocationAndContactView?catalogId=10001&langId=-1&storeId=44056,Contact Us,CT,06106,book_store
Joye,"196 Front St #1330, Scituate, MA 02066",Gift shop,Scituate,http://www.joyegifts.com/,,,,,http://www.joyegifts.com/contact-us,"
Contact Us
",MA,02066,book_store
Joie De Vivre,"1792 Massachusetts Ave, Cambridge, MA 02140",Gift shop,Cambridge,http://www.joiedevivre.net/,,"Compact quirky shop sells a range of whimsical toys, jewelry, books & gifts in an upbeat atmosphere.",,,http://www.joiedevivre.net/mailto:info@joiedevivre.net?subject=I%20was%20on%20your%20website%20and%20wanted%20to%20ask%20you, contact ,MA,02140,book_store
Tokai,"1815 Massachusetts Ave, Cambridge, MA 02140",Gift shop,Cambridge,http://www.tokaigifts.com/,,"Relaxed shop features traditional Japanese housewares, clothing & gifts in an intimate interior.",,,http://www.tokaigifts.com/contact,Contact,MA,02140,book_store
Market Block Books,"290 River St, Troy, NY 12180",Book store,Troy,https://www.bhny.com/,,,,,https://www.bhny.com/contact-us,Contact,NY,12180,book_store
Book House of Stuyvesant Plaza,"1475 Western Ave # 62, Albany, NY 12203",Book store,Albany,http://www.bhny.com/,,,,,http://www.bhny.com/contact-us,Contact,NY,12203,book_store
The Last Bookstore,"453 S Spring St, Los Angeles, CA 90013",Used book store,Los Angeles,http://www.lastbookstorela.com/,,Airy book & record store offering new & used items in a multilevel space adorned with local art.,,,http://www.lastbookstorela.com/#contact,Contact,CA,90013,book_store
Tavistock Books,"1503 Webster St, Alameda, CA 94501",Rare book store,Alameda,http://www.tavbooks.com/,,,,,https://www.tavbooks.com/contact.php,Contact,CA,94501,book_store
Reston's Used Book Shop,"Village Center, 1623 Washington Plaza North Lake Anne, Reston, VA 20190",Used book store,Reston,http://restonsusedbookshop.com/,,Established store offering a large selection of used books in a variety of genres.,,,http://restonsusedbookshop.com/contact.html,"
				Contact
			",VA,20190,book_store
TSU Bookstore,"3100 Cleburne St, Houston, TX 77004",Book store,Houston,http://tsu.bncollege.com/,,,,,http://tsu.bncollege.com/webapp/wcs/stores/servlet/BNCBLocationAndContactView?catalogId=10001&langId=-1&storeId=61051,Contact Us,TX,77004,book_store
Women of Wisdom,"118 Washington St, North Easton, MA 02356",Gift shop,North Easton,https://www.womenofwisdominc.com/,,,,,https://www.womenofwisdominc.com/contact.html,Contact,MA,02356,book_store
To the Fire of Normandy and Beyond,"20 Roche Brothers Way, Stoughton, MA 02072",Books wholesaler,Stoughton,http://www.normandywarmemoir.com/,,,,,https://www.normandywarmemoir.com/contact/,Contact,MA,02072,book_store
Go Calendars,"552 Emerson St, Palo Alto, CA 94301",Gift shop,Palo Alto,http://unamidpen.org/,,,,,http://unamidpen.org/interest-form/,Contact Us ! ,CA,94301,book_store
James Cummins Bookseller,"699 Madison Ave #7, New York, NY 10065",Rare book store,New York,http://www.jamescumminsbookseller.com/,,"Established store with a collection of fine & rare books in many fields, plus manuscripts & artwork.",,,https://www.jamescumminsbookseller.com/contact.php,Contact Us,NY,10065,book_store
Squirrel Eze & Friends,"18 Highland St, Townsend, MA 01469",Gift shop,Townsend,http://www.squirreleze.com/,,,,,https://www.squirrelezeshop.com/index.php?route=information/contact,,MA,01469,book_store
Alran Books,"9 Townsend Rd, Harrisville, NH 03450",Book store,Harrisville,http://alranbooks.com/,,,,,https://alranbooks.com/about-alran-books/contact-us.html,Contact Us,NH,03450,book_store
Imprint Bookstore,"820 Water St, Port Townsend, WA 98368",Book store,Port Townsend,http://www.writersworkshoppe.com/,,,,,http://www.writersworkshoppe.com/contact.html,"
		    Contact
		  ",WA,98368,book_store
David M Lesser Fine Antiquarian Books LLC,"1 Bradley Rd #302, Woodbridge, CT 06525",Used book store,Woodbridge,http://www.lesserbooks.com/,,,,,https://www.lesserbooks.com/contact.php,Contact,CT,06525,book_store
Montana Valley Book Store,"512 Railroad Ave, Alberton, MT 59820",Used book store,Alberton,http://www.montanavalleybookstore.com/,,,,,http://www.montanavalleybookstore.com/contact,Contact,MT,59820,book_store
Wow Cool(r) Alternative Comics,"21607B Stevens Creek Blvd, Cupertino, CA 95014",Comic book store,Cupertino,https://wowcool.com/,,,,,https://wowcool.com/faq/contact-2/,,CA,95014,book_store
AfriWare Books Co,"1701 S 1st Ave #400, Maywood, IL 60153",Book store,Maywood,http://www.afriwarebooks.com/,,"African-centric store featuring books for all ages, beauty products & gifts, plus community events.",,,http://www.afriwarebooks.com/contact-us.html,"
				Contact Us
			",IL,60153,book_store
That Book Store LLC,"446 Silas Deane Hwy, Wethersfield, CT 06109",Book store,Wethersfield,http://www.thatbookstore.com/,,,,,http://www.thatbookstore.com/mailto:contact@thatbookstore.com,contact@thatbookstore.com,CT,06109,book_store
The Lit Bar,"131 Alexander Ave, The Bronx, NY 10454",Book store,The Bronx,http://www.thelitbar.com/,,Cozy neighborhood bookshop/wine bar stocking popular titles & hosting events & readings.,,,http://www.thelitbar.com/contact,"
                Visit & Contact
              ",NY,10454,book_store
Trail's End Bookstore,"241 Riverside Ave, Winthrop, WA 98862",Book store,Winthrop,https://www.trailsendbookstore.com/,,,,,https://www.trailsendbookstore.com/contact,Contact Us,WA,98862,book_store
Magnolia's Bookstore,"3206 W McGraw St, Seattle, WA 98199",Book store,Seattle,http://www.magnoliasbookstore.com/,,"Independent bookstore in a cozy, neighborhood setting, stocking titles for all ages.",,,https://magnoliasbookstore.com/contact-us/,Contact Us,WA,98199,book_store
Nearly New Thrift Shop,"810 Bragg Blvd, Fayetteville, NC 28301",Thrift store,Fayetteville,http://nearlynewthriftshop.com/,,Thrift shop carrying a range of new & used items from furniture & home goods to antiques & gifts.,,,http://nearlynewthriftshop.com/contact-us,"  

Call us! // 910-779-3531
",NC,28301,book_store
Wayland Depot,"1 Cochituate Rd, Wayland, MA 01778",Gift shop,Wayland,http://www.thewaylanddepot.com/,,,,,http://thewaylanddepot.com/about-us/contact/,Contact,MA,01778,book_store
The Bookstore at the Berry Center,"129 S Main St, New Castle, KY 40050",Book store,New Castle,http://berrycenter.org/,,,,,http://berrycenter.org/about/staff,Contact,KY,40050,book_store
The History Press,"420 Wando Park Blvd, Mt Pleasant, SC 29464",Book store,Mt Pleasant,http://www.historypress.net/,,,,,http://www.historypress.net/ContactUs/Shipping,,SC,29464,book_store
King's Books,"218 St Helens Ave, Tacoma, WA 98402",Book store,Tacoma,http://www.kingsbookstore.com/,,"Quaint bookseller know for its deep inventory of new, used & out-of-print titles.",,,http://visitor.r20.constantcontact.com/d.jsp?llr=oj4orubab&p=oi&m=1101274774830,,WA,98402,book_store
BOOKOFF,"1025 Westminster Mall #1042, Westminster, CA 92683",Book store,Westminster,http://www.bookoffusa.com/,,,,,http://www.bookoffusa.com/faq/#contact,CONTACT,CA,92683,book_store
Double Bar Music,"549 American Legion Hwy #3, Westport, MA 02790",Music store,Westport,https://www.doublebarmusic.com/,,,,,https://www.doublebarmusic.com/contact,ABOUT,MA,02790,book_store
Thursday Thrift Shop,"2 Commons, Little Compton, RI 02837",Thrift store,Little Compton,http://www.ucclcri.org/,,,,,http://www.ucclcri.org/contact-us.html,"

			Contact Us
		
",RI,02837,book_store
The University of Chicago Bookstore,"970 E 58th St, Chicago, IL 60637",Book store,Chicago,http://uchicago.bncollege.com/,,"Campus emporium stocking textbooks, university-themed apparel, dorm-room supplies & gifts.",,,http://uchicago.bncollege.com/webapp/wcs/stores/servlet/BNCBLocationAndContactView?catalogId=10001&langId=-1&storeId=15063,Contact Us,IL,60637,book_store
Sandra L Hoekstra Bookseller ABAA ILAB,"153 Main St, Thomaston, ME 04861",Book store,Thomaston,http://slhbookseller.com/,,,,,https://www.slhbookseller.com/contact.php,Contact,ME,04861,book_store
Mermaid Books,"421 Prince George St # A, Williamsburg, VA 23185",Used book store,Williamsburg,https://www.mermaidbookswilliamsburg.com/,,,,,https://www.mermaidbookswilliamsburg.com/contact-us/,Contact Us,VA,23185,book_store
Freebird Books & Goods,"123 Columbia St, Brooklyn, NY 11231",Book store,Brooklyn,http://www.freebirdbooks.com/,,"Store offering used books with a speciality in the history & culture of NYC, plus readings & events.",,,http://www.freebirdbooks.com/contact.html,"
				Contact
			",NY,11231,book_store
Standards Manual,"212 Franklin St, Brooklyn, NY 11222",Book store,Brooklyn,http://www.standardsmanual.com/,,,,,http://www.standardsmanual.com/mailto:contact@standardsmanual.com,contact@standardsmanual.com,NY,11222,book_store
Austin's Antiquarian Books,"123 W Main St, Wilmington, VT 05363",Used book store,Wilmington,http://www.austinsbooks.com/,,,,,https://www.austinsbooks.com/contact.php,Contact,VT,05363,book_store
The Comic Book Shop,"1855 Marsh Rd, Wilmington, DE 19810",Comic book store,Wilmington,http://thecomicbookshop.com/,,,,,http://thecomicbookshop.com/ContactUs,Contact,DE,19810,book_store
UNCW Bookstore,"601 S College Rd, Wilmington, NC 28403",Book store,Wilmington,http://www.uncw.bncollege.com/,,,,,http://www.uncw.bncollege.com/webapp/wcs/stores/servlet/BNCBLocationAndContactView?catalogId=10001&langId=-1&storeId=19051,Contact Us,NC,28403,book_store
Barrett Bookstore,"6 Corbin Dr, Darien, CT 06820",Book store,Darien,http://www.barrettbookstore.com/,,,,,http://www.barrettbookstore.com/contact,Contact Us,CT,06820,book_store
A Likely Story Bookstore,"7566 W Main St #113, Sykesville, MD 21784",Book store,Sykesville,https://www.sykesvillebooks.com/,,,,,https://www.sykesvillebooks.com/contact,,MD,21784,book_store
Central Connecticut State University Book Store,"105 Ella Grasso Blvd, New Britain, CT 06053",Book store,New Britain,https://central-ct.bncollege.com/,,,,,https://central-ct.bncollege.com/webapp/wcs/stores/servlet/BNCBLocationAndContactView?catalogId=10001&langId=-1&storeId=22051,Contact Us,CT,06053,book_store
Nutmeg Books,"354 New Litchfield St, Torrington, CT 06790",Used book store,Torrington,https://www.nutmegbooks.com/,,,,,https://www.nutmegbooks.com/contact,"
            Contact
          ",CT,06790,book_store
Jumping Frog,"56 Arbor St #107, Hartford, CT 06106",Used book store,Hartford,http://www.thejumpingfrog.com/,,,,,https://www.thejumpingfrog.com/?page=shop/contactus,Contact Us,CT,06106,book_store
Hoffman Books,"4167 N High St, Columbus, OH 43214",Book store,Columbus,http://www.hoffmansbookshop.com/,,,,,http://www.hoffmansbookshop.com/page/contact-us, Contact Us,OH,43214,book_store
Cover to Cover Children's Books,"2116 Arlington Ave, Columbus, OH 43221",Book store,Columbus,http://covertocoverchildrensbooks.com/,,,,,http://covertocoverchildrensbooks.com/contact,Contact Us,OH,43221,book_store
Read It Again Books,"39733 Grand River Ave, Novi, MI 48375",Used book store,Novi,http://www.readitagainbooks-novi.com/,,,,,http://www.readitagainbooks-novi.com/page/contact-us, Contact Us,MI,48375,book_store
