name,address,type,place,description,website_url,menu_url,gift_card_website,contact_website,gift_card_txt,contact_txt,searched,state,zipcode,store_type
Merkaz Seforim Judaica,"27 Orchard St, Monsey, NY 10952",Book store,Monsey,,http://www.theshoppershaven.com/,,,http://www.theshoppershaven.com/contact.html,,"
				Contact
			",1,NY,10952,book_store
The Tales Of Reese,"1 Paragon Dr, Montvale, NJ 07645",Book store,Montvale,,http://www.talesofreese.com/,,,http://www.talesofreese.com/contact,,"
                Contact
              ",1,NJ,07645,book_store
Open Door Bookstore,"128 Jay St, Schenectady, NY 12305",Book store,Schenectady,,http://www.opendoor-bookstore.com/,,,http://www.opendoor-bookstore.com/mailto:general-info@opendoor-bookstore.com,,Contact Us,1,NY,12305,book_store
Fort Orange General Store,"412 Broadway, Albany, NY 12207",Gift shop,Albany,,http://www.fortorangegeneralstore.com/,,,http://www.fortorangegeneralstore.com/contact,,Contact,1,NY,12207,book_store
John Keal Music Company Inc,"819 Livingston Ave, Albany, NY 12206",Music store,Albany,,https://www.johnkealmusic.com/,,,https://www.johnkealmusic.com/t-contactus.aspx,,Contact Us,1,NY,12206,book_store
Main Street Thrift Store & Donation Center,"south 14411, 131 S Main St, Albion, NY 14411",Thrift store,Albion,,http://www.caoginc.org/,,,http://caoginc.org/contact/,,Contact,1,NY,14411,book_store
Greater New York Adventist Book Center,"7 Shelter Rock Rd, Manhasset, NY 11030",Christian book store,Manhasset,,http://www.adventistbookcenter.com/,,,https://adventistbookcenter.com/contact-us,,,1,NY,11030,book_store
CLSC Veranda,"18 Miller Ave, Chautauqua, NY 14722",Book store,Chautauqua,,http://www.chq.org/,,,http://www.chq.org/contact-us,,Contact Us,1,NY,14722,book_store
Queen City Book Store,"3184 Main St, Buffalo, NY 14214",Comic book store,Buffalo,,https://m.facebook.com/,,,https://lm.facebook.com/l.php?u=http%3A%2F%2Fwww.buffalocomicon.com%2F&h=AT1_Pd2dX3sO3b2A6JVvMm-b5GV4zKeunq_VfdEkpr0ZAHju9dTvV0zeVY_kJWbJ1M7dhC62zRDTd-WjMewIw8Oq6h2Tkh0C7qEM_sg-OyM3zldYAOG1yG7_jwxIZiiqQ-1Gpi1uY8BVicvAVhGJPJYSqdXVIKe2B8tYr_xA7P70BTxuYBM0GvOTZN7rXF7cMhMoXbBMP5pp_IQy91y5pORIBSxVCvzr9h9NKkIRheKsOc41wxk_0qrEcZeSkYKqo5DcKaF_FLuecSqTIPtEfkdzAdWNWzmDcMQdKpwm2jN6tWuXpytbbXglmqgkx8024eaomKWm9TlD-LqiQHtlqd3SG1qUXz93W98K8iGuQwJH05Vb0EjjYM0zh6TObj1maFdGLvu1Ut8tV-6dlmzh4dczzRT6KmRynMcdnY4w5g,,Contact Us,1,NY,14214,book_store
Gibbs Books,"5325 Sheridan Dr Box 102, Buffalo, NY 14231",Rare book store,Buffalo,,http://www.gibbsbooks.com/,,,http://www.gibbsbooks.com/page/contact-us,, Contact Us,1,NY,14231,book_store
Bender's Christian Store,"8550 Sheridan Dr, Williamsville, NY 14221",Christian book store,Williamsville,,http://www.shopbenders.com/,,,https://www.shopbenders.com/help/contact_us,,Contact Us,1,NY,14221,book_store
1811 Comics,"56 E Spring St, Buffalo, NY 14221",Comic book store,Buffalo,,http://www.sweetjennyswilliamsville.com/,,,http://www.sweetjennyswilliamsville.com/find-us,,Where to Find Us,1,NY,14221,book_store
Teachers' Tools & Treasures,"664 Cleveland Dr, Buffalo, NY 14225",Book store,Buffalo,,http://www.teacherstoolsandtreasures.com/,,,https://teacherstoolsandtreasures.com/contact-us/,,Contact Us,1,NY,14225,book_store
Westside Stories Used Books,"205 Grant St, Buffalo, NY 14213",Used book store,Buffalo,,http://www.westside-stories.com/,,,http://www.westside-stories.com/findus,,FIND US,1,NY,14213,book_store
South Shore Living,"1224 Montauk Hwy, Copiague, NY 11726",Magazine store,Copiague,,http://www.southshoreliving.site/,,,https://southshoreliving.site/where-to-find-us/,,Where You Can Find Us,1,NY,11726,book_store
Long Island Comics,"276 Little E Neck Rd, West Babylon, NY 11704",Comic book store,West Babylon,,http://www.licomics.com/,,,http://www.licomics.com/contactus.html,,Contact Us,1,NY,11704,book_store
St Martin's Cloak Room Thrift Shop,"227 Broadway, Amityville, NY 11701",Thrift store,Amityville,,http://stmartinschurch.net/,,,http://stmartinschurch.net/contact,,Contact,1,NY,11701,book_store
Betsaida Christian Book Store,"2402 Bergenline Ave, Union City, NJ 07087",Book store,Union City,,http://www.betsaidachristianbookstore.com/,,,http://www.betsaidachristianbookstore.com/index.php?route=information/contact,,Contact Us,1,NJ,07087,book_store
SFMOMA Store at SFO,"San Francisco International Airport, International Terminal Departures Level, San Francisco, CA 94128",Book store,San Francisco,"Museum gift shop featuring art books, toys, jewelry & home furnishings plus other stylish items.",https://museumstore.sfmoma.org/,,,https://museumstore.sfmoma.org/customer-service,,Contact Info + Hours,1,CA,94128,book_store
Walden Pond Books,"3316 Grand Ave, Oakland, CA 94610",Book store,Oakland,,http://www.waldenpondbooks.com/,,,http://www.constantcontact.com/safesubscribe.jsp,,,1,CA,94610,book_store
The Last Bookstore,"453 S Spring St, Los Angeles, CA 90013",Used book store,Los Angeles,Airy book & record store offering new & used items in a multilevel space adorned with local art.,http://www.lastbookstorela.com/,,,http://www.lastbookstorela.com/#contact,,Contact,1,CA,90013,book_store
Chartwell Booksellers,"55 E 52nd St, New York, NY 10055",Book store,New York,"Stalwart bookshop focusing on the writings of Sir Winston Churchill, plus other rare & new titles.",https://www.chartwellbooksellers.com/,,,https://www.chartwellbooksellers.com/contact-us/,,,1,NY,10055,book_store
Book Warehouse of Waterloo NY,"655 NY-318 #100b, Waterloo, NY 13165",Book store,Waterloo,,https://www.book-warehouse.com/,,,https://www.book-warehouse.com,,CONTACT,1,NY,13165,book_store
HWS College Store,"51 St Clair St, Geneva, NY 14456",Book store,Geneva,,http://collegestore.hws.edu/,,,http://collegestore.hws.edu/webapp/wcs/stores/servlet/BNCBLocationAndContactView?catalogId=10001&langId=-1&storeId=89226,,Contact Us,1,NY,14456,book_store
Crush Comics,"2869 Castro Valley Blvd, Castro Valley, CA 94546",Comic book store,Castro Valley,"Comic shop stocking new & back issues, plus books, card games, toys, novelty items & more.",https://www.crushcomics.com/,,,https://www.crushcomics.com/mailto:Crush@crushcomics.com,,Contact Us,1,CA,94546,book_store
Capital Books,"1011 K St, Sacramento, CA 95814",Book store,Sacramento,,https://capitalbooksonk.com/,,,https://capitalbooksonk.com/find-us,,Find Us,1,CA,95814,book_store
College Book Store,"2600 Woodbridge Ave, Edison, NJ 08837",Book store,Edison,,http://middlesexcc.bncollege.com/,,,http://middlesexcc.bncollege.com/webapp/wcs/stores/servlet/BNCBLocationAndContactView?catalogId=10001&langId=-1&storeId=88481,,Contact Us,1,NJ,08837,book_store
K12bookscom Limited,"60 Main St, Scottsville, NY 14546",Book store,Scottsville,,http://www.k12books.com/,,,https://www.k12books.com/?page=shop/contactus,,Contact Us,1,NY,14546,book_store
Barnes & Noble at RIT,"100 Park Point Dr, Rochester, NY 14623",Book store,Rochester,,http://rit.bncollege.com/,,,http://rit.bncollege.com/webapp/wcs/stores/servlet/BNCBLocationAndContactView?catalogId=10001&langId=-1&storeId=35554,,Contact Us,1,NY,14623,book_store
Strawberry Hill Book Search,"129 Strawberry Hill Rd, Rochester, NY 14623",Used book store,Rochester,,https://www.strawberryhillbooks.com/,,,https://www.strawberryhillbooks.com/contact.html,,,1,NY,14623,book_store
The Bunny with the Basket,"577 High St, Dedham, MA 02026",Book store,Dedham,,http://www.bluebunnybooks.com/,,,http://www.bluebunnybooks.com/contact-us,,Contact Us,1,MA,02026,book_store
Galilee Gift & Book Store,"30106 Lorain Rd, North Olmsted, OH 44070",Christian book store,North Olmsted,,http://www.st-clarence.org/,,,http://www.st-clarence.org/contact,,Contact,1,OH,44070,book_store
Nationwide Book Traders,"34 Kean St, West Babylon, NY 11704",Book store,West Babylon,,http://www.buybookstoday.net/,,,https://www.buybookstoday.net/?page=shop/contactus,,Contact Us,1,NY,11704,book_store
Hot Flips,"21 Edison Ave, West Babylon, NY 11704",Comic book store,West Babylon,,https://www.hotflips.com/,,,https://www.hotflips.com/contact/,,Contact,1,NY,11704,book_store
Good News Books & Religious Goods,"155 Larkfield Rd, East Northport, NY 11731",Book store,East Northport,,https://www.goodnewsbooks.com/,,,https://www.goodnewsbooks.com/Contact-Us,,Contact Us,1,NY,11731,book_store
Hofstra University Bookstore,"200 Hofstra University, Hempstead, NY 11549",Book store,Hempstead,,http://hofstra.bncollege.com/,,,http://hofstra.bncollege.com/webapp/wcs/stores/servlet/BNCBLocationAndContactView?catalogId=10001&langId=-1&storeId=22561,,Contact Us,1,NY,11549,book_store
Excellent Adventures,"110 Milton Ave, Ballston Spa, NY 12020",Comic book store,Ballston Spa,,http://excellentadventurescomics.com/,,,http://excellentadventurescomics.com/contact-us.html,,Contact Us,1,NY,12020,book_store
Shooting Gallery Books,"53 Blue Spruce Ln, Ballston Lake, NY 12019",Book store,Ballston Lake,,http://www.shootinggallerybooks.com/,,,http://www.shootinggallerybooks.com/contact.php,,Contact Us,1,NY,12019,book_store
Your Walls Can Talk,"60 Blue Barns Rd, Rexford, NY 12148",Gift shop,Rexford,,http://www.yourwallscantalk.com/,,,http://www.yourwallscantalk.com/#,,Contact Us,1,NY,12148,book_store
Liberty Rock Books,"678 E Main St, Hobart, NY 13788",Used book store,Hobart,,http://www.hobartbookvillage.com/,,,http://www.hobartbookvillage.com/contact-us.html,,"
                				Contact  Us
                			",1,NY,13788,book_store
The Treehouse Reading & Art Center,"587 Main St Suite 304, New York Mills, NY 13417",Book store,New York Mills,,http://treehousebookshop.com/,,,https://treehousebookshop.com/contact-us/,,Contact Us,1,NY,13417,book_store
Broad Street Records,"368 Broad St, Waverly, NY 14892",Music store,Waverly,,http://bsrecordshop.com/,,,http://bsrecordshop.com/contact-us.html,,"
							Contact us
						",1,NY,14892,book_store
The BiblioTech Cafe,"2 S Main St, Perry, NY 14530",Book store,Perry,,http://thebibliotechcafe.com/,,,https://www.facebook.com/coffeebookstoystech,,You can also email us through the contact page on this site. ,1,NY,14530,book_store
The Bookworm,"34 Elm St, East Aurora, NY 14052",Book store,East Aurora,,http://www.eabookworm.com/,,,http://www.eabookworm.com/tel:7166526554,,(716) 652-6554,1,NY,14052,book_store
1st Print Comics,"1548 Buffalo Rd, Rochester, NY 14624",Comic book store,Rochester,,http://www.1stprintcomics.com/,,,http://www.1stprintcomics.com/contact-us/,,Contact Us,1,NY,14624,book_store
All Heroes Comics,"4410 Lake Ave, Rochester, NY 14612",Comic book store,Rochester,,http://www.allheroescomics.com/,,,http://www.allheroescomics.com/contact-us/,,Contact Us,1,NY,14612,book_store
Tecolote Book Shop,"1470 E Valley Rd #52, Santa Barbara, CA 93108",Book store,Santa Barbara,,http://www.tecolotebookshop.com/,,,http://www.tecolotebookshop.com/node/21,,Contact,1,CA,93108,book_store
Catholic Store GLY God Loves You,"34 School St, Glen Cove, NY 11542",Christian book store,Glen Cove,,http://www.glyreligiousstore.com/,,,http://www.glyreligiousstore.com/tel:5166560330,,(516) 656-0330,1,NY,11542,book_store
Xerxes Books,"818 Glen Cove Ave, Glen Head, NY 11545",Book store,Glen Head,,http://xerxesbooks.com/,,,http://xerxesbooks.com/contact,,Contact Us,1,NY,11545,book_store
Dolphin Bookshop,"299 Main St, Port Washington, NY 11050",Book store,Port Washington,,https://www.thedolphinbookshop.com/,,,https://www.thedolphinbookshop.com/contact.html,,CONTACT US,1,NY,11050,book_store
Barnes & Noble at Monroe College,"31 Lecount Pl, New Rochelle, NY 10801",Book store,New Rochelle,,http://monroe-newrochelle.bncollege.com/,,,http://monroe-newrochelle.bncollege.com/webapp/wcs/stores/servlet/BNCBLocationAndContactView?catalogId=10001&langId=-1&storeId=62556,,Contact Us,1,NY,10801,book_store
St Vartan Bookstore,"630 2nd Ave, New York, NY 10016",Book store,New York,"Enduring merchant featuring a selection of Armenian books, music & movies, plus jewelry & souvenirs.",http://stvartanbookstore.com/,,,http://stvartanbookstore.com/crm.asp?action=contactus,,Contact Us,1,NY,10016,book_store
Barrett Bookstore,"6 Corbin Dr, Darien, CT 06820",Book store,Darien,,http://www.barrettbookstore.com/,,,http://www.barrettbookstore.com/contact,,Contact Us,1,CT,06820,book_store
Booksy Galore,"67 Westchester Ave, Pound Ridge, NY 10576",Book store,Pound Ridge,,http://www.booksygalore.com/,,,https://www.booksygalore.com,,CONTACT US,1,NY,10576,book_store
AlephBet Books,"85 Old Mill River Rd, Pound Ridge, NY 10576",Book store,Pound Ridge,,http://www.alephbet.com/,,,https://www.alephbet.com/contact.php,,Contact,1,NY,10576,book_store
Subtext Book Shop,"209 Union St, New Bedford, MA 02740",Book store,New Bedford,,http://www.gatlinsframing.com/,,,http://gatlinsframing.com/contact/,,Contact,1,MA,02740,book_store
Orbis Books,"75 Ryder Rd, Maryknoll, NY 10545",Book store,Maryknoll,,http://www.orbisbooks.com/,,,https://www.orbisbooks.com/contact-us.html,,Contact Us,1,NY,10545,book_store
Geographicus Rare Antique Maps,"923 Putnam Ave, Brooklyn, NY 11221",Used book store,Brooklyn,The dealers at this appointment-only shop buy & sell rare maps from the 16th through 19th centuries.,https://www.geographicus.com/,,,https://www.geographicus.com/mm5/merchant.mvc?Screen=CTUS&Store_Code=AntiqueMaps,,CONTACT,1,NY,11221,book_store
Fulton Cultural & Spiritual,"1304 Fulton St, Brooklyn, NY 11216",Christian book store,Brooklyn,,https://www.fultoncultural.com/,,,https://www.fultoncultural.com/contact/,,Contact Us,1,NY,11216,book_store
Nicholas Brooklyn,"1396 Fulton St, Brooklyn, NY 11216",Book store,Brooklyn,"Retailer with clothing & accessories, including Jamaican-themed goods, plus bath & body products.",http://www.nicholasbrooklyn.com/,,,https://nicholasbrooklyn.com/contact-us/,,Contact Us,1,NY,11216,book_store
Books on the Common,"404 Main St, Ridgefield, CT 06877",Book store,Ridgefield,,http://www.booksonthecommon.com/,,,https://booksonthecommon.com/contact/,,Contact Us,1,CT,06877,book_store
Barner Books,"3 Church St, New Paltz, NY 12561",Book store,New Paltz,,http://barnerbooks.com/,,,https://barnerbooks.wixsite.com/bookbuying,,Click here for our bookselling contact form,1,NY,12561,book_store
Creative Corner Books,"607 Main St, Hobart, NY 13788",Book store,Hobart,,http://www.creativecornerbooks.com/,,,http://www.creativecornerbooks.com/contact-us,,Contact Us,1,NY,13788,book_store
Safe Haven Thrift Shop & Pet Food Pantry,"448 NY-376, Hopewell Junction, NY 12533",Thrift store,Hopewell Junction,,http://www.safehaven4animals.org/,,,http://www.safehaven4animals.org/Animal-Shelter-Location-and-Contact-East-Fishkill-NY.html,,Location & Contact,1,NY,12533,book_store
Heroes Hideout,"131 Colonie Center, Albany, NY 12205",Toy store,Albany,,http://www.heroeshideouttoys.com/,,,http://www.heroeshideouttoys.com/pages/contact,,"
               
        Contact                
      
",1,NY,12205,book_store
Moravian Book Shop,"428 Main St, Bethlehem, PA 18018",Book store,Bethlehem,,http://www.moravianbookshop.com/,,,http://www.moravianbookshop.com/contact-us,,Contact,1,PA,18018,book_store
Megga Books & Records,"703 S Main St, Horseheads, NY 14845",Used book store,Horseheads,,http://www.meggabooksrecords.com/,,,http://www.meggabooksrecords.com/contact,,Contact Us,1,NY,14845,book_store
Nearly New Shop,"100 Main St, Binghamton, NY 13905",Thrift store,Binghamton,,http://www.catholiccharitiesbc.org/,,,https://www.catholiccharitiesbc.org/contact-us/contact.html,,E-mail,1,NY,13905,book_store
Music Sales Classical,"2 Old Rte 17, Chester, NY 10918",Book store,Chester,,http://classicalondemand.com/,,,https://classicalondemand.com/contacts/,,Contact Us,1,NY,10918,book_store
Brick Row Book Shop,"49 Geary St #230, San Francisco, CA 94108",Used book store,San Francisco,"Merchant of used & rare books, particularly English & American literature, plus appraisal services.",http://www.brickrow.com/,,,https://www.brickrow.com/contact.php,,Contact,1,CA,94108,book_store
Hackenberg Booksellers,"1614 Kearney St, El Cerrito, CA 94530",Used book store,El Cerrito,Established antiquarian purveyor featuring a broad assortment of rare & collectible history books.,https://www.hackenbooks.com/,,,https://www.hackenbooks.com/contact.php,,Contact,1,CA,94530,book_store
Owl & Company Bookshop,"3941 Piedmont Ave, Oakland, CA 94611",Book store,Oakland,,http://owlandcompanybookshop.com/,,,https://www.calvellobooks.com/contact.php,,Contact,1,CA,94611,book_store
Briarcliff Toy Shop,"1171 Pleasantville Rd, Briarcliff Manor, NY 10510",Toy store,Briarcliff Manor,,http://www.briarclifftoyshop.com/,,,https://www.briarclifftoyshop.com/contact_us.html?zenid=47ciok94sab722gb8ndgrsk647,,Contact Us,1,NY,10510,book_store
Wondrous Things,"1159 Pleasantville Rd, Briarcliff Manor, NY 10510",Gift shop,Briarcliff Manor,,https://wondrousthings.com/,,,https://wondrousthings.com/#1148798038,,"  

Contact Us
",1,NY,10510,book_store
Penny & Ting,"133 Main St, Ossining, NY 10562",Toy store,Ossining,,http://pennyandting.com/,,,http://pennyandting.com/tel:9143732590,,914-373-2590,1,NY,10562,book_store
Russian Toys & Russian Children Books,"230 Brighton Beach Ave, Brooklyn, NY 11235",Book store,Brooklyn,,http://www.internationaltoys.com/,,,http://www.internationaltoys.com/en/contacts/,,Contact Us,1,NY,11235,book_store
TwiceTold Tales Book Store,"200 Maine St, Brunswick, ME 04011",Used book store,Brunswick,,http://www.curtislibrary.com/,,,http://visitor.r20.constantcontact.com/manage/optin?v=001Mro14wcDZcAafL_vTVGzs61HcE_0HC8H2bfrufChkQV2f5y2XvaPd1PIs7VF9g--mlBiWNGcV0rmhdy9XJPbu-evS3AkMcPQYfocngGCfD44quuID2lOu2uanfpG9yefVrJ90cmrDw8uKEHrcHIJhulnw1B2i0NLPLoVJ1xGfaohJeUdNXMl25P4DNqy3CuxhH_-MQDbN4ucKZsex0y0d5qn1mMOUQQC,,e-Newsletter,1,ME,04011,book_store
The Mustard Seed Bookstore,"74 Front St, Bath, ME 04530",Book store,Bath,,http://www.themustardseedbookstore.com/,,,http://www.themustardseedbookstore.com/contact,,"
                  Contact Us
                ",1,ME,04530,book_store
Darul Hikmah Bookstore,"921 Sycamore St, Buffalo, NY 14212",Book store,Buffalo,,http://www.islamicbookcenter.org/,,,https://www.islamicbookcenter.org/index.php?dispatch=pages.view&page_id=4,,Location & Contact Info,1,NY,14212,book_store
Second Chance Group LLC,"14 Weaver St, Buffalo, NY 14206",Book store,Buffalo,,http://secondchancecatalog.com/,,,http://secondchancecatalog.com/contact-us.html,,"
											Contact Us
										",1,NY,14206,book_store
The TreeHouse Toy Store,"793 Elmwood Ave, Buffalo, NY 14222",Toy store,Buffalo,,http://www.thetreehousetoystore.com/,,,http://www.thetreehousetoystore.com/contact-us/,, Contact Us ,1,NY,14222,book_store
The Buffalo History Museum Shop,"1 Museum Ct, Buffalo, NY 14216",Gift shop,Buffalo,,http://buffalohistory.org/,,,https://buffalohistory.org/contact/,,Contact,1,NY,14216,book_store
Sweet Repeats Boutique Inc,"1739 Foote Ave, Jamestown, NY 14701",Childrens store,Jamestown,,http://www.sweetrepeatsinc.com/,,,http://www.sweetrepeatsinc.com/pages/contact-us,,"
Contact Us
",1,NY,14701,book_store
2nd Chances Thrift Store,"707 Fairmount Ave, Jamestown, NY 14701",Thrift store,Jamestown,,http://www.spcapets.com/,,,http://www.spcapets.com/contacts/,,Contacts,1,NY,14701,book_store
Lucy Desi Museum Gift Shop,"10 W 3rd St, Jamestown, NY 14701",Gift shop,Jamestown,,http://www.lucy-desi.com/,,,http://www.lucy-desi.com/contact/,,Contact,1,NY,14701,book_store
Flick Book Studio,"1536 NY-212, Saugerties, NY 12477",Book store,Saugerties,,http://www.flickbookstudio.com/,,,http://flickbookstudio.com/?page_id=28,,Contact Us,1,NY,12477,book_store
KTD Tibetan Buddhist Bookstr,"352 Mead, Mountain Rd, Woodstock, NY 12498",Book store,Woodstock,,http://www.namsebangdzo.com/,,,http://www.namsebangdzo.com/articles.asp?ID=83,,CONTACT US,1,NY,12498,book_store
Kirwan's Game Store  Catskill,"369 Main St, Catskill, NY 12414",Game store,Catskill,,http://www.kgscatskill.com/,,,http://www.kgscatskill.com/tel:5187190091,,518.719.0091,1,NY,12414,book_store
Gamer Craze,"21 Miner Street Rd, Canton, NY 13617",Game store,Canton,,http://gamercrazeny.com/,,,http://gamercrazeny.com/contact-information/,,Contact Us,1,NY,13617,book_store
Old Monterey Book Co,"136 Bonifacio Pl, Monterey, CA 93940",Book store,Monterey,,https://www.oldmonterey.org/,,,https://www.oldmonterey.org/contact-us-0,,Contact Us,1,CA,93940,book_store
Book Cove,"22 Charles Colman Blvd, Pawling, NY 12564",Book store,Pawling,,http://www.pawlingbookcove.com/,,,http://www.pawlingbookcove.com/contact.aspx,,contact us,1,NY,12564,book_store
Three Lives & Company,"154 W 10th St, New York, NY 10014",Book store,New York,Snug neighborhood bookshop selling a well-curated selection of hardcovers & paperbacks since 1968.,http://threelives.com/,,,http://threelives.com/contact.html,,,1,NY,10014,book_store
John Doe Records and Books,"434 Warren St, Hudson, NY 12534",Book store,Hudson,,http://www.johndoehudson.com/,,,https://www.johndoehudson.com/locationcontact.htm,,LOCATION|CONTACT,1,NY,12534,book_store
Pop's Universe,"101-3 Main St, Germantown, NY 12526",Comic book store,Germantown,,http://www.popsuniverse.com/,,,http://www.popsuniverse.com/contactus.html,,,1,NY,12526,book_store
Church Media Worship,"20 Madison Ave, Inwood, NY 11096",Christian book store,Inwood,,http://www.churchmediaworship.com/,,,https://www.churchmediaworship.com/contact-us/,,Contact Us,1,NY,11096,book_store
Magazine Bargain Club,"12 Bayview Ave #632, Cedarhurst, NY 11516",Magazine store,Cedarhurst,,http://www.magazinebargainclub.com/,,,http://www.magazinebargainclub.com/pages/contact-us,,"
Contact Us
",1,NY,11516,book_store
Baldwin's Book Barn,"865 Lenape Rd, West Chester, PA 19382",Book store,West Chester,,http://www.bookbarn.com/,,,http://www.bookbarn.com/contact/contact.html,,CONTACT US,1,PA,19382,book_store
ElevenElevenBooks,"188 Ogden Center Rd, Spencerport, NY 14559",Rare book store,Spencerport,,http://www.1111books.com/,,,https://ocsnext.ebay.com/ocs/home,, Help & Contact,1,NY,14559,book_store
Divine Mercy Religious Shop Ministries,"65 Martha St, Spencerport, NY 14559",Christian book store,Spencerport,,http://www.divinemercyreligiousshop.org/,,,https://www.divinemercyreligiousshop.org/contact,,Get Updates,1,NY,14559,book_store
The Creator's Hands,"1311 Mt Hope Ave, Rochester, NY 14620",Book store,Rochester,,http://www.thecreatorshands.com/,,,https://www.facebook.com/The-Creators-Hands-168977756449150/?fref=ts,, ,1,NY,14620,book_store
SENSUOUS SATIABLES AromaTherapy GIFT SHOP,"567 Thurston Road, side door, Rochester, NY 14619",Book store,Rochester,,http://www.sensuoussatiables.com/,,,http://www.sensuoussatiables.com/mailto:orders@sensuoussatiables.com?subject=Contact Us,,Contact Us,1,NY,14619,book_store
Greenwood Books,"123 East Ave, Rochester, NY 14604",Used book store,Rochester,,http://greenwoodbookstore.com/,,,http://greenwoodbookstore.com/contact.php,,Location,1,NY,14604,book_store
Oz Vehadar,"8 Truman Ave #14, New Square, NY 10977",Book store,New Square,,http://www.oz-vehadar.com/,,,http://www.oz-vehadar.com/en/contact-us,,Contact Us,1,NY,10977,book_store
San Jose State University Spartan Bookstore,"211 S 9th St, San Jose, CA 95112",Book store,San Jose,,http://sjsu.bncollege.com/,,,http://sjsu.bncollege.com/webapp/wcs/stores/servlet/BNCBLocationAndContactView?catalogId=10001&langId=-1&storeId=65133,,Contact Us,1,CA,95112,book_store
Parkway Music,"1777 U.S. 9, Clifton Park, NY 12065",Music store,Clifton Park,,http://parkwaymusic.com/,,,https://www.parkwaymusic.com/about-us--contact.htm,,About Us,1,NY,12065,book_store
Style Encore,"22 Clifton Country Rd #78, Clifton Park, NY 12065",Thrift store,Clifton Park,,https://www.styleencorecliftonpark.com/,,,https://www.styleencorecliftonpark.com/tel:518-630-5730,, 518-630-5730 ,1,NY,12065,book_store
Cross Eyed Owl Gift Shop,"3143 U.S. 9 #8, Valatie, NY 12184",Gift shop,Valatie,,http://www.crosseyedowl.com/,,,http://www.crosseyedowl.com/contact,," Contact
",1,NY,12184,book_store
ReStyle Thrift Store,"2431 6th Ave, Troy, NY 12180",Thrift store,Troy,,http://www.unityhouseny.org/,,,https://www.unityhouseny.org/about/contact/,,Contact Us,1,NY,12180,book_store
Hippies Witches & Gypsies,"33 2nd St, Troy, NY 12180",Gift shop,Troy,,http://www.hippieswitchesgypsies.com/,,,http://www.hippieswitchesgypsies.com/contact_us.html,," 
               
                     
                   
                   
                   
                     Contact Us 
                      
               
             ",1,NY,12180,book_store
University Press Books,"2430 Bancroft Way, Berkeley, CA 94704",Book store,Berkeley,"Hosting author readings, this store stocks a wide selection of books including academic titles.",http://universitypressbooks.com/,,,http://universitypressbooks.com/find-us,,Find Us,1,CA,94704,book_store
Colebrook Book Barn,"657 Colebrook Rd, Colebrook, CT 06021",Used book store,Colebrook,,https://www.colebrookbookbarn.com/,,,https://www.colebrookbookbarn.com/contact.php,,Contact,1,CT,06021,book_store
Dashwood Books,"33 Bond St A, New York, NY 10012",Book store,New York,"Local store devoted exclusively to photography books, including rare & out-of-print titles.",http://www.dashwoodbooks.com/,,,https://www.dashwoodbooks.com/contact.php,,Contact,1,NY,10012,book_store
Rare Book Buyer,"1510 Lexington Ave, New York, NY 10029",Rare book store,New York,,http://www.rarebookbuyer.com/,,,https://rarebookbuyer.com/contact/,,Contact,1,NY,10029,book_store
Colorfully Yours Inc,"11 Grant Ave, Bay Shore, NY 11706",Book store,Bay Shore,,http://www.colorfullyyours.com/,,,http://www.colorfullyyours.com/Contact-Us,,Contact Us,1,NY,11706,book_store
Ace Flag & Visual Promotion,"5444 Transit Rd, Depew, NY 14043",Gift shop,Depew,,http://www.aceflag.com/,,,http://www.aceflag.com/pages/contact-us,,"
                	Contact
                	
              ",1,NY,14043,book_store
Buffalo City Mission Thrift Store,"576 Dick Rd # 10, Depew, NY 14043",Thrift store,Depew,,https://www.buffalocitymission.org/,,,https://www.buffalocitymission.org/#,,Contact ,1,NY,14043,book_store
Performing Arts,"5334 Transit Rd, Depew, NY 14043",Music store,Depew,,http://www.performingartsmusic.org/,,,http://www.performingartsmusic.org/requestinfo/,,Contact/Request Info,1,NY,14043,book_store
Roy Young Bookseller,"564 Ashford Ave, Ardsley, NY 10502",Used book store,Ardsley,,https://www.royoung.com/,,,https://www.royoung.com/contact.php,,Contact,1,NY,10502,book_store
A Freethinker's Corner books & more,"652 Central Ave ste a, Dover, NH 03820",Book store,Dover,,http://www.freethinkerscorner.com/,,,http://www.freethinkerscorner.com/contact.html,,"
				Contact
			",1,NH,03820,book_store
RiverRun Bookstore,"32 Daniel St, Portsmouth, NH 03801",Book store,Portsmouth,,http://www.riverrunbookstore.com/,,,https://riverrunbookstore.com/contact/,,Contact,1,NH,03801,book_store
Stairway to Heaven Comics,"105 Gosling Rd, Newington, NH 03801",Comic book store,Newington,,https://www.stairwaytoheavencomics.com/,,,https://www.stairwaytoheavencomics.com/contact-us,,Contact Us,1,NH,03801,book_store
New York Open Center,"22 E 30th St, New York, NY 10016",Book store,New York,,http://www.opencenter.org/,,,https://www.opencenter.org/contact/program-proposal/,,Submit a Program Proposal,1,NY,10016,book_store
BarbaraGrace LLC,"23 White St, Fredonia, NY 14063",Rare book store,Fredonia,,http://www.barbaragracellc.com/,,,https://www.barbaragracellc.com/contact-us,,CONTACT,1,NY,14063,book_store
Literacy Volunteers of Chautauqua County,"10 Park Pl, Fredonia, NY 14063",Used book store,Fredonia,,https://www.lvccread.org/,,,https://www.lvccread.org/contact-us,,CONTACT US,1,NY,14063,book_store
Circle of Light  Spiritual Center,"40 E Main St, Fredonia, NY 14063",Book store,Fredonia,,http://www.circleoflightwny.com/,,,http://www.circleoflightwny.com/contact.html,,"
							Contact
						",1,NY,14063,book_store
Nell's Bookery,"8515 Erie Rd, Angola, NY 14006",Book store,Angola,,http://nellsbookery.com/,,,http://nellsbookery.com/contact,,Contact,1,NY,14006,book_store
Kiddiversity LLC,"547 Manor Ridge Rd, Pelham, NY 10803",Book store,Pelham,,http://kiddiversity.com/,,,http://kiddiversity.com/index.php/about-kiddi/contact-us.html,,Contact Us,1,NY,10803,book_store
Alchemist Book Publishing,"175 Huguenot St #200, New Rochelle, NY 10801",Book store,New Rochelle,,http://alchemistbookpublishing.com/,,,http://alchemistbookpublishing.com/get-started,,Contact Us,1,NY,10801,book_store
Bargain Box Lvis Thrift Shop,"95 Main St, East Hampton, NY 11937",Thrift store,East Hampton,,https://www.lvis.org/,,,https://www.lvis.org/contact,,"
            Contact
          ",1,NY,11937,book_store
petit blue where dreams come true,"86 Park Pl, East Hampton, NY 11937",Toy store,East Hampton,,http://petitblue.com/,,,https://petitblue.com/contact/,,Contact,1,NY,11937,book_store
Funky Monkey Toys & Books,"360 Wheatley Plaza, Greenvale, NY 11548",Book store,Greenvale,,http://www.funkymonkey.toys/,,,http://www.funkymonkey.toys/pages/contact-us,,Contact,1,NY,11548,book_store
LIU Post College Bookstore,"720 Northern Blvd, Greenvale, NY 11548",Book store,Greenvale,,http://liunet.bncollege.com/,,,http://liunet.bncollege.com/webapp/wcs/stores/servlet/BNCBLocationAndContactView?catalogId=10001&langId=-1&storeId=28570,,Contact Us,1,NY,11548,book_store
Grasshoppers Comics,"76 Hillside Avenue, Williston Park, NY 11596",Comic book store,Williston Park,"Fixture with a wide selection of comics, trade paperbacks & graphic novels plus games & events.",http://grasshopperscomics.com/,,,http://grasshopperscomics.com/?page_id=21,,Contact Us,1,NY,11596,book_store
Libreria Barco De Papel,"4002 80th St, Elmhurst, NY 11373",Book store,Elmhurst,,http://www.libreriabarcodepapelny.com/,,,http://libreriabarcodepapelny.com/contactenos/,,Contáctenos,1,NY,11373,book_store
Stories Bookshop  Storytelling Lab,"458 Bergen St, Brooklyn, NY 11217",Book store,Brooklyn,,http://storiesbk.com/,,,http://storiesbk.com/#contact,,Contact,1,NY,11217,book_store
Nazareth College Bookstore,"4245 East Ave, Rochester, NY 14618",Book store,Rochester,,http://www.naz.bncollege.com/,,,http://www.naz.bncollege.com/webapp/wcs/stores/servlet/BNCBLocationAndContactView?catalogId=10001&langId=-1&storeId=48053,,Contact Us,1,NY,14618,book_store
Seforim Center,"1128 41st St, Brooklyn, NY 11218",Religious book store,Brooklyn,,http://www.seforimcenter.com/,,,http://www.seforimcenter.com/Contact.aspx,,"
					Contact Us",1,NY,11218,book_store
CD CAFE,"10 W Market St, Corning, NY 14830",Record store,Corning,,http://www.cdcafecorning.com/,,,https://www.cdcafecorning.com,,CONTACT US,1,NY,14830,book_store
Alterniverse,"Rockledge Plaza, 1164 Rte 9G #6, Hyde Park, NY 12538",Comic book store,Hyde Park,,http://www.alterniverse.net/,,,https://alterniverse.net/contact-us/,,Contact Us,1,NY,12538,book_store
Omega Bookshop,"150 Lake Dr, Rhinebeck, NY 12572",Book store,Rhinebeck,,http://eomega.org/,,,http://eomega.org/contact,,Contact,1,NY,12572,book_store
Roosevelt Vanderbilt Association,"119 Vanderbilt Park Rd, Hyde Park, NY 12538",Book store,Hyde Park,,http://www.rooseveltvanderbilt.org/,,,http://www.rooseveltvanderbilt.org/contact-us.html,,"
							Contact Us
						",1,NY,12538,book_store
Green Journey Distributors Inc,"565 NY-110, Farmingdale, NY 11735",Book store,Farmingdale,,http://www.greenjourneydist.com/,,,http://www.greenjourneydist.com/about.php,,Composting,1,NY,11735,book_store
Church of Scientology of Long Island,"329-5, Broadway, Bethpage, NY 11714",Book store,Bethpage,,http://www.scientology-longisland.org/,,,http://www.scientology-longisland.org/contact.html,,Contact,1,NY,11714,book_store
World Journal Bookstore,"136-19-136-29 38th Ave, Flushing, NY 11354",Book store,Flushing,,https://www.worldjournal.com/,,,https://www.worldjournal.com/page-contact_us/,,與我們聯絡,1,NY,11354,book_store
Two Kings Comics LLC,"171 W Main St, Victor, NY 14564",Comic book store,Victor,,http://www.twokingscomics.com/,,,http://win.wizkids.com,,Wizkids Information Network,1,NY,14564,book_store
Adirondack Motorbooks & Collectibles,"603 E Main St, Palmyra, NY 14522",Book store,Palmyra,,http://www.motorlibrary.com/,,,http://www.motorlibrary.com/map/map.htm,,Contact,1,NY,14522,book_store
Fenton's Open Book,"105 W Shiawassee Ave, Fenton, MI 48430",Book store,Fenton,,http://fentonsopenbook.wixsite.com/,,,https://fentonsopenbook.wixsite.com/main/home,,Contact Us,1,MI,48430,book_store
Best Comics International,"1300 Jericho Turnpike, New Hyde Park, NY 11040",Comic book store,New Hyde Park,"Long-running resource for comic books that also stocks collectibles, cards, action figures & toys.",http://www.bestcomics.com/,,,http://www.bestcomics.com/pages/contact-us,,"
              Contact Us
            ",1,NY,11040,book_store
On the Road Reps Inc,"50 Carnation Ave, Floral Park, NY 11001",Toy store,Floral Park,,http://www.ontheroadreps.com/,,,https://ontheroadreps.com/contact-us/,,Contact Us ,1,NY,11001,book_store
Dorothy Stacy,"2860 Mohawk St, Sauquoit, NY 13456",Book store,Sauquoit,,https://dorothystacy.com/,,,https://dorothystacy.com/contact-me/,,Contact Me,1,NY,13456,book_store
Arc Herkimer Store & Donation Center,"105 N Caroline St, Herkimer, NY 13350",Thrift store,Herkimer,,http://www.archerkimer.org/,,,http://www.archerkimer.org/contact-us,,Contact Us,1,NY,13350,book_store
Rhythm And Grooves Record Store,"65 W Main St, Fredonia, NY 14063",Record store,Fredonia,,http://www.rhythmandgroovesrecordstore.com/,,,http://www.rhythmandgroovesrecordstore.com/contact-record-store,," CONTACT US

",1,NY,14063,book_store
St Francis Book Shop,"135 W 31st St, New York, NY 10001",Book store,New York,"Quaint church shop offering a variety of books, young adult materials, bibles & gifts.",http://www.stfrancisnyc.org/,,,https://stfrancisnyc.org/contact/,,Contact Us,1,NY,10001,book_store
Scholar's Choice,"100 College Ave Suite #130, Rochester, NY 14607",Book store,Rochester,,http://www.scholarschoice.com/,,,http://www.scholarschoice.com/Contact.aspx,,Contact,1,NY,14607,book_store
Not Dot Shop,"1260, 127 Main St #2, Geneseo, NY 14454",Gift shop,Geneseo,,http://www.notdotshop.com/,,,http://www.notdotshop.com/contact.html,,"Directions 
          & Contact",1,NY,14454,book_store
HoneyGirl Gourmet,"61 Main St, Geneseo, NY 14454",Gift shop,Geneseo,,http://www.honeygirlgifts.com/,,,https://www.honeygirlgifts.com/contact,,Contact,1,NY,14454,book_store
Saucony Book Shop,"71 Mill Creek Rd, Kutztown, PA 19530",Used book store,Kutztown,,http://www.sauconybookshop.com/,,,http://www.sauconybookshop.com/page/contact-us,, Contact Us,1,PA,19530,book_store
Old Book Surfer,"2823 NY-22, Cambridge, NY 12816",Used book store,Cambridge,,https://www.abebooks.com/,,,https://www.abebooks.com/servlet/AskBooksellerQuestion?reftype=G&refnum=53827797,,Contact this seller,1,NY,12816,book_store
Dreams East,"359 Sea Cliff Ave, Sea Cliff, NY 11579",Gift shop,Sea Cliff,,http://dreamseast.com/,,,https://dreamseast.com/store/contact,,Contact,1,NY,11579,book_store
St Thomas Church Thrift Shop  No Books Accepted,"168 W Boston Post Rd, Mamaroneck, NY 10543",Thrift store,Mamaroneck,,http://www.saintthomasmmrk.org/,,,https://www.saintthomasmmrk.org/index.php/contact-us-2/,,Contact,1,NY,10543,book_store
Kelly's Country Store,"3121 Grand Island Blvd, Grand Island, NY 14072",Gift shop,Grand Island,,http://www.kellyscountrystore.com/,,,https://kellyscountrystore.com/contact-us/,,Contact Us,1,NY,14072,book_store
Five Starr Music Products Co,"39 Windham Ln, Grand Island, NY 14072",Music store,Grand Island,,http://fivestarrproducts.com/,,,http://fivestarrproducts.com/home/?page_id=14,,Contact,1,NY,14072,book_store
Hermit Hill Books,"95 Main St, Poultney, VT 05764",Used book store,Poultney,,http://www.hermithillbooks.com/,,,http://www.hermithillbooks.com/contact.php,,Contact,1,VT,05764,book_store
Teacher's Choice,"147-16 Northern Blvd, Flushing, NY 11354",Book store,Flushing,,http://www.iteacherschoice.com/,,,http://www.iteacherschoice.com/contact-us-1,,Contact Us,1,NY,11354,book_store
Eden Group Development Inc,"2 Valley Meadow Dr, Spencerport, NY 14559",Book store,Spencerport,,http://reg-books.com/,,,http://reg-books.com/contact/,,Contact Us,1,NY,14559,book_store
Federal Street Books,"8 Federal St, Greenfield, MA 01301",Used book store,Greenfield,,https://federalstreetbooks.com/,,,https://federalstreetbooks.com/pages/contact-us,,"
              Contact
            ",1,MA,01301,book_store
The Montague Bookmill,"440 Greenfield Rd, Montague, MA 01351",Used book store,Montague,,http://www.montaguebookmill.com/,,,http://www.montaguebookmill.com/contact,,,1,MA,01351,book_store
James S Jaffe Rare Books,"790 Madison Ave # 605, New York, NY 10065",Book store,New York,,https://www.jamesjaffe.com/,,,https://www.jamesjaffe.com/contact.php,,Contact,1,NY,10065,book_store
Auto Account Publishing Co,"422 Huffer Rd, Hilton, NY 14468",Book store,Hilton,,http://www.autoexpensebook.com/,,,http://www.autoexpensebook.com/index.php?pr=Contact_Us,,Contact Us,1,NY,14468,book_store
Barnes & Noble Booksellers Westgate,"1600 Saratoga Ave, San Jose, CA 95129",Book store,San Jose,,http://www.shopwestgatecenter.com/,,,https://shopwestgatecenter.com/contact/,,,1,CA,95129,book_store
Columbia University Bookstore,"2922 Broadway, New York, NY 10027",Book store,New York,"Go-to for textbooks, Columbia University logo apparel, school supplies & dorm room essentials.",http://columbia.bncollege.com/,,,http://columbia.bncollege.com/webapp/wcs/stores/servlet/BNCBLocationAndContactView?catalogId=10001&langId=-1&storeId=10053,,Contact Us,1,NY,10027,book_store
Book Alley,"1252 E Colorado Blvd, Pasadena, CA 91106",Book store,Pasadena,"Used bookshop offering a large selection across a range of categories, including the arts.",http://www.bookalley.com/,,,https://www.bookalley.com/contact.php,,Contact,1,CA,91106,book_store
New Mexico Highlands University Bookstore,"800 National Ave, Las Vegas, NM 87701",Book store,Las Vegas,,http://nmhu.textbooktech.com/,,,http://nmhu.textbooktech.com/contact_us,,Info,1,NM,87701,book_store
New Europe Books,"54 Arnold St, Williamstown, MA 01267",Book store,Williamstown,,http://neweuropebooks.com/,,,http://neweuropebooks.com/new-page,,Contact,1,MA,01267,book_store
Chapter Two Books,"37 Spring St, Williamstown, MA 01267",Used book store,Williamstown,,http://www.chaptertwobookstore.org/,,,https://www.chaptertwobookstore.org/contact-us/,,Contact,1,MA,01267,book_store
Look at Autism,"MA-2, Williamstown, MA 01267",Book store,Williamstown,,http://www.lookatautism.com/,,,http://www.lookatautism.com/contact-author,,Contact Author,1,MA,01267,book_store
Libreria Catolica,"231 Wall St, Huntington, NY 11743",Book store,Huntington,,https://defiendetufe.com/,,,https://defiendetufe.com/contactanos7,,Contáctanos,1,NY,11743,book_store
HaMaR PERCUSSION PUBLICATIONS,"333 Spring Rd, Huntington, NY 11743",Book store,Huntington,,http://www.hamarpercussion.com/,,,http://www.hamarpercussion.com/contact.html,,Contact,1,NY,11743,book_store
Dreaming Goddess,"44 Raymond Ave, Poughkeepsie, NY 12603",Gift shop,Poughkeepsie,,https://dreaminggoddess.com/,,,https://dreaminggoddess.com/contact/,,Contact,1,NY,12603,book_store
Open Book Bookstore,"7900 High School Rd, Elkins Park, PA 19027",Book store,Elkins Park,,http://www.openbookphilly.com/,,,https://openbookphilly.com/contact/,,Contact,1,PA,19027,book_store
Dragons Den,"794 Main St, Poughkeepsie, NY 12603",Game store,Poughkeepsie,,http://www.wowdragonsden.com/,,,http://www.wowdragonsden.com/contact_us,,Contact Us,1,NY,12603,book_store
Cornerstone Thrift Store,"68 Morgan St, Ilion, NY 13357",Thrift store,Ilion,,http://www.morningstarparish.org/,,,http://www.morningstarparish.org/contact/,,Contact,1,NY,13357,book_store
Simply New York Marketplace & Gifts,"4364 Culver Rd, Irondequoit, NY 14622",Gift shop,Irondequoit,,http://www.simplynystore.com/,,,http://www.simplynystore.com/contact,,"
                Contact Us
              ",1,NY,14622,book_store
Tor Comics,"997 Waverly Ave, Holtsville, NY 11742",Book store,Holtsville,,http://www.tor-comics.com/,,,http://www.tor-comics.com/contact.html,,Contact,1,NY,11742,book_store
Genesis Comics and Games,"600-26 Portion Rd, Ronkonkoma, NY 11779",Comic book store,Ronkonkoma,,https://genesiscomicsandgaming.com/,,,https://genesiscomicsandgaming.com/tel:6314714855,,(631) 471-HULK (4855) ,1,NY,11779,book_store
Worldwide Books,"1001 W Seneca St # 300, Ithaca, NY 14850",Book store,Ithaca,,http://www.worldwide-artbooks.com/,,,http://www.worldwide-artbooks.com/pages/contact-us,,"
            Contact Us
        ",1,NY,14850,book_store
Ithaca College Campus Store,"Phillips Hall, 140, 953 Danby Rd, Ithaca, NY 14850",Book store,Ithaca,,http://campusstore.ithaca.edu/,,,http://campusstore.ithaca.edu/contact-us,,Contact,1,NY,14850,book_store
Choose It,"118 N Tioga St, Ithaca, NY 14850",Book store,Ithaca,,http://www.mtb.com/,,,http://www.mtb.com/help-center/contact,,Contact Us,1,NY,14850,book_store
Buffalo Street Books,"Enter on Buffalo or, 215 N Cayuga St, E Seneca St, Ithaca, NY 14850",Book store,Ithaca,,http://www.thedewittmall.com/,,,http://www.thedewittmall.com/contact.html,,"
				Contact
			",1,NY,14850,book_store
The Record Baron,"3048 Delaware Ave, Kenmore, NY 14217",Record store,Kenmore,,https://www.therecordbaron.com/,,,https://www.therecordbaron.com/contact,,Contact Us,1,NY,14217,book_store
Bolerium Books,"2141 Mission St #300, San Francisco, CA 94110",Used book store,San Francisco,Radical bookshop carries rare titles on American social movements & political memorabilia.,http://www.bolerium.com/,,,https://www.bolerium.com/contact.php,,Contact Us,1,CA,94110,book_store
Alleluia Catholic Store,"201 1st Ave S, Kent, WA 98032",Book store,Kent,"Catholic specialty shop for crosses & statuettes, along with books, jewelry, holiday decor & gifts.",http://www.alleluiacatholicstore.com/,,,http://www.alleluiacatholicstore.com/index.html#contact,,CONTACT,1,WA,98032,book_store
19th Century Rare Book and Photograph Shop,"446 Kent Ave, Brooklyn, NY 11249",Rare book store,Brooklyn,,http://www.19thshop.com/,,,https://www.19thshop.com/contact-us/,,Contact Us,1,NY,11249,book_store
Kent State University Bookstore,"Student Center, 1075 Risman Dr #124, Kent, OH 44242",Book store,Kent,,http://kent.bncollege.com/,,,http://kent.bncollege.com/webapp/wcs/stores/servlet/BNCBLocationAndContactView?catalogId=10001&langId=-1&storeId=87857,,Contact Us,1,OH,44242,book_store
Librarium,"126 Black Bridge Rd, East Chatham, NY 12060",Used book store,East Chatham,,http://www.thelibrarium.com/,,,http://www.thelibrarium.com/page/contact-us,, Contact Us,1,NY,12060,book_store
Mezzanine,"93 Broadway, Kingston, NY 12401",Book store,Kingston,,http://www.mezzaninevintage.com/,,,http://www.mezzaninevintage.com/contact.html,,Contact,1,NY,12401,book_store
Ultimate taekwondo of stonybrook,"2168 Nesconset Hwy, Stony Brook, NY 11790",Book store,Stony Brook,,http://www.utcstonybrook.com/,,,https://utcstonybrook.com/main/contact-utc-stonybrook/,,Contact,1,NY,11790,book_store
Marauder Bookstore,"3041 W Ave K, Lancaster, CA 93536",Book store,Lancaster,"Relaxed, campus bookstore providing textbooks & school supplies, plus apparel & other general goods.",http://www.marauderbookstore.com/,,,https://www.marauderbookstore.com/site_contact_us.asp?,,Contact Us,1,CA,93536,book_store
Li'l Book Bug on The BLVD,"742 W Lancaster Blvd, Lancaster, CA 93534",Book store,Lancaster,,http://www.lilbookbug.com/,,,http://www.lilbookbug.com/pages/contact-us,,"
Contact Us
",1,CA,93534,book_store
Bart's Books,"302 W Matilija St, Ojai, CA 93023",Book store,Ojai,,http://www.bartsbooksojai.com/,,,http://www.bartsbooksojai.com/contact-us/,,Contact,1,CA,93023,book_store
La Toys Etcetera,"82 Columbia Ave, Cedarhurst, NY 11516",Toy store,Cedarhurst,,http://latoysetc.com/,,,http://www.latoysetc.com/index.php?option=com_contact&Itemid=3,,eMail Us,1,NY,11516,book_store
Eso Won Books,"4327 Degnan Blvd, Los Angeles, CA 90008",Book store,Los Angeles,Veteran bookshop spotlighting a range of titles about & written by African American people.,http://www.esowonbookstore.com/,,,https://visitor.r20.constantcontact.com/d.jsp?llr=9on7t5cab&p=oi&m=1102686598618&sit=mber4yneb&f=2812deba-5a55-470b-8d46-ebca0d0c5719,, Sign up for our Email,1,CA,90008,book_store
Lee's Comics,"1020 Rengstorff Ave, Mountain View, CA 94043",Comic book store,Mountain View,"Store with a large inventory of new & vintage comic books, plus graphic novels & gift items.",http://lcomics.com/,,,http://lcomics.com/contact-us/,,Contact Us,1,CA,94043,book_store
Brooklyn Comic Shop,"321-331 Dekalb Ave, Brooklyn, NY 11205",Comic book store,Brooklyn,,http://brooklyncomicshop.com/,,,https://www.brooklyncomicshop.com/contact/,,Contact,1,NY,11205,book_store
Silver Age Comics,"2255 31st St #208, Queens, NY 11105",Comic book store,Queens,"Attached to a subway station, this snug comic book shop has new & back issues, toys & collectibles.",https://www.silveragecomics.com/,,,https://www.silveragecomics.com/about-us,,Contact Us,1,NY,11105,book_store
Imperial Fine Books,"790 Madison Ave #601, New York, NY 10065",Rare book store,New York,,http://www.imperialfinebooks.com/,,,https://www.imperialfinebooks.com/contact.php,,Contact Us,1,NY,10065,book_store
Donald Heald Rare Books,"124 E 74th St, New York, NY 10021",Rare book store,New York,,http://www.donaldheald.com/,,,https://www.donaldheald.com/contact.php,,Contact,1,NY,10021,book_store
PRPH Books,"26 E 64th St #3, New York, NY 10065",Rare book store,New York,,http://prphbooks.com/,,,http://prphbooks.com/contact,,"
            Contact
          ",1,NY,10065,book_store
Richard C Ramer Old & Rare Books,"225 E 70th St #12F, New York, NY 10021",Used book store,New York,,http://www.livroraro.com/,,,http://livroraro.com/contact.html,,Contact,1,NY,10021,book_store
The Bookloft,"332 Stockbridge Rd, Great Barrington, MA 01230",Book store,Great Barrington,,http://www.thebookloft.com/,,,http://www.thebookloft.com/contact-us,,Contact Us,1,MA,01230,book_store
NiLu Gift Boutique,"191 Malcolm X Blvd, New York, NY 10026",Book store,New York,,http://www.shopnilu.com/,,,http://www.shopnilu.com/pages/contact-us,,Contact Us ,1,NY,10026,book_store
Enchanted Bookery LLC,"62 Holmes Rd, Ridgefield, CT 06877",Book store,Ridgefield,,https://www.enchantedbookery.com/,,,https://www.enchantedbookery.com/contact/,,Contact,1,CT,06877,book_store
Abaris Books,"64 Wall Street # 400, Norwalk, CT 06850",Book store,Norwalk,,http://abarisbooks.com/,,,http://abarisbooks.com/CONTACT.html,,Contact Us,1,CT,06850,book_store
Silvermine International Books LLC,"25 Perry Ave, Norwalk, CT 06850",Book store,Norwalk,,http://silvermineinternational.com/,,,http://silvermineinternational.com/contactus.html,,,1,CT,06850,book_store
St Mary's Bookstore,"669 West Ave, Norwalk, CT 06850",Book store,Norwalk,,http://www.stmarynorwalk.net/,,,https://www.stmarynorwalk.net/contacts/,,Contact Us,1,CT,06850,book_store
The Skinny On,"10 Champlain Ave, Westport, NY 12993",Book store,Westport,,http://www.dragonpress.com/,,,https://www.dragonpress.com/contact-us.html,,Contact,1,NY,12993,book_store
Rand Media Co,"265 Post Rd W, Westport, CT 06880",Book store,Westport,,http://www.randmediaco.com/,,,https://www.theskinnyon.com/contact-us,,Contact Us,1,CT,06880,book_store
Heroes Comics & Cards,"197 Westport Ave, Norwalk, CT 06851",Comic book store,Norwalk,,http://heroescomicsandcards.com/,,,http://heroescomicsandcards.com/contact.html,,"
							Contact
						",1,CT,06851,book_store
Ridgefield Thrift Shop,"21 Governor St, Ridgefield, CT 06877",Thrift store,Ridgefield,,https://www.ridgefieldthriftshop.com/,,,https://www.ridgefieldthriftshop.com/contact-us,,Contact us,1,CT,06877,book_store
Toy Chest,"441 Main St, Ridgefield, CT 06877",Toy store,Ridgefield,,http://www.thetoychestct.com/,,,https://thetoychestct.com/contact-us/,,Contact Us,1,CT,06877,book_store
New Canaan Thrift Shop,"2 Locust Ave, New Canaan, CT 06840",Thrift store,New Canaan,,https://www.visitingnurse.net/,,,https://visitingnurse.net/contact-us/,,Contact Us,1,CT,06840,book_store
New Canaan Music,"90 Main St, New Canaan, CT 06840",Music store,New Canaan,,http://www.newcanaanmusic.com/,,,https://www.newcanaanmusic.com/contact,,Contact,1,CT,06840,book_store
Niagara University Bookstore,"Niagara University, Niagara University 5795 Lewiston Rd, 15 Vincentian Dr, Lewiston, NY 14109",Book store,Lewiston,,http://niagara.bncollege.com/,,,http://niagara.bncollege.com/webapp/wcs/stores/servlet/BNCBLocationAndContactView?catalogId=10001&langId=-1&storeId=33553,,Contact Us,1,NY,14109,book_store
PERROTIN BOOKSTORE NEW YORK,"130 Orchard St, New York, NY 10002",Book store,New York,,https://www.perrotin.com/,,,https://www.perrotin.com/contact,,contact,1,NY,10002,book_store
Hearts & Minds,"234 E Main St, Dallastown, PA 17313",Book store,Dallastown,,http://www.heartsandmindsbooks.com/,,,https://www.heartsandmindsbooks.com/contact/,,Inquire / Contact,1,PA,17313,book_store
Revolution Books,"2444 Durant Ave, Berkeley, CA 94704",Book store,Berkeley,"Shelf-lined communist bookstore presenting political reads, Spanish literature & guest speakers.",http://revolutionbooks.org/,,,https://www.revolutionbooks.org/contact,,Email,1,CA,94704,book_store
Liberty University Bookstore,"LIBERTY UNIVERSITY 1971 University Boulevard Bldg #65, Lynchburg, VA 24515",Book store,Lynchburg,,http://liberty.bncollege.com/,,,http://liberty.bncollege.com/webapp/wcs/stores/servlet/BNCBLocationAndContactView?catalogId=10001&langId=-1&storeId=22559,,Contact Us,1,VA,24515,book_store
Tavistock Books,"1503 Webster St, Alameda, CA 94501",Rare book store,Alameda,,http://www.tavbooks.com/,,,https://www.tavbooks.com/contact.php,,Contact,1,CA,94501,book_store
Mystic Journey Bookstore,"1624 Abbot Kinney Blvd, Venice, CA 90291",Book store,Venice,"Peaceful bookstore focusing on spiritual titles, cards, incense & natural health products.",http://www.mysticjourneybookstore.com/,,,http://www.mysticjourneybookstore.com/contact,,Contact,1,CA,90291,book_store
Owl Pen Books,"166 Riddle Rd, Greenwich, NY 12834",Used book store,Greenwich,,https://owlpenbooks.wordpress.com/,,,https://owlpenbooks.wordpress.com/contact-information/,,Contact information,1,NY,12834,book_store
Saint Agnes Bookstore,"143 E 43rd St, New York, NY 10017",Christian book store,New York,,http://www.stagneschurchnyc.org/,,,http://www.stagneschurchnyc.org/contact-us,,Contact Us,1,NY,10017,book_store
Idlewild Books,"170 7th Ave S, New York, NY 10014",Book store,New York,This independent bookstore specializes in travel literature & offers language classes.,http://www.idlewildbooks.com/,,,http://www.idlewildbooks.com/#find-us,,Locations,1,NY,10014,book_store
Bureau of General Services--Queer Division,"208 W 13th St #210, New York, NY 10011",Book store,New York,,http://bgsqd.com/,,,http://bgsqd.com/contac/,,Contact,1,NY,10011,book_store
La Librairie des Enfants,"163 E 92nd St, New York, NY 10128",Childrens book store,New York,,http://lalibrairiedesenfants.nyc/,,,https://lalibrairiedesenfants.nyc/contact/,,Contact Us,1,NY,10128,book_store
New York Makers,"81 Main St, Mountain Dale, NY 12763",Gift shop,Mountain Dale,,http://www.newyorkmakers.com/,,,http://www.newyorkmakers.com/pages/find-us-in-person,,Find Us In Person,1,NY,12763,book_store
Toy Box,"300 W Boston Post Rd, Mamaroneck, NY 10543",Toy store,Mamaroneck,,http://www.toyboxmamaroneckny.com/,,,http://www.toyboxmamaroneckny.com/contact,," Contact

",1,NY,10543,book_store
Miller's,"335 Mamaroneck Ave, Mamaroneck, NY 10543",Toy store,Mamaroneck,,http://www.millerstoys.com/,,,http://www.millerstoys.com/contact_us.asp,,,1,NY,10543,book_store
The Bott Shoppe,"174 E Boston Post Rd, Mamaroneck, NY 10543",Gift shop,Mamaroneck,,http://bottshoppe.com/,,,http://www.bottshoppe.com/contact/,,Contact,1,NY,10543,book_store
Purple Bear Books,"1 Fenimore Rd, Port Washington, NY 11050",Book store,Port Washington,,http://purplebearbooks.com/,,,http://purplebearbooks.com/contact.html,,Contact,1,NY,11050,book_store
Boys & Girls Club,"141 Einstein Loop N, The Bronx, NY 10475",Book store,The Bronx,,https://www.bgca.org/,,,https://www.bgca.org/about-us/contact-us,,Contact Us,1,NY,10475,book_store
Handmade and More,"6 N Front St, New Paltz, NY 12561",Gift shop,New Paltz,,http://www.handmadeandmore.com/,,,https://www.handmadeandmore.com/contact/,,Contact,1,NY,12561,book_store
Education Time Courseware Inc,"83 Twin Ln N, Wantagh, NY 11973",Book store,Wantagh,,http://educationtimeinc.com/,,,https://www.educationtimeinc.com/contact-us,,Contact Us,1,NY,11973,book_store
The Paper Store,"5260 Sunrise Hwy, Massapequa Park, NY 11762",Gift shop,Massapequa Park,,http://www.thepaperstore.com/,,,https://thepaperstore.freshdesk.com/support/tickets/new,,Contact Us,1,NY,11762,book_store
Your Move Chess & Games  ChessUSA,"832 N Broadway, North Massapequa, NY 11758",Game store,North Massapequa,,http://www.chessusa.com/,,,https://www.chessusa.com/CTUS.html,,CONTACT,1,NY,11758,book_store
Brick & Mortar Music,"15 Market St, Potsdam, NY 13676",Music store,Potsdam,,http://www.bandmm.com/,,,http://www.bandmm.com/pages/contact-us,,Contact us,1,NY,13676,book_store
ULM Bookstore,"Sandel Hall, 4020 Northeast Dr, Monroe, LA 71209",Book store,Monroe,,http://www.ulm.bncollege.com/,,,http://www.ulm.bncollege.com/webapp/wcs/stores/servlet/BNCBLocationAndContactView?catalogId=10001&langId=-1&storeId=87991,,Contact Us,1,LA,71209,book_store
Farley's Bookshop,"44 S Main St, New Hope, PA 18938",Book store,New Hope,,http://farleysbookshop.com/,,,http://farleysbookshop.com/about-us,,Contact/About us,1,PA,18938,book_store
All Together Now,"53 S Moger Ave, Mt Kisco, NY 10549",Childrens store,Mt Kisco,,https://www.alltogethernowkids.com/,,,https://www.facebook.com/All-Together-Now-Kids-231527277669257/,, Like Us    ,1,NY,10549,book_store
Blind Dog Books,"201 King St, Chappaqua, NY 10514",Used book store,Chappaqua,,http://www.blinddogbks.com/,,,https://www.blinddogbks.com,,Contact,1,NY,10514,book_store
A Nu Toy Store,"16 Main St, Tarrytown, NY 10591",Toy store,Tarrytown,,http://www.anutoystore.com/,,,http://www.anutoystore.com/contact-us/,,Contact Us,1,NY,10591,book_store
Rhode Island College Bookstore,"600 Mt Pleasant Ave, Providence, RI 02911",Book store,Providence,,http://ric.bncollege.com/,,,http://ric.bncollege.com/webapp/wcs/stores/servlet/BNCBLocationAndContactView?catalogId=10001&langId=-1&storeId=88366,,Contact Us,1,RI,02911,book_store
Olde Wicker Mill,"New Hartford Shopping Center, New Hartford, NY 13413",Gift shop,New Hartford,,http://www.oldewickermill.com/,,,http://oldewickermill.com/contact-us/,,Contact Us/Employment,1,NY,13413,book_store
ToysDiva,"1010A Jericho Turnpike, New Hyde Park, NY 11040",Toy store,New Hyde Park,,http://shop.toysdiva.com/,,,http://shop.toysdiva.com/contact/,,Contact Us,1,NY,11040,book_store
Rowman & Littlefield Publishing Group,"200 Park Ave S #1109, New York, NY 10003",Book store,New York,,https://rowman.com/,,,https://rowman.com/Page/RLContact#Royalties,,Royalty Contact,1,NY,10003,book_store
Get Caught Reading,"71 5th Ave #2, New York, NY 10003",Book store,New York,,http://getcaughtreading.org/,,,http://getcaughtreading.org/contact-get-caught-reading.php,,Contact,1,NY,10003,book_store
Diane Magras,"345 Hudson St, New York, NY 10014",Book store,New York,,https://www.dianemagras.com/,,,https://www.dianemagras.com/contact/,,Contact,1,NY,10014,book_store
Alex's MVP Cards and Comics,"1577 York Ave, New York, NY 10028",Comic book store,New York,"Snug, enduring shop carrying baseball cards, sports memorabilia, comic books & other collectibles.",http://alexsmvp.com/,,,https://www.alexsmvp.com/contact,,//// CONTACT,1,NY,10028,book_store
Montasy Comics NYC,"431 5th Ave 2nd floor, New York, NY 10016",Comic book store,New York,Minimalist store carrying the latest comic books with weekly events & community space for gamers.,http://montasynyc.com/,,,http://montasynyc.com/pages/contact-us,,Contact Us,1,NY,10016,book_store
Polish Bookstore & Publishing,"161 Java St, Brooklyn, NY 11222",Book store,Brooklyn,,http://www.polbook.com/,,,http://www.polbook.com/index.php?p=index&t=about_us,,Contact us,1,NY,11222,book_store
Prextex Toy Store,"1 Commercial Pl, Newburgh, NY 12550",Toy store,Newburgh,,https://www.prextex.com/,,,https://www.prextex.com/contact-us/,,Contact Us,1,NY,12550,book_store
Rudolf Steiner Bookstore,"138 W 15th St, New York, NY 10011",Book store,New York,"Snug bookshop featuring works by Rudolf Steiner, along with other authors, plus craft supplies.",http://www.asnyc.org/,,,http://anthroposophynyc.org/contact/,,Contact,1,NY,10011,book_store
Irving Zucker Art Books,"80 E 11th St #403, New York, NY 10003",Used book store,New York,,http://www.zuckerartbooks.com/,,,http://www.zuckerartbooks.com/gallery,,CONTACT,1,NY,10003,book_store
Granary Books Inc,"168 Mercer St #2, New York, NY 10012",Book store,New York,,http://www.granarybooks.com/,,,https://lp.constantcontactpages.com/su/OEMTfoA,,sign up,1,NY,10012,book_store
Aum Shanti Bookshop & Psychic Tarot Card Readings,"230 E 14th St, New York, NY 10003",Book store,New York,"Indie store offering used books on Eastern & Western spirituality, plus crystals, candles & jewelry.",https://www.aumshantibookshop.com/,,,https://www.aumshantibookshop.com/contact,,CONTACT,1,NY,10003,book_store
Well Read Books,"76 Burt Ave, Northport, NY 11768",Book store,Northport,,https://www.wellreadbooksny.com/,,,https://www.wellreadbooksny.com/contact.php,,Contact,1,NY,11768,book_store
Island Christian Church,"400 Elwood Rd, East Northport, NY 11731",Book store,East Northport,,http://www.islandchristian.com/,,,https://islandchristian.com/contact/,,Contact,1,NY,11731,book_store
Einstein's Attic,"79 Main St, Northport, NY 11768",Toy store,Northport,,http://einsteinsatticnorthport.com/,,,http://einsteinsatticnorthport.com/contact.php,,Contact,1,NY,11768,book_store
Christian Science Reading Room,"333 Greenwich Ave, Greenwich, CT 06830",Religious book store,Greenwich,,http://www.christiansciencect.org/,,,http://christiansciencect.org/contact-us-greenwich,,Contact the Greenwich Christian Science Church,1,CT,06830,book_store
Smart Kids Toys,"17 E Elm St, Greenwich, CT 06830",Toy store,Greenwich,,http://www.sktoys.com/,,,https://www.sktoys.com/contact,,Contact Us,1,CT,06830,book_store
Phoenix Comics & Collectibles,"107 Stewart Ave, Hicksville, NY 11801",Comic book store,Hicksville,,https://phoenixcomics.wordpress.com/,,,https://phoenixcomics.wordpress.com/contacts/,,Contact Us,1,NY,11801,book_store
nyuyog noa gidoggyo seonmul baeghwajeom New York Noah Christian Book and Gift Shop,"201-01 Northern Blvd #1fl, Bayside, NY 11361",Christian book store,Bayside,,http://www.noahartmall.com/,,,http://www.noahartmall.com/contact-us,,Contact Us,1,NY,11361,book_store
Swan Trading Corporation,"235 Robbins Ln, Syosset, NY 11791",Book store,Syosset,,http://www.swanproducts.com/,,,http://www.swanproducts.com/contact,,Contact,1,NY,11791,book_store
Muslim Center Book Services,"13764 Geranium Ave, Flushing, NY 11355",Book store,Flushing,,http://muslimcenter.org/,,,https://muslimcenter.org/contacts/,,Contact Us,1,NY,11355,book_store
Woolaston Entertainment,"81-16 167th St, Jamaica, NY 11432",Book store,Jamaica,,http://woolastonentertainment.com/,,,http://woolastonentertainment.com/contact.html,,Contact,1,NY,11432,book_store
Barbara Briggs Ward,"4348 NY-37, Ogdensburg, NY 13669",Book store,Ogdensburg,,http://www.barbarabriggsward.com/,,,http://www.barbarabriggsward.com/contact-information.html,,"

			Contact Information
		
",1,NY,13669,book_store
Christie's Boutique,"119 N Union St, Olean, NY 14760",Gift shop,Olean,,http://119uniquethings.com/,,,http://119uniquethings.com/index.php/contact/,,Contact,1,NY,14760,book_store
Secret Comix Cave,"3200 Chestnut St, Oneonta, NY 13820",Comic book store,Oneonta,,http://secretcomixcave.com/,,,http://secretcomixcave.com/contact.html,,Contact and Map,1,NY,13820,book_store
Bulk Bookstore,"3330 NW Yeon Ave #230, Portland, OR 97210",Book store,Portland,,http://www.bulkbookstore.com/,,,http://www.bulkbookstore.com/contact-bulk-book-store/,,CONTACT US,1,OR,97210,book_store
Books & Greetings,"271 Livingston St, Northvale, NJ 07647",Book store,Northvale,,http://www.booksandgreetings.com/,,,https://www.booksandgreetings.com/form__map,,Contact,1,NJ,07647,book_store
Little Free Library,"254-260 Irving Ave, Closter, NJ 07624",Used book store,Closter,,http://littlefreelibrary.org/,,,https://littlefreelibrary.org/contact-us/,,Contact,1,NJ,07624,book_store
Funni Business,"30 Audrey Ave, Oyster Bay, NY 11771",Toy store,Oyster Bay,,http://www.funnibusiness.com/,,,http://www.funnibusiness.com/find-us.html,,Find Us,1,NY,11771,book_store
Sulfur Books,"18 E Main St, Clifton Springs, NY 14432",Book store,Clifton Springs,,http://www.sulfurbooks.com/,,,https://sulfurbooks.com/contact/,,Contact,1,NY,14432,book_store
Medford Libraro,"54-60 E Main St, Patchogue, NY 11772",Book store,Patchogue,,http://www.pmlib.org/,,,https://pmlib.org/contact-form/,,Contact Us,1,NY,11772,book_store
Friends of the Library Used Book Shop,"150 East Main St, Port Jefferson, NY 11777",Used book store,Port Jefferson,,https://portjefflibrary.org/,,,https://portjefflibrary.org/about/contact/,,Contact,1,NY,11777,book_store
A Great Good Place for Books,"6120 La Salle Ave, Oakland, CA 94611",Book store,Oakland,"Whimsical, snug indie bookseller featuring floor-to-ceiling shelves, a kids' area & author events.",http://www.ggpbooks.com/,,,http://www.ggpbooks.com/about-us,,Hours,1,CA,94611,book_store
Laguna Beach Books,"1200 S Coast Hwy, Laguna Beach, CA 92651",Book store,Laguna Beach,,http://www.lagunabeachbooks.com/,,,http://www.lagunabeachbooks.com/contact-us-directions,,Contact Us / Directions,1,CA,92651,book_store
Raff and Friends,"4545 Transit Rd #412, Williamsville, NY 14221",Toy store,Williamsville,,http://www.raffandfriends.com/,,,https://www.raffandfriends.com/contact,,Contact Us,1,NY,14221,book_store
Epic RoboSpider,"317 Main St, Highland Falls, NY 10928",Toy store,Highland Falls,,https://www.epicrobospider.com/,,,https://www.epicrobospider.com/contact,,Contact,1,NY,10928,book_store
Pace University Bookstore,"Kessel Student Center, 861 Bedford Rd, Pleasantville, NY 10570",Book store,Pleasantville,,http://pace.bncollege.com/,,,http://pace.bncollege.com/webapp/wcs/stores/servlet/BNCBLocationAndContactView?catalogId=10001&langId=-1&storeId=23552,,Contact Us,1,NY,10570,book_store
Northfield Music,"50 State St, Pittsford, NY 14534",Music store,Pittsford,,https://www.northfieldmusic.com/,,,https://www.northfieldmusic.com/contact-us.htm,,Contact Us,1,NY,14534,book_store
Codhill Press,"1 Arden Ln, New Paltz, NY 12561",Book store,New Paltz,,http://www.codhill.com/,,,https://www.codhill.com/about-us/contact-us/,,Contact Us,1,NY,12561,book_store
Hudson Valley Vinyl,"267 Main St, Beacon, NY 12508",Record store,Beacon,,http://hudsonvalleyvinyl.com/,,,http://hudsonvalleyvinyl.com/#sectionContact,,"
					CONTACT				",1,NY,12508,book_store
Diamond Comic Distributors,"1560 Military Turnpike, Plattsburgh, NY 12901",Comic book store,Plattsburgh,,http://www.diamondcomics.com/,,,http://www.diamondcomics.com/Home/1/1/3/306,,Contact Info,1,NY,12901,book_store
British Sporting Arms,"3684 US-44, Millbrook, NY 12545",Book store,Millbrook,,http://www.bsaltd.com/,,,http://www.bsaltd.com/contact.htm,,,1,NY,12545,book_store
Learning Tower Toys,"4747 Nesconset Hwy, Port Jefferson Station, NY 11776",Toy store,Port Jefferson Station,,http://learningtower.com/,,,https://learningtower.com/contact,,Contact,1,NY,11776,book_store
Franciscan Sister's Gift Shop,"41 Old Highland Turnpike, Garrison, NY 10524",Gift shop,Garrison,,http://www.graymoor.org/,,,http://www.graymoor.org/contact-us,,Contact Us,1,NY,10524,book_store
Eagle Eye Too,"407 US-6, Mahopac, NY 10541",Thrift store,Mahopac,,http://www.healthquest.org/,,,https://patients.healthquest.org/contact-us/,,Contact Us,1,NY,10541,book_store
Magazine Gold Card,"1 International Blvd #1200, Mahwah, NJ 07430",Magazine store,Mahwah,,https://c.magazinegoldcard.com/,,,https://c.magazinegoldcard.com/Contact.aspx,,Contact,1,NJ,07430,book_store
The Path We Take,"10-i Brookside Heights, Wanaque, NJ 07465",Book store,Wanaque,,http://www.thepathwetake.org/,,,http://www.thepathwetake.org/contact-the-path-we-take/,,Contact,1,NJ,07465,book_store
Little Pickles Children's General Store,"7505 N Broadway, Red Hook, NY 12571",Toy store,Red Hook,,http://www.ourlittlepickles.com/,,,http://ourlittlepickles.com/contact-us/,,Contact,1,NY,12571,book_store
Freebird Books & Goods,"123 Columbia St, Brooklyn, NY 11231",Book store,Brooklyn,"Store offering used books with a speciality in the history & culture of NYC, plus readings & events.",http://www.freebirdbooks.com/,,,http://www.freebirdbooks.com/contact.html,,"
				Contact
			",1,NY,11231,book_store
Traders of Lost Art Inc,"332 Wall St, Kingston, NY 12401",Gift shop,Kingston,,https://tradersofthelostartinc.com/,,,https://tradersofthelostartinc.com/tel:8453401006,,(845) 340-1006,1,NY,12401,book_store
St Patrick's Cathedral Gift Shop,"15 E 51st St, New York, NY 10022",Gift shop,New York,"Cathedral-affiliated shop for religious & spiritual items, plus gifts, keepsakes & music CDs.",http://stpatscathedralgiftshop.com/,,,http://stpatscathedralgiftshop.com/contact-us.aspx,,"
",1,NY,10022,book_store
Buy A Great Gift home of the Catholic Shop,"201 E Laurel St, Syracuse, NY 13203",Gift shop,Syracuse,,http://www.buyagreatgift.com/,,,https://buyagreatgift.com/contact/,,Contact,1,NY,13203,book_store
First National Gifts,"2 E Genesee St, Skaneateles, NY 13152",Gift shop,Skaneateles,,http://www.firstnationalgifts.com/,,,http://www.firstnationalgifts.com/Contact.html,,Contact,1,NY,13152,book_store
Fireside Angler,"589 Veterans Memorial Hwy, Smithtown, NY 11787",Rare book store,Smithtown,,http://www.firesideangler.net/,,,http://www.firesideangler.net/page/contact-us,, Contact Us,1,NY,11787,book_store
Androids Amazing Comics,"61 Railroad Ave, Sayville, NY 11782",Comic book store,Sayville,,http://www.androidscomics.com/,,,https://androidscomics.com/contact-us/,,Contact Us,1,NY,11782,book_store
yardage book,"26 Maplewood Dr, Danbury, CT 06811",Book store,Danbury,,http://www.yardage-marker.com/,,,http://www.yardage-marker.com/Contact_Us.html,,Contact Us,1,CT,06811,book_store
Finley's Fiction,"9 Washington St, Shelter Island Heights, NY 11965",Book store,Shelter Island Heights,,http://finleysfiction.com/,,,http://finleysfiction.com/#contact,,contact,1,NY,11965,book_store
Berry and Co,"51 Division St, Sag Harbor, NY 11963",Book store,Sag Harbor,,https://www.berryandcosagharbor.com/,,,https://www.berryandcosagharbor.com/contact,,Contact,1,NY,11963,book_store
Sweet Indulgences,"200 Main St, Greenport, NY 11944",Gift shop,Greenport,,http://www.sweet-indulgences.com/,,,http://www.hostgator.com/contact.shtml,,Contact US,1,NY,11944,book_store
The Wharf Shop,"69 Main St, Sag Harbor, NY 11963",Toy store,Sag Harbor,,http://www.wharfshop.com/,,,http://www.wharfshop.com/hourslocationcontact.html,,Hours-Location-Contact,1,NY,11963,book_store
Baketivity,"36 Paikin Dr, Spring Valley, NY 10977",Childrens store,Spring Valley,,http://www.baketivity.com/,,,https://baketivity.com/contact/,,CONTACT US,1,NY,10977,book_store
Stillwater Books,"175 Main St, Pawtucket, RI 02860",Book store,Pawtucket,,http://www.stillwaterbooksri.com/,,,http://www.stillwaterbooksri.com/contact-us,,Contact Us,1,RI,02860,book_store
Wow That's Unusual,"22 Lafayette Ave #5406, Suffern, NY 10901",Thrift store,Suffern,,https://wowthatsunusual.com/,,,https://wowthatsunusual.com/tel:84591813528455487251,,(845) 918-1352  (845) 548-7251,1,NY,10901,book_store
BRANDON BALLENGEE,"31 Mercer St, New York, NY 10013",Book store,New York,,http://brandonballengee.com/,,,https://brandonballengee.com/contact/,,CONTACT,1,NY,10013,book_store
McGrawHill eBooks Store,"116 W 23rd St, New York, NY 10011",Book store,New York,,http://www.mh-ebooks.com/,,,http://www.mh-ebooks.com/staticcms/contactus,,Contact Us,1,NY,10011,book_store
Left Bank Books,"41 Perry St, New York, NY 10014",Rare book store,New York,,http://www.leftbankbooksny.com/,,,https://www.leftbankbooksny.com/contact.php,,Contact,1,NY,10014,book_store
Meg Waite Clayton,"1, E 11th St, New York, NY 10019",Book store,New York,,http://www.megwaiteclayton.com/,,,https://www.megwaiteclayton.com/contact/,,Contact,1,NY,10019,book_store
fine editions ltd,"10 Downing St, New York, NY 10014",Rare book store,New York,,http://fineeditionsltd.com/,,,https://www.fineeditionsltd.com/contact.php,,Contact Us,1,NY,10014,book_store
Licensing Book,"1107 Broadway # 1204, New York, NY 10010",Book store,New York,,http://licensingbook.com/,,,http://licensingbook.com/mailto:contact@popinsider.com,,contact@popinsider.com,1,NY,10010,book_store
Prestel Publishing,"900 Broadway # 603, New York, NY 10003",Book store,New York,,https://prestelpublishing.randomhouse.de/,,,https://prestelpublishing.randomhouse.de/About-Prestel-Publishing/Contact/aid27522_12569.rhd,,Contact,1,NY,10003,book_store
Daniel Hecht,"143 W 27th St, New York, NY 10001",Book store,New York,,http://www.danielhecht.com/,,,http://www.danielhecht.com/contact.html,,Contact,1,NY,10001,book_store
Symposia Community Book Store,"510 Washington St, Hoboken, NJ 07030",Book store,Hoboken,"Non-profit bookstore with WiFi offering a selection of used titles, plus classes & events.",http://www.symposia.us/,,,https://symposia.us/contact-us-2/,,CONTACT US,1,NJ,07030,book_store
Borderlands Books,"866 Valencia St, San Francisco, CA 94110",Book store,San Francisco,"Specialty book shop with an eclectic stock of new & used imports, fan fiction & rare editions.",https://borderlands-books.com/,,,"https://borderlands-books.com/
							
								https://borderlands-books.com/v2/contact/location-hours
							
						",,Location & Hours,1,CA,94110,book_store
Brookstone,"319 Graham Ave, Brooklyn, NY 11211",Gift shop,Brooklyn,,http://homeunionnyc.com/,,,http://homeunionnyc.com/pages/contact,,Contact,1,NY,11211,book_store
OffCenter Records,"116 Bleecker St, Utica, NY 13501",Music store,Utica,,http://offcenterrecords.com/,,,https://offcenterrecords.com/contact-us/,,Contact Us,1,NY,13501,book_store
Barnes & Noble at Rutgers,"100 Somerset St, New Brunswick, NJ 08901",Book store,New Brunswick,,https://rutgers.bncollege.com/,,,https://rutgers.bncollege.com/webapp/wcs/stores/servlet/BNCBLocationAndContactView?catalogId=10001&langId=-1&storeId=58552,,Contact Us,1,NJ,08901,book_store
Wyston Books Inc,"20 Main St, Warwick, NY 10990",Book store,Warwick,,http://www.wystonbooks.com/,,,http://www.wystonbooks.com/tel:8459866888,,(845) 986-6888,1,NY,10990,book_store
Music Alley,"100 N Main St, Wellsville, NY 14895",Music store,Wellsville,,http://www.musicalley.com/,,,https://www.musicalley.com/contact/,,Contact  ,1,NY,14895,book_store
Zion Lion,"390 Willis Ave, Roslyn Heights, NY 11577",Gift shop,Roslyn Heights,,http://www.zionlion.com/,,,http://www.zionlion.com/pages/contact-us,,Contact Us,1,NY,11577,book_store
Poetic Quest,"1060 NY-29, Greenwich, NY 12834",Book store,Greenwich,,http://www.poeticquest.com/,,,//www.hugedomains.com/contact.cfm,,Contact Us,1,NY,12834,book_store
Yeold Gift Shoppe,"3065 NY-50, Saratoga Springs, NY 12866",Gift shop,Saratoga Springs,,https://www.wiltonmall.com/,,,https://www.wiltonmall.com/Contact,,CONTACT US,1,NY,12866,book_store
Impressions of Saratoga,"368 Broadway, Saratoga Springs, NY 12866",Gift shop,Saratoga Springs,,http://www.impressionssaratoga.com/,,,http://www.impressionssaratoga.com/contact-us,, Contact Us ,1,NY,12866,book_store
Soave Faire Art & Office Supplies,"449-451, Broadway, Saratoga Springs, NY 12866",Art supply store,Saratoga Springs,,https://soavefaire.myshopify.com/,,,https://soavefaire.myshopify.com/pages/our-store-hours-our-location-or-contact-us,,About Us,1,NY,12866,book_store
Aridan Books Inc,"68 S Service Rd, Melville, NY 11747",Book store,Melville,,http://aridanbooks.com/,,,https://aridanbooks.com/reach-us/,,Contact Us,1,NY,11747,book_store
Frankenstein Comics,"845 Mantua Pike, Woodbury, NJ 08096",Comic book store,Woodbury,,http://www.frankensteincomics.com/,,,http://www.frankensteincomics.com/contact-us/,,Contact,1,NJ,08096,book_store
Game USA,"650 Lee Blvd, Yorktown Heights, NY 10598",Game store,Yorktown Heights,,http://gameusany.com/,,,http://gameusany.com/contact/,,Contact,1,NY,10598,book_store
