name,address,type,place,description,website_url,menu_url,gift_card_website,contact_website,gift_card_txt,contact_txt,searched,state,zipcode,store_type
Bandung Books,"2289 International Blvd, Oakland, CA 94606",Book store,Oakland,,http://eastsideartsalliance.org/,,,https://www.eastsideartsalliance.org/contact,,Contact Us,1,CA,94606,book_store
Christian Science Reading Room Alameda,"1307 Walnut St, Alameda, CA 94501",Religious book store,Alameda,,http://www.christiansciencealameda.com/,,,http://www.christiansciencealameda.com/contact-us/,,Contact Us,1,CA,94501,book_store
Dan F Webb  Books  Downtown Bookstore,"322 15th St, Oakland, CA 94612",Used book store,Oakland,Quaint shop offers a selection of used & vintage books with an emphasis on military-based content.,http://danwebbbooks.com/,,,https://ocsnext.ebay.com/ocs/home,,"
		Help & Contact",1,CA,94612,book_store
Torpedo Comics,"162 N Glassell St, Orange, CA 92866",Comic book store,Orange,,https://www.torpedocomics.com/,,,https://www.torpedocomics.com/pages/contact-us,,"
            Contact Us
        ",1,CA,92866,book_store
Los Medanos Bookstore,"2700 E Leland Rd, Pittsburg, CA 94565",Book store,Pittsburg,,https://www.lmcbookstore.net/,,,https://www.lmcbookstore.net/tel:925-439-2056,,925-439-2056,1,CA,94565,book_store
Geekdom Toys Comics & Gaming,"12180 Ridgecrest Rd STE 404, Victorville, CA 92395",Comic book store,Victorville,,https://www.geekdomtoys.com/,,,https://www.geekdomtoys.com/contact/,,Contact Us,1,CA,92395,book_store
JPM Comics & Games,"1000 E Rte 66 G, Glendora, CA 91740",Comic book store,Glendora,,http://jpmcomicsandgames.wordpress.com/,,,https://jpmcomicsandgames.wordpress.com/about/,,Business Hours | Contact Us,1,CA,91740,book_store
Valley Thrift Store,"777 W Foothill Blvd, Azusa, CA 91702",Thrift store,Azusa,,http://redwhiteandbluethriftstore.com/,,,http://redwhiteandbluethriftstore.com/contact-us/,,Contact Us,1,CA,91702,book_store
Russo's Books,"1601 New Stine Rd #182, Bakersfield, CA 93309",Book store,Bakersfield,,http://www.russosbooks.com/,,,http://www.russosbooks.com/contact,,,1,CA,93309,book_store
Story's Christian Store,"3621 Edison Hwy, Bakersfield, CA 93307",Christian book store,Bakersfield,,http://www.biblesinbakersfieldca.com/,,,http://www.biblesinbakersfieldca.com/contact/,,Contact,1,CA,93307,book_store
Comicwise,"1405 Sutter Ln, Bakersfield, CA 93309",Comic book store,Bakersfield,,http://comic-wise.com/,,,http://comic-wise.com/contact/,,Contact,1,CA,93309,book_store
Sylvia Lopez Attorney at Law,"315 Truxtun Ave, Bakersfield, CA 93301",Law book store,Bakersfield,,http://lopezlaw.net/,,,http://lopezlaw.net/contact-info/,,Contact Info,1,CA,93301,book_store
World Records,"2815 F St, Bakersfield, CA 93301",Music store,Bakersfield,,http://shopworldrecords.com/,,,http://shopworldrecords.com/contact/,,Contact,1,CA,93301,book_store
The Blackstone Owl,"13523 Francisquito Ave, Baldwin Park, CA 91706",Game store,Baldwin Park,,http://theblackstoneowl.com/,,,http://theblackstoneowl.com/contact_us,,Contact,1,CA,91706,book_store
Next Chapter Books,"21616 Sherman Way, Canoga Park, CA 91303",Used book store,Canoga Park,"Well-lit, library-like used bookstore offering all genres & some rare & collectible titles.",http://www.nextchapterbooks.com/,,,http://www.nextchapterbooks.com/contact-us/,,Contact Us,1,CA,91303,book_store
The Turquoise Pueblo Native American Jewelry & Artifacts & Jewelry Repair,"38480 Oak Glen Rd, Oak Glen, CA 92399",Book store,Oak Glen,,http://www.turquoisepueblo.com/,,,http://www.turquoisepueblo.com/contact-us.html,,Contact us,1,CA,92399,book_store
Beaumont Music Centre,"725 Beaumont Ave, Beaumont, CA 92223",Music store,Beaumont,,http://beaumontmusiccentre.com/,,,http://beaumontmusiccentre.com/tel:9518456060,,(951)845-6060,1,CA,92223,book_store
Planet Books,"3917 E Anaheim St, Long Beach, CA 90804",Used book store,Long Beach,"Down-to-earth compact store features an eclectic range of used books, vintage toys & collectibles.",https://planetbooksarchives.com/,,,https://policies.google.com/privacy,,Privacy Policy,1,CA,90804,book_store
Gethesemani Libreria Catolica,"2160 S Atlantic Blvd, Commerce, CA 90040",Christian book store,Commerce,"Spanish-language bookstore specializing in Catholic religious texts, plus CDs & DVDs.",http://gethesemani.com/,,,http://gethesemani.com/#,,"

								Contactanos				
",1,CA,90040,book_store
South Gate High School,"3351 Firestone Blvd, South Gate, CA 90280",Book store,South Gate,,http://www.southgatehs.org/,,,http://www.southgatehs.org/counselor,,"
Contact Counselor
    ",1,CA,90280,book_store
Dark Delicacies,"822 N Hollywood Way, Burbank, CA 91505",Book store,Burbank,"Horror shop with books, collectibles, DVDs, graphic novels & gifts featuring familiar characters.",http://www.darkdel.com/,,,http://www.darkdel.com/contact.html,,"
				Contact
			",1,CA,91505,book_store
Beyond Baroque,"681 Venice Blvd, Venice, CA 90291",Book store,Venice,,https://www.beyondbaroque.org/,,,https://www.beyondbaroque.org/about.html,,Contact,1,CA,90291,book_store
Heritage Book Shop LLC,"9024 Burton Way, Beverly Hills, CA 90211",Book store,Beverly Hills,"Merchant offers first-edition & early printed books, including illustrated items & manuscripts.",http://www.heritagebookshop.com/,,,http://www.heritagebookshop.com/contactus.php,,Contact Us,1,CA,90211,book_store
Phoenix Books,"9465 Wilshire Blvd, Beverly Hills, CA 90212",Book store,Beverly Hills,,http://www.phoenixbooksandaudio.com/,,,http://www.phoenixbooksandaudio.com/contact/,,Contact us,1,CA,90212,book_store
Brass Heart Music,"256 S Robertson Blvd, Beverly Hills, CA 90211",Book store,Beverly Hills,,http://www.brassheartmusic.com/,,,http://www.brassheartmusic.com/#,,,1,CA,90211,book_store
Mystery Pier,"8826 Sunset Blvd, West Hollywood, CA 90069",Book store,West Hollywood,Family-run indie bookstore in a quaint cottage stocking first editions with movie star clientele.,http://www.mysterypierbooks.com/,,,http://www.mysterypierbooks.com/contact/,,Contact,1,CA,90069,book_store
Literary Affairs,"269 S Beverly Dr #267, Beverly Hills, CA 90212",Book store,Beverly Hills,,http://literaryaffairs.net/,,,https://literaryaffairs.net/about-us#contact,,Contact Us,1,CA,90212,book_store
Assouline at PDC,"Pacific Design Center, 8687 Melrose Ave G-154, West Hollywood, CA 90069",Book store,West Hollywood,,http://www.assouline.com/,,,http://www.assouline.com/pages/contact-us,,Customer Service,1,CA,90069,book_store
Molly Moccasins,"8383 Wilshire Blvd, Beverly Hills, CA 90211",Book store,Beverly Hills,,http://www.mollymoccasins.com/,,,http://www.mollymoccasins.com/contact.html,,CONTACT,1,CA,90211,book_store
Friends of the West Hollywood Library,"625 N San Vicente Blvd, West Hollywood, CA 90069",Book store,West Hollywood,,http://www.wehofol.org/,,,http://www.wehofol.org/?page_id=1233,,Contact Us,1,CA,90069,book_store
MS Magazine,"433 S Beverly Dr, Beverly Hills, CA 90212",Magazine store,Beverly Hills,,http://www.msmagazine.com/,,,https://msmagazine.com/contact-us/,,Contact,1,CA,90212,book_store
The Mitzvah Store,"7227 Beverly Blvd, Los Angeles, CA 90036",Book store,Los Angeles,"A variety of supplies for Jewish ceremonies, including books, music & jewelry plus a scribe on site.",http://themitzvahstore.org/,,,http://themitzvahstore.org/mailto:info@themitzvahstore.org?subject=Mitzvah Store Website,,"
",1,CA,90036,book_store
Legal Books Depot Inc,"7510 Sunset Blvd #170, Los Angeles, CA 90046",Book store,Los Angeles,,http://www.legalbooksdepot.com/,,,https://www.legalbooksdepot.com/contact-us/,,Contact Us,1,CA,90046,book_store
Railroad Book Depot,"650 Railroad Ave, Pittsburg, CA 94565",Book store,Pittsburg,,http://www.railroadbookdepot.com/,,,https://www.railroadbookdepot.com/map,,CONTACT,1,CA,94565,book_store
Tableflip Gaming,"7730 Brentwood Blvd suite a, Brentwood, CA 94513",Game store,Brentwood,,https://tableflipgaming.net/,,,https://tableflipgaming.net/#contact,,Contact,1,CA,94513,book_store
Amana Christian Bookstore *open by appointment only*,"Bliss Ct, Pleasant Hill, CA 94523",Religious book store,Pleasant Hill,Simple shop carrying bibles in a variety of languages & versions as well as other Christian titles.,http://www.hightruth.com/,,,http://www.hightruth.com/contact-us-1,,Contact Us,1,CA,94523,book_store
Books on B,"1014 B St, Hayward, CA 94541",Book store,Hayward,,http://booksonb.com/,,,http://booksonb.com/contact/,,Contact Us,1,CA,94541,book_store
Textbook & Beyond  K12 Specialists,"14944 Shoemaker Ave unit d, Santa Fe Springs, CA 90670",Used book store,Santa Fe Springs,,https://www.textbooknbeyond.com/,,,https://www.textbooknbeyond.com/index.php?main_page=contact_us,,Contact Us,1,CA,90670,book_store
Game Quest,"8322 Artesia Blvd # B, Buena Park, CA 90621",Video game store,Buena Park,,https://www.gamequestdirect.com/,,,https://www.gamequestdirect.com/pages/contact-us,,"
              Contact
            ",1,CA,90621,book_store
House of Secrets,"1930 W Olive Ave, Burbank, CA 91506",Comic book store,Burbank,"Chill comic store stocking an array of titles, graphic novels & collectibles.",http://www.artoffiction.com/,,,http://www.artoffiction.com/contact.html,,,1,CA,91506,book_store
Emerald Knights Comics & Games,"4116 Burbank Blvd, Burbank, CA 91505",Comic book store,Burbank,"Airy store offering a wide selection of graphic novels, games, comic books & related paraphernalia.",http://ekcomicsandgames.com/,,,http://ekcomicsandgames.com/contact-us.html,,"
				Contact Us
			",1,CA,91505,book_store
Historicana,"1200 Edgehill Dr, Burlingame, CA 94010",Book store,Burlingame,,http://www.szyk.com/,,,http://www.szyk.com/../contact/index.htm?mnHd=8&mnSubHd=35,,Contact Irvin,1,CA,94010,book_store
Sunset News,"Terminal 2, Boarding Area D, San Francisco, CA 94128",Book store,San Francisco,,https://www.flysfo.com/,,,https://www.flysfo.com/contact-sfo,,Contact Us,1,CA,94128,book_store
Heroes,"24 E Campbell Ave, Campbell, CA 95008",Comic book store,Campbell,"Informal outpost offering classic & contemporary comic books, trading cards, vintage toys & artwork.",http://www.heroescomicbooks.com/,,,http://www.heroescomicbooks.com/contact.cfm,,Contact Us,1,CA,95008,book_store
Lhooq Books,"2317, 755 1/2 Carlsbad Village Dr, Carlsbad, CA 92008",Book store,Carlsbad,,http://www.lhooqxrealism.com/,,,http://www.lhooqxrealism.com/index/0-25,,"

 ",1,CA,92008,book_store
Book Tales,"603 S Coast Hwy 101, Encinitas, CA 92024",Used book store,Encinitas,,http://encinitasbooktales.com/,,,http://books.adsitebuilder.com/contactfinal/,,Contact,1,CA,92024,book_store
Friends of the Encinitas Library Bookstore,"540 Cornish Dr, Encinitas, CA 92024",Book store,Encinitas,,http://encinitaslibfriends.org/,,,http://encinitaslibfriends.org/contact,,CONTACT,1,CA,92024,book_store
Soulscape Gift & Book Store,"765 S Coast Hwy 101 #106, Encinitas, CA 92024",Book store,Encinitas,,http://www.soulscapeonline.com/,,,https://soulscapeonline.com/contact/,,Contact,1,CA,92024,book_store
Pair A Dice Games,"2020 Hacienda Dr ste a, Vista, CA 92081",Book store,Vista,,https://www.pairadicegames.com/,,,https://pairadicegames.com/contact/,,Contact,1,CA,92081,book_store
Rancho Santa Fe Book Cellar,"17040 Avenida De Acacias, Rancho Santa Fe, CA 92067",Used book store,Rancho Santa Fe,,http://rsflibraryguild.org/,,,https://www.rsflibraryguild.org/contact/,,Contact,1,CA,92067,book_store
Knowhere Games & Comics,"744 Grand Ave Ste 102, San Marcos, CA 92078",Comic book store,San Marcos,,http://www.knowheregamesandcomics.com/,,,http://www.knowheregamesandcomics.com/contact-us,,"  

Contact Us
",1,CA,92078,book_store
Robert A Cosgrove ESQ,"621 2nd St, Encinitas, CA 92024",Law book store,Encinitas,,http://www.cosgroveesq.com/,,,http://www.cosgroveesq.com/contact-us,,Contact Us,1,CA,92024,book_store
Solana beach friends of the Library,"157 Stevens Ave unit B, Solana Beach, CA 92075",Used book store,Solana Beach,,http://www.friendsofsolanabeachlibrary.org/,,,http://www.friendsofsolanabeachlibrary.org/contact,,Contact,1,CA,92075,book_store
CRC Resale Store,"1065 Carlsbad Village Dr, Carlsbad, CA 92008",Thrift store,Carlsbad,,http://crcncc.org/,,,https://crcncc.org/contact/,,CONTACT,1,CA,92008,book_store
Sandcastle Tales of Del Mar Bookstore,"1414 Camino Del Mar, Del Mar, CA 92014",Childrens book store,Del Mar,,http://www.sandcastletales.com/,,,https://sandcastletales.com/contact/,,Contact Us,1,CA,92014,book_store
Downtown Books Art Gallery and Custom Framing,"414 W 6th St, San Pedro, CA 90731",Book store,San Pedro,,http://dtbooksart.com/,,,http://dtbooksart.com/index.html#contact-us,,Contact Us,1,CA,90731,book_store
Brown Bag Books,"112 E 22nd St warehouse 10, San Pedro, CA 90731",Book store,San Pedro,,http://www.brownbagbooks.biz/,,,http://www.brownbagbooks.biz/contact-1,,About,1,CA,90731,book_store
Philippine Expressions Bookshop,"479 W 6th St UNIT 105, San Pedro, CA 90731",Book store,San Pedro,,https://philippineexpressionsbookshop.wordpress.com/,,,https://philippineexpressionsbookshop.wordpress.com/contact/,,Contact,1,CA,90731,book_store
Bookaroos LLC,"1590 Rosecrans Ave, Manhattan Beach, CA 90266",Book store,Manhattan Beach,,http://book-a-roos.com/,,,http://book-a-roos.com/contact_us,,,1,CA,90266,book_store
Accurate Safety Supplies,"800 E Ocean Blvd, Long Beach, CA 90802",Magazine store,Long Beach,,http://www.accuratesafety.com/,,,http://www.accuratesafety.com/contact/,,Contact,1,CA,90802,book_store
Book Soup Bookstore,"380 World Way, Los Angeles, CA 90045",Book store,Los Angeles,,https://www.westfieldairports.com/,,,https://www.westfieldairports.com/mailto:ContactLAX@urw.com?subject=LAX%20Shop%20and%20Dine%20Website,,Contact,1,CA,90045,book_store
Assistance League Palm Springs Desert Area,"68-355 Ramon Rd, Cathedral City, CA 92234",Thrift store,Cathedral City,"Thrift store selling donated apparel, home goods, furniture & books to benefit local charities.",https://www.assistanceleague.org/,,,https://www.assistanceleague.org/palm-springs-desert-area/contact-us/,,Contact Us,1,CA,92234,book_store
Yesterday's Books,"3457 McHenry Ave, Modesto, CA 95350",Used book store,Modesto,,http://www.yesterdaysbooksmodesto.com/,,,http://www.yesterdaysbooksmodesto.com/title-page-contact-us,,Title Page- Contact Us,1,CA,95350,book_store
Community Hospice Hope Chest Thrift Store,"1791 Mitchell Rd, Ceres, CA 95307",Thrift store,Ceres,,http://hopechestthrift.org/,,,//hopechestthrift.org/contact-us/,,Contact Us,1,CA,95307,book_store
McHenry Mansion Visitors Center,"924 15th St, Modesto, CA 95354",Gift shop,Modesto,"Circa-1883 Victorian mansion, once home to prominent local resident, now a house museum with tours.",http://mchenrymansion.org/,,,http://mchenrymansion.org/contact.html,,Contact,1,CA,95354,book_store
Ink Spell Books,"500 Purissima St, Half Moon Bay, CA 94019",Book store,Half Moon Bay,New & used bookstore with a kids' play area & an ordering window into the adjacent coffee shop.,http://www.inkspellbooks.com/,,,http://www.inkspellbooks.com/contact,,Contact Us,1,CA,94019,book_store
Goodwill Store,"10745 South St, Cerritos, CA 90703",Thrift store,Cerritos,,http://www.thinkgood.org/,,,http://visitor.r20.constantcontact.com/d.jsp?llr=hd5eo7qab&p=oi&m=1117645863015&sit=faifht9ib&f=1f20b34b-0996-49c9-9152-d8fb1ba5a32f,,Join Email List,1,CA,90703,book_store
Bat Comics & Games,"218 Broadway St, Chico, CA 95928",Comic book store,Chico,,http://batcomicsandgames.com/,,,http://batcomicsandgames.com/contact-hours/,,Contact/Hours,1,CA,95928,book_store
Ishi Books by Richard Burrill,"1036 Southampton Dr, Chico, CA 95926",Book store,Chico,,http://www.ishifacts.com/,,,http://www.ishifacts.com/contact.php,,Contact,1,CA,95926,book_store
Engine Ed Train Books and Games for Kids,"702 Mangrove Ave, Chico, CA 95926",Comic book store,Chico,,http://www.engineed.com/,,,http://www.engineed.com/contact.php,,CONTACT US,1,CA,95926,book_store
Paton Press,"2889 Cohasset Rd # 4, Chico, CA 95973",Book store,Chico,,http://www.patonprofessional.com/,,,https://www.olark.com/site/9848-863-10-7654/contact,,Questions? Feedback?,1,CA,95973,book_store
Kashani Essie,"14222 Village Park Pl, Chino Hills, CA 91709",Book store,Chino Hills,,http://www.essiekashani.com/,,,http://essiekashani.com/contact_us.php,,Contact us ,1,CA,91709,book_store
Otay Books,"937 Otay Lakes Rd, Chula Vista, CA 91913",Book store,Chula Vista,New & used college & educational textbooks are stocked at this off-campus retailer.,http://www.otaybooks.com/,,,http://www.otaybooks.com/contact.html,,CONTACT,1,CA,91913,book_store
Latin American Book Source Inc,"681 Anita St # 102, Chula Vista, CA 91911",Book store,Chula Vista,,http://www.latambooks.com/,,,http://www.latambooks.com/index.php?route=information/contact,,Contact Us,1,CA,91911,book_store
Libreria Catolica Hombre Nuevo,"1016 Broadway Ste. 2, Chula Vista, CA 91911",Book store,Chula Vista,,http://www.hombrenuevo.us/,,,http://www.hombrenuevo.us/contactanos-2/,,Contactanos,1,CA,91911,book_store
EAST meets WEST,"724 B Ave, National City, CA 91950",Book store,National City,,https://eastmeetswestco.com/,,,https://eastmeetswestco.com/contact/,,Contact,1,CA,91950,book_store
Bayview Christian Cultural,"6134 Benson Ave, San Diego, CA 92114",Book store,San Diego,,http://bayviewbc.org/,,,https://www.bayviewbc.org/contact/,,Contact,1,CA,92114,book_store
Hungry Tiger Press,"5995 Dandridge Ln # 121, San Diego, CA 92115",Book store,San Diego,,http://www.hungrytigerpress.com/,,,http://www.hungrytigerpress.com/mailto:orders@hungrytigerpress.com,,Contact Webmaster,1,CA,92115,book_store
Friends Of The San Diego Public Library,"4193 Park Blvd, San Diego, CA 92103",Used book store,San Diego,,https://www.sandiego.gov/,,,https://www.sandiego.gov/contact,,Contact the City,1,CA,92103,book_store
TC's Rockets,"5155 Waring Rd, San Diego, CA 92120",Comic book store,San Diego,,http://tcsrockets.com/,,,https://tcsrockets.com/contact-us/,,Contact Us,1,CA,92120,book_store
BooMu,"5150 Sunrise Blvd e, Fair Oaks, CA 95628",Book store,Fair Oaks,,http://www.boomukids.com/,,,https://boomukids.com/contact-us/,,Contact Us,1,CA,95628,book_store
The Claremont Forum,"586 W 1st St, Claremont, CA 91711",Used book store,Claremont,,http://www.claremontforum.org/,,,http://www.claremontforum.org/contact/,,Contact Us,1,CA,91711,book_store
A Book Barn,"640 Clovis Ave, Clovis, CA 93612",Used book store,Clovis,,http://clovisbookbarn.com/,,,https://www.clovisbookbarn.com/contact-us/,,Contact Us,1,CA,93612,book_store
Ozeverafter,"3765 Robinwood Ave, Clovis, CA 93619",Comic book store,Clovis,,http://www.ozeverafter.com/,,,https://ocsnext.ebay.com/ocs/home,,"
		Help & Contact",1,CA,93619,book_store
Sagebrush Press Book Store,"55684 Twentynine Palms Highway, Yucca Valley, CA 92284",Used book store,Yucca Valley,,http://sagebrushpressbookstore.com/,,,http://sagebrushpressbookstore.com/contactform.html,,Sagebrushbookstore@gmail.com,1,CA,92284,book_store
Martha's Village Store,"45596 Fargo St, Indio, CA 92201",Thrift store,Indio,,http://www.marthasvillage.org/,,,https://marthasvillage.org/contact/,,Contact,1,CA,92201,book_store
AK Smiley Bookstore,"125 W Vine St, Redlands, CA 92373",Book store,Redlands,,https://aksmileybookstore.com/,,,https://aksmileybookstore.com/defaultsite/contact-us/,,Contact Us,1,CA,92373,book_store
Dibble Institute,"104 E Olive Ave, Redlands, CA 92373",Book store,Redlands,,https://www.dibbleinstitute.org/,,,https://www.dibbleinstitute.org/contact/,,Contact,1,CA,92373,book_store
The Ripped Bodice,"3806 Main St, Culver City, CA 90232",Book store,Culver City,,http://therippedbodicela.com/,,,http://therippedbodicela.com/contact,,,1,CA,90232,book_store
Visions & Dreams,"2482 Newport Blvd #1, Costa Mesa, CA 92627",Book store,Costa Mesa,,http://www.visionsanddreamsonline.com/,,,https://www.visionsanddreamsonline.com/contact/,,Contact,1,CA,92627,book_store
Gateway Newstand,"3333 Bristol St #588, Costa Mesa, CA 92626",Magazine store,Costa Mesa,,https://gatewaynewstands.com/,,,https://gatewaynewstands.com/contact-us/,,Contact Us,1,CA,92626,book_store
Camelot Books,"18120 Brookhurst St #28, Fountain Valley, CA 92708",Used book store,Fountain Valley,,http://www.camelot-books.com/,,,http://www.camelot-books.com/contact2.html,,Contact Us,1,CA,92708,book_store
Creme Tangerine,"LAB Anti Mall, 2930 Bristol St C-103, Costa Mesa, CA 92626",Record store,Costa Mesa,,http://cremetangerinerecords.com/,,,http://cremetangerinerecords.com/contact-us,,Contact,1,CA,92626,book_store
The Comic Bug,"4267 Overland Ave, Culver City, CA 90230",Comic book store,Culver City,Inviting comic-book store packing a large variety of titles into a small space.,http://thecomicbug.com/,,,http://www.thecomicbug.com/contact-us/,,Contact Us,1,CA,90230,book_store
Archangel Michael Orthodox Bookstore,"4145 Sepulveda Blvd, Culver City, CA 90230",Religious book store,Culver City,,http://www.joyofallwhosorrow.org/,,,http://joyofallwhosorrow.org/2017/contact-us/,,,1,CA,90230,book_store
Prostar Publications Inc,"3416 Wesley St # B, Culver City, CA 90232",Book store,Culver City,,http://www.prostarpublications.com/,,,https://prostarpublications.com/contact-us/,,Contact Us,1,CA,90232,book_store
Spiritual Books Culver City  The Gateway,"10401 Venice Blvd Suite 202, Los Angeles, CA 90034",Book store,Los Angeles,,http://www.thegatewayportal.com/,,,https://thegatewayportal.com/contact-us/,,CONTACT US,1,CA,90034,book_store
William Glasser Inc,"11444 W Washington Blvd, Los Angeles, CA 90066",Book store,Los Angeles,,http://wglasser.com/,,,https://wglasser.com/contact/,,Contact,1,CA,90066,book_store
SMC Bookstore,"1900 Pico Blvd, Santa Monica, CA 90405",Book store,Santa Monica,,http://bookstore.smc.edu/,,,"http://maps.apple.com/?daddr=4700+S.+19th+Street,+Lincoln,+NE+68512",,"
								1900 Pico Boulevard
								Santa Monica, CA 90405
							",1,CA,90405,book_store
Raiser & Kenniff,"11845 W Olympic Blvd, Los Angeles, CA 90064",Law book store,Los Angeles,,https://www.losangelespersonalinjuryattorneys.com/,,,https://www.fararlawgroup.com/contact/,,CONTACT,1,CA,90064,book_store
Timeless Treasures Ticktocker Thrift Shop,"9441 Culver Blvd, Culver City, CA 90232",Thrift store,Culver City,"Charity thrift shop with an eclectic collection of clothing, books, DVDs, housewares & collectibles.",https://www.nclla.org/,,,https://www.nclla.org/contact-us/,,Contact,1,CA,90232,book_store
Wow Cool(r) Alternative Comics,"21607B Stevens Creek Blvd, Cupertino, CA 95014",Comic book store,Cupertino,,https://wowcool.com/,,,https://wowcool.com/faq/contact-2/,,,1,CA,95014,book_store
Socialist Workers Party,"5482 Mission St, San Francisco, CA 94112",Book store,San Francisco,,http://www.themilitant.com/,,,https://themilitant.com/contact-us/,,Contact,1,CA,94112,book_store
Comix Experience Outpost,"2381 Ocean Ave, San Francisco, CA 94127",Comic book store,San Francisco,Small comics shop offering a deep selection of both current & back issues plus a kids' section.,http://www.comixexperience.com/,,,http://www.comixexperience.com/mailto:brian@comixexperience.com,,Contact,1,CA,94127,book_store
Resources for Reading,"130 E Grand Ave #4803, South San Francisco, CA 94080",Book store,South San Francisco,,http://www.abcstuff.com/,,,http://www.abcstuff.com/contact-us/quote,,REQUEST A QUOTE,1,CA,94080,book_store
Minimalism Art,"143 S Maple Ave, South San Francisco, CA 94080",Book store,South San Francisco,,http://minimalismart.com/,,,https://www.minimalismart.com/support,,Contact,1,CA,94080,book_store
Russian Hill Bookstore,"2162 Polk St, San Francisco, CA 94109",Book store,San Francisco,"Neighborhood shop offers a broad range of used books, plus games, cards & gifts in a quaint space.",http://www.russianhillbookstore.com/,,,http://russianhillbookstore.com/home/blog-2/,,Contact,1,CA,94109,book_store
Prints Old and Rare,"580 Crespi Dr # L, Pacifica, CA 94044",Book store,Pacifica,,https://www.printsoldandrare.com/,,,https://www.printsoldandrare.com/contact/,,"
 
",1,CA,94044,book_store
Comix Experience,"305 Divisadero St, San Francisco, CA 94117",Comic book store,San Francisco,"Large & unusual collection of comic books, with periodic artist signings & window displays of art.",http://comixexperience.com/,,,http://comixexperience.com/mailto:brian@comixexperience.com,,Contact,1,CA,94117,book_store
Mission Store at Mission San Juan Capistrano,"26801 Ortega Hwy #2601, San Juan Capistrano, CA 92675",Gift shop,San Juan Capistrano,,https://www.missionsjc.com/,,,https://www.missionsjc.com/about/contact-us/,,Contact Us,1,CA,92675,book_store
Find Me Book,"33841 Niguel Rd, Dana Point, CA 92629",Book store,Dana Point,,http://www.friendsdanapoint.org/,,,http://www.friendsdanapoint.org/contact,,Contact,1,CA,92629,book_store
The Wee Loft,"32585 Golden Lantern # K, Dana Point, CA 92629",Toy store,Dana Point,,http://www.theweeloft.com/,,,https://www.theweeloft.com/contact,,Contact Us,1,CA,92629,book_store
Kenny's Music Store,"24731 La Plaza, Dana Point, CA 92629",Music store,Dana Point,,http://www.kennysmusicstore.com/,,,http://kennysmusicstore.com/contact-us/,,Contact Us,1,CA,92629,book_store
Chambers Gallery Gift Shop,"24200 Dana Point Harbor Dr, Dana Point, CA 92629",Gift shop,Dana Point,,https://www.ocean-institute.org/,,,https://www.ocean-institute.org/pod/request-more-information,,"
Contact Us
",1,CA,92629,book_store
Danville Christian Science Church And Reading Room,"650 Danville Blvd, Danville, CA 94526",Book store,Danville,,http://www.csdanville.org/,,,http://www.csdanville.org/mailto:contact@csdanville.org?Subject=Church%20contact,,contact@csdanville.org,1,CA,94526,book_store
Bizarro World,"223 E St, Davis, CA 95616",Comic book store,Davis,,http://www.bizarroworld.net/,,,http://www.bizarroworld.net/Home/About#Contact,,Contact & Hours,1,CA,95616,book_store
Capital Books,"1011 K St, Sacramento, CA 95814",Book store,Sacramento,,https://capitalbooksonk.com/,,,https://capitalbooksonk.com/find-us,,Find Us,1,CA,95814,book_store
Sacramento Comic Con,"1400 J St, Sacramento, CA 95814",Book store,Sacramento,,http://www.sac-con.com/,,,https://www.sac-con.com/?page_id=53,,Contact,1,CA,95814,book_store
Allstate Insurance,"8329 Fair Oaks Blvd Ste G, Carmichael, CA 95608",Comic book store,Carmichael,,https://agents.allstate.com/,,,https://agents.allstate.com/tel:+19169445090,,(916) 944-5090available 24/724/7,1,CA,95608,book_store
Alspaugh & Alspaugh Law,"275 E Douglas Ave # 104, El Cajon, CA 92020",Law book store,El Cajon,,http://www.alspaughlaw.net/,,,http://www.alspaughlaw.net/mailto:Help@Alspaughlaw.net,,contact us by email,1,CA,92020,book_store
MindWinder Studios,"567 Dorothy St, El Cajon, CA 92019",Comic book store,El Cajon,,https://www.mindwinderstudios.com/,,,https://www.mindwinderstudios.com/contact,,Contact,1,CA,92019,book_store
Creation & Earth History Museum & Bookstore,"10946 N Woodside Ave, Santee, CA 92071",Christian book store,Santee,,http://creationsd.org/,,,http://creationsd.org/about/contact/,,Contact Us,1,CA,92071,book_store
Unarius Academy of Science,"145 S Magnolia Ave, El Cajon, CA 92020",Book store,El Cajon,,http://www.unarius.org/,,,https://unarius.org/store/contact_us.php,,Contact Us,1,CA,92020,book_store
San Diego Comics,"6937 El Cajon Blvd #1754, San Diego, CA 92115",Comic book store,San Diego,A classic comic-book store featuring an extensive collection of new releases & back issues.,http://sandiegocomix.com/,,,http://sandiegocomix.com/contact.html,,"
    		Contact
    	",1,CA,92115,book_store
Metahumans Comics,"444 N Imperial Ave, El Centro, CA 92243",Comic book store,El Centro,,http://www.metahumanscomics.com/,,,http://metahumanscomics.com/contact/,,CONTACT,1,CA,92243,book_store
Bijou,"815 12th St, Paso Robles, CA 93446",Book store,Paso Robles,,https://www.bijouonthepark.com/,,,https://www.bijouonthepark.com/contact-us.htm,, CONTACT US,1,CA,93446,book_store
Cal Poly University Store,"S Poly View Dr, San Luis Obispo, CA 93405",Book store,San Luis Obispo,,http://www.asi.calpoly.edu/,,,https://www.asi.calpoly.edu/discover-asi/about-asi/staff-contacts/,,Staff & Contacts,1,CA,93405,book_store
Book Nook,"2081 Newcastle Ave, Cardiff, CA 92007",Book store,Cardiff,,http://www.friendscardifflibrary.org/,,,http://www.friendscardifflibrary.org/contact/,,Contact,1,CA,92007,book_store
TheCePlace,"2173 Firethorn Glen, Escondido, CA 92027",Book store,Escondido,,http://theceplace.com/,,,http://theceplace.com/contact-us,,Contact Us,1,CA,92027,book_store
Christian Homeschool Store,"1115 Thomas Way, Escondido, CA 92027",Book store,Escondido,,https://www.christianhomeschoolstore.com/,,,https://www.christianhomeschoolstore.com/contact-us.htm,,"
Contact Us",1,CA,92027,book_store
Hidden Valley Ashram,"16455 Old Guejito Grade Rd, Escondido, CA 92027",Book store,Escondido,,http://hvashram.org/,,,https://visitor.r20.constantcontact.com/manage/optin?v=001ZOpcJZ9gBKmQ3Zy_GDaYId_ZcHd8SSAyZriAcfEmq40rHRb7D5hzZysiLJBvS29xUXyDv8oWbOis2cLTLASpzjpE2D6sEh9wjZlib8yM4jw%3D,,Sign-up for Newsletter,1,CA,92027,book_store
Serendipity Bible House,"760 Madison St, Fairfield, CA 94533",Book store,Fairfield,,http://www.fairfieldbibles.com/,,,https://www.fairfieldbibles.com,,Contact,1,CA,94533,book_store
Real Books,"2246 Palmer Cir, Fairfield, CA 94534",Book store,Fairfield,,https://realbookstore.net/,,,https://realbookstore.net/tel:7074254538,,(707) 425-4538,1,CA,94534,book_store
Face In A Book,"4359 Town Center Blvd, El Dorado Hills, CA 95762",Book store,El Dorado Hills,,http://www.getyourfaceinabook.com/,,,http://www.getyourfaceinabook.com/contact-us,,Contact Us,1,CA,95762,book_store
BrainyZoo Toys In The Folsom Premium Outlets,"13000 Folsom Blvd, Folsom, CA 95630",Toy store,Folsom,,https://www.brainyzootoys.com/,,,https://www.brainyzootoys.com/service/,,Contact Us,1,CA,95630,book_store
Friends of the Folsom Library,"411 Stafford St, Folsom, CA 95630",Book store,Folsom,,http://www.folsom.ca.us/,,,"http://www.folsom.ca.us/javascript:Civica_Modal.showModal('modal-contact-us', '/custom/overlay/contact-us.asp?m=1&u=http://www.folsom.ca.us/city_hall/depts/library/Default.asp&i=596&t=', 'medium', 'modalJsInit()' );",,Contact Us,1,CA,95630,book_store
Document Center Inc,"121 Industrial Rd #8, Belmont, CA 94002",Book store,Belmont,,http://www.document-center.com/,,,http://www.document-center.com/contact/,,CONTACT,1,CA,94002,book_store
distribuidorashalomcom,"801 Woodside Rd Suite 8, Redwood City, CA 94061",Christian book store,Redwood City,,http://distribuidorashalom.com/,,,https://distribuidorashalom.com/contact/,,Contacto,1,CA,94061,book_store
Record Man,"1322 El Camino Real, Redwood City, CA 94063",Record store,Redwood City,"This shop is packed with over a million LPs, 78s & 45s ranging from blues to country to classical.",https://therecordmanrwc.wordpress.com/,,,https://therecordmanrwc.wordpress.com/contact-us/,,Contact Us,1,CA,94063,book_store
Imusti Incorporated,"48531 Warm Springs Blvd UNIT 412, Fremont, CA 94539",Book store,Fremont,,https://imusti.com/,,,https://imusti.com/?page_id=96,,Contact Us,1,CA,94539,book_store
St Vincent de Paul Thrift Store & Donation Center Fremont,"3777 Decoto Rd, Fremont, CA 94555",Thrift store,Fremont,,http://www.svdp-alameda.org/,,,http://www.svdp-alameda.org/contact.html,,"

			Contact
		
",1,CA,94555,book_store
Heroes Comics,"110 E Shaw Ave, Fresno, CA 93710",Comic book store,Fresno,,http://www.heroes-comics.com/,,,http://www.heroes-comics.com/contacts/new,,Contact Us,1,CA,93710,book_store
Woodworker's Library,"2006 S Mary St, Fresno, CA 93721",Book store,Fresno,,http://www.woodworkerslibrary.com/,,,https://www.woodworkerslibrary.com/contact-us,,Contact Us,1,CA,93721,book_store
Mike Murach & Associates Inc,"4340 N Knoll Dr, Fresno, CA 93722",Book store,Fresno,,http://www.murach.com/,,,http://www.murach.com/customer-service/contact-us,,Contact Us,1,CA,93722,book_store
David G Edwards Attorney,"6785 N Willow Ave, Fresno, CA 93710",Law book store,Fresno,,http://www.davidgedwardslaw.com/,,,https://www.davidgedwardslaw.com/contact/,,Contact,1,CA,93710,book_store
Chad's Author Site,"W Dakota Ave #3138, Fresno, CA 93722",Book store,Fresno,,https://chads-author-site.ueniweb.com/,,,https://chads-author-site.ueniweb.com/#contact_us,,Contact Us,1,CA,93722,book_store
Law Office of Jacob J Rivas,"7473 N Ingram Ave #105, Fresno, CA 93711",Law book store,Fresno,,http://www.rivasinjurylaw.com/,,,http://www.rivasinjurylaw.com/#contact-us,,,1,CA,93711,book_store
Cenco Magazine Service,"653 W Fallbrook Ave Suite 101, Fresno, CA 93711",Magazine store,Fresno,,http://cencomagazineservice.com/,,,http://cencomagazineservice.com/contact.html,,Contact Us,1,CA,93711,book_store
Classic One Books & Herbs,"1425 W Manchester Ave, Los Angeles, CA 90047",Book store,Los Angeles,,http://www.blackwritersontour.com/,,,https://www.blackwritersontour.com/copy-of-contact,,"Volunteer, Participate, or Donate",1,CA,90047,book_store
Wagon Wheel Records & Books,"16812 Pembrook Ln, Huntington Beach, CA 92649",Book store,Huntington Beach,,http://www.wagonwheelrecords.net/,,,http://www.wagonwheelrecords.net/contactus.html,, ,1,CA,92649,book_store
Legacy Comics and Cards,"123 W Wilson Ave, Glendale, CA 91203",Comic book store,Glendale,"Spacious shop offering new & vintage comic books, plus sports, Magic & other collectible cards.",http://legacycomics.com/,,,https://legacycomics.com/contact/,,Contact,1,CA,91203,book_store
H & H Book Services,"236 N Glendale Ave, Glendale, CA 91206",Bookbinder,Glendale,,http://hhbookservices.com/,,,http://hhbookservices.com/contact-us,,Contact Us,1,CA,91206,book_store
Friends of Silver Lake Library Bookstore,"2411 Glendale Blvd, Los Angeles, CA 90039",Book store,Los Angeles,,http://fosll.org/,,,http://fosll.org/contact/,,Contact,1,CA,90039,book_store
ABCClio,"130 Cremona Dr, Goleta, CA 93117",Book store,Goleta,,https://www.abc-clio.com/,,,https://www.abc-clio.com/contact,,Contact Us,1,CA,93117,book_store
Bennett's Toys & Educational Materials,"5148 Hollister Ave, Santa Barbara, CA 93111",Book store,Santa Barbara,,https://www.bennettstoys.com/,,,https://bennettstoys.com/home/contact/,,Contact,1,CA,93111,book_store
Book Garden,"189 E Pine St, Exeter, CA 93221",Book store,Exeter,,http://bookgarden.net/,,,http://bookgarden.net/mailto:webmaster@bookgarden.net,,Contact your hosting provider,1,CA,93221,book_store
Comic Shop,"14837 Washington Ave, San Leandro, CA 94579",Comic book store,San Leandro,"Long-standing shop carrying new comics & back issues, plus toys, games, apparel & more.",http://www.the-comic-shop.com/,,,http://www.the-comic-shop.com/contact/,,CONTACT,1,CA,94579,book_store
Victor Valley Rescue Mission Super Thrift Store,"17376 Main St Ste A, Hesperia, CA 92345",Thrift store,Hesperia,,http://www.erescuemission.org/,,,https://www.erescuemission.org/about-us/contact/,,CONTACT,1,CA,92345,book_store
Haro's Heroes Comics,"27208 Base Line St, Highland, CA 92346",Comic book store,Highland,,http://www.harosheroes.weebly.com/,,,http://www.harosheroes.weebly.com/contact.html,,"
    		Contact
    	",1,CA,92346,book_store
John Reynolds Gardiner Children's Author,"16961 Ruby Cir, Huntington Beach, CA 92649",Book store,Huntington Beach,,http://www.johnreynoldsgardiner.com/,,,http://www.johnreynoldsgardiner.com/Children-s-Books-Contact-Huntington-Beach-CA.html,,Contact,1,CA,92649,book_store
Libros de Wilian Arias,"1340 E Adams Blvd, Los Angeles, CA 90011",Book store,Los Angeles,,https://libros-de-wilian-arias.ueniweb.com/,,,https://libros-de-wilian-arias.ueniweb.com/#contact_us,,Contact Us,1,CA,90011,book_store
University of San Kore Pr,"3018 W 48th St, Los Angeles, CA 90043",Book store,Los Angeles,,http://www.sankorepress.com/,,,http://www.sankorepress.com/contact.html,,CONTACT US,1,CA,90043,book_store
Shrimad Bhaagvat Shridhari Tika,"81 Sunnyvale St, Los Angeles, CA 90185",Religious book store,Los Angeles,,http://careercafe.co.in/,,,http://careercafe.co.in/contact.html,,Contact Us,1,CA,90185,book_store
CustomBookCompanycom,"3002 Dow Ave #222, Tustin, CA 92780",Book store,Tustin,,http://custombookcompany.com/,,,https://custombookcompany.com/contact/,,Contact,1,CA,92780,book_store
Crystal Cave,"891 Baker St A16, Costa Mesa, CA 92626",Book store,Costa Mesa,,http://www.crystal-cave.com/,,,http://www.crystal-cave.com/pages/contact.php,,Contact,1,CA,92626,book_store
Christian Science Reading Room Newport Beach,"2436 West Coast Hwy #105, Newport Beach, CA 92663",Book store,Newport Beach,,http://www.cs-nb.com/,,,https://www.christiansciencenb.org/contact/,,CONTACT,1,CA,92663,book_store
Magic & Monsters,"23854 Vía Fabricante Unit B1, Mission Viejo, CA 92691",Game store,Mission Viejo,,http://www.magicandmonsters.com/,,,http://www.magicandmonsters.com/contactus,,Contact Us,1,CA,92691,book_store
2GoodLuck Botanica & Bookstore,"16746 Lakeshore Dr. Unit J-K, Lake Elsinore, CA 92530",Book store,Lake Elsinore,,http://www.myjaguarbooks.com/,,,http://www.myjaguarbooks.com/pages/contact-us,,"
            Contact us
        ",1,CA,92530,book_store
Marauder Bookstore,"3041 W Ave K, Lancaster, CA 93536",Book store,Lancaster,"Relaxed, campus bookstore providing textbooks & school supplies, plus apparel & other general goods.",http://www.marauderbookstore.com/,,,https://www.marauderbookstore.com/site_contact_us.asp?,,Contact Us,1,CA,93536,book_store
Li'l Book Bug on The BLVD,"742 W Lancaster Blvd, Lancaster, CA 93534",Book store,Lancaster,,http://www.lilbookbug.com/,,,http://www.lilbookbug.com/pages/contact-us,,"
Contact Us
",1,CA,93534,book_store
GO Evangelism Ministry Inc,"339 E Avenue K 8 Suite 117, Lancaster, CA 93535",Religious book store,Lancaster,,http://www.gospeltracts.org/,,,http://www.gospeltracts.org/contact-us.html,,Contact Us,1,CA,93535,book_store
Scents & Inspiration Inc,"44116 10th St W #101, Lancaster, CA 93534",Gift shop,Lancaster,,http://www.scentsandinspiration.com/,,,https://scentsandinspiration.com/contact-us/,,Contact Us,1,CA,93534,book_store
Battlegroundz Gaming Center,"755 W Lancaster Blvd, Lancaster, CA 93534",Game store,Lancaster,,https://www.bgzgaming.com/,,,https://www.bgzgaming.com/contact/,,Contact,1,CA,93534,book_store
Vinyl Alley  Voodoo Vinyl,"765 W Lancaster Blvd, Lancaster, CA 93534",Record store,Lancaster,,http://voodoovinylrecords.com/,,,http://voodoovinylrecords.com/contact.html,,Contact,1,CA,93534,book_store
College Store,"1937 S Grand Ave, Los Angeles, CA 90007",Book store,Los Angeles,Community-college bookstore offering book buy-backs and customized graduation gear.,https://www.lattcbookstore.com/,,,https://www.lattcbookstore.com/site_customer_service.asp?#contact,,Email,1,CA,90007,book_store
Magnolia Vintage Home & Gift,"310 E Whittier Blvd, La Habra, CA 90631",Gift shop,La Habra,,https://magnoliasvintage.com/,,,https://magnoliasvintage.com/tel:5626945901,,562.694.5901,1,CA,90631,book_store
KPOP REPUBLIC,"1301 S Beach Blvd suite h, La Habra, CA 90631",Music store,La Habra,,https://www.kpoprepublic.com/,,,https://www.kpoprepublic.com/pages/contact,,"
        CONTACT
      ",1,CA,90631,book_store
La Habra Music Center,"1885 W La Habra Blvd, La Habra, CA 90631",Music store,La Habra,,http://www.lahabramusic.com/,,,https://lahabramusic.com/music-lessons-and-instruments/,,Contact,1,CA,90631,book_store
Amethyst Moon,"8329 La Mesa Blvd, La Mesa, CA 91942",Book store,La Mesa,,http://shopamethystmoon.com/,,,http://shopamethystmoon.com/contact/,,Contact,1,CA,91942,book_store
I Q Book Source,"12045 Slauson Ave # C, Santa Fe Springs, CA 90670",Book store,Santa Fe Springs,,https://www.iqbooksource.com/,,,https://www.iqbooksource.com/mailto:sales@iqbooksource.com,,Contact Us,1,CA,90670,book_store
Toy Arena,"14145 Proctor Ave. STE #22 City of Industry, La Puente, CA 91746",Toy store,La Puente,,http://www.toyarena.com/,,,http://www.toyarena.com/pages/contact-us,,Contact Us ,1,CA,91746,book_store
Rocket Comics,"403 E Arrow Hwy Suite 301, San Dimas, CA 91773",Comic book store,San Dimas,,http://www.rocket-comics.com/,,,https://www.rocket-comics.net/contactus.html,,,1,CA,91773,book_store
Tokens of Recovery,"636 Caliente Ave, Livermore, CA 94550",Book store,Livermore,,http://www.tokensofrecovery.com/,,,https://tokensofrecovery.com/contact/,,Contact Us,1,CA,94550,book_store
Mozart Einstein & Me,"2156 First St, Livermore, CA 94550",Music store,Livermore,"Operation offering guitars, band & string instruments, sheet music & lessons, plus repair services.",http://www.mozarteinsteinme.com/,,,https://mozarteinsteinme.com/contact-us,,Contact Us,1,CA,94550,book_store
Tri Valley Haven Thrift Store,"116 N L St, Livermore, CA 94550",Thrift store,Livermore,,http://www.trivalleyhaven.org/,,,http://www.trivalleyhaven.org/contact.html,,Contact,1,CA,94550,book_store
Comic Grapevine,"920 S Cherokee Ln K, Lodi, CA 95240",Comic book store,Lodi,,https://comicgrapevinelodi.com/,,,https://comicgrapevinelodi.com/contact-us,,Contact Us,1,CA,95240,book_store
Safe Navigation Inc,"225 E 6th St, Long Beach, CA 90802",Book store,Long Beach,"Marine retailer provides a variety of nautical charts, books, cruising guides & navigation supplies.",http://www.safenavigation.com/,,,http://www.safenavigation.com/index.php?file=static&st_id=1,,Contact,1,CA,90802,book_store
The War House,"630 W Willow St, Long Beach, CA 90806",Game store,Long Beach,,https://thewarhouselongbeach.com/,,,https://thewarhouselongbeach.com/contact-us/,,Contact Us,1,CA,90806,book_store
Gulukul,"1177 W Olive Ave # 2, Sunnyvale, CA 94086",Childrens book store,Sunnyvale,,http://gulukul.com/,,,https://www.gulukul.com/contact,,CONTACT,1,CA,94086,book_store
Larry Edmunds Bookshop,"6644 Hollywood Blvd, Los Angeles, CA 90028",Used book store,Los Angeles,"Long-standing resource for movie- & theater-related books, film posters, lobby cards & photos.",http://larryedmunds.com/,,,https://larryedmunds.com/contact-us/,,Contact Us,1,CA,90028,book_store
Dokya LA Book Store,"5321 Hollywood Blvd, Los Angeles, CA 90027",Book store,Los Angeles,,http://www.dokyahealthbeauty.com/,,,https://www.dokyahealthbeauty.com/contact-us/,,Contact Us,1,CA,90027,book_store
West Valley Bookstore,"14000 Fruitvale Ave, Saratoga, CA 95070",Book store,Saratoga,,http://westvalley.bncollege.com/,,,http://westvalley.bncollege.com/webapp/wcs/stores/servlet/BNCBLocationAndContactView?catalogId=10001&langId=-1&storeId=28562,,Contact Us,1,CA,95070,book_store
Hearts of Love,"2242 Camden Ave Ste 102, San Jose, CA 95124",Christian book store,San Jose,,https://heartsoflove.biz/,,,https://heartsoflove.biz/tel:4083796517,,(408) 379-6517,1,CA,95124,book_store
Ireadebooks,"2478 Huran Dr, San Jose, CA 95122",Book store,San Jose,,https://www.ireadebooks.com/,,,https://www.ireadebooks.com/contact.html,,Contact,1,CA,95122,book_store
St Marello Bookstore,"211 N J St, Madera, CA 93637",Book store,Madera,,http://www.marellobookstore.org/,,,http://www.marellobookstore.org/contact,,Contact,1,CA,93637,book_store
Bookshop Benicia,"636 1st St, Benicia, CA 94510",Book store,Benicia,"Small, independently owned bookstore carrying books for children & adults, plus toys & stationary.",https://bookshopbenicia.indielite.org/,,,https://bookshopbenicia.indielite.org/contact,,Contact Us,1,CA,94510,book_store
Friends of the Orinda Library,"26 Orinda Way, Orinda, CA 94563",Used book store,Orinda,,http://www.friendsoftheorindalibrary.org/,,,http://friendsoftheorindalibrary.org/contact/,,Contact,1,CA,94563,book_store
Cox Information Services,"29501 Springside Dr, Menifee, CA 92584",Medical book store,Menifee,,http://coxinformationservices.com/,,,http://coxinformationservices.com/contact,,Contact,1,CA,92584,book_store
Friends of Murrieta Library Bookstore,"24670-24740 Adams Ave, Murrieta, CA 92562",Book store,Murrieta,,https://www.murrietalibraryfriends.org/,,,https://www.murrietalibraryfriends.org/contact.html,,"
Contact Us
",1,CA,92562,book_store
Menifee Valley Community Cupboard Thrift Store,"26944 Cherry Hills Blvd, Sun City, CA 92586",Thrift store,Sun City,,http://mvcupboard.org/,,,https://www.mvcupboard.org/contact-us,,Contact Us,1,CA,92586,book_store
MCA Bookstore,"3003 Scott Blvd, Santa Clara, CA 95054",Book store,Santa Clara,"Relaxed Muslim store featuring a large variety of Islamic books, plus clothing, videos & gift items.",http://www.mcabayarea.org/,,,http://www.mcabayarea.org/about-us/contact-us,,Contact us,1,CA,95054,book_store
Our Lady of Peace Gift Shop,"2800 Mission College Blvd, Santa Clara, CA 95054",Book store,Santa Clara,"Part of Our Lady of Peace Church, this store sells religious books & DVDs, rosaries & other items.",http://olopgiftshop.com/,,,https://www.olop-shrine.org/contact-us/,,Contact Us / Map,1,CA,95054,book_store
Authors Bookstore,"1701 Airport Blvd, San Jose, CA 95110",Book store,San Jose,"Straightforward bookseller carrying current best-sellers, plus magazines & newspapers.",http://www.flysanjose.com/,,,http://www.flysanjose.com/customer-service,,Contact Information,1,CA,95110,book_store
San Jose State University Spartan Bookstore,"211 S 9th St, San Jose, CA 95112",Book store,San Jose,,http://sjsu.bncollege.com/,,,http://sjsu.bncollege.com/webapp/wcs/stores/servlet/BNCBLocationAndContactView?catalogId=10001&langId=-1&storeId=65133,,Contact Us,1,CA,95112,book_store
Mezzetti Law Firm Inc,"31 E Julian St, San Jose, CA 95112",Law book store,San Jose,,https://www.mezzettilaw.com/,,,https://www.mezzettilaw.com/contact,," Contact

",1,CA,95112,book_store
Bookstore of the Friends,"30902 La Promesa, Rancho Santa Margarita, CA 92688",Book store,Rancho Santa Margarita,,http://www.rsmfol.org/,,,http://www.rsmfol.org/mailto:store.mgr@rsmfol.org,,Contact Us,1,CA,92688,book_store
Pastorscom,"23182 Arroyo Vista, Rancho Santa Margarita, CA 92688",Christian book store,Rancho Santa Margarita,,http://www.pastors.com/,,,https://pastors.com/contact/,,Contact,1,CA,92688,book_store
XQUISITE MAGAZINE(r),"100 Civic Center, Mission Viejo, CA 92691",Magazine store,Mission Viejo,,https://cityofmissionviejo.org/,,,https://cityofmissionviejo.org/city-directory,,"
City Directory
City of Mission Viejo contact phone numbers and email addresses
",1,CA,92691,book_store
The Game Chest,"26012 Marguerite Pkwy Ste C, Mission Viejo, CA 92692",Toy store,Mission Viejo,,http://www.thegamechest.com/,,,https://www.thegamechest.com/contact,,Contact Us,1,CA,92692,book_store
Bertrand's Music and Horn Improvement,"23851 Vía Fabricante, Mission Viejo, CA 92691",Music store,Mission Viejo,,http://www.bertrandsmusic.com/,,,http://www.bertrandsmusic.com/t-contact.aspx,,Contact Us,1,CA,92691,book_store
Lightly Used Books,"141 N Center St, Turlock, CA 95380",Used book store,Turlock,,http://www.lightlyusedbooks.com/,,,http://www.lightlyusedbooks.com/find-us,,"
        
        Find Us
      ",1,CA,95380,book_store
SEl Monte Asbesto's Removal & Clean Up,"2459 1/2 Chico Ave, South El Monte, CA 91733",Book store,South El Monte,,https://www.sensitive-environment.com/,,,https://www.sensitive-environment.com/contact/,,"

free consultation

",1,CA,91733,book_store
The Dollmakers' Kattywompus,"412 S Myrtle Ave, Monrovia, CA 91016",Toy store,Monrovia,,http://www.mydollmakers.com/,,,http://www.mydollmakers.com/contact.html,,Contact,1,CA,91016,book_store
Bunky Brothers,"280 Benson Ave, Upland, CA 91786",Comic book store,Upland,,http://bunkybrothers.com/,,,http://bunkybrothers.com/contact.php,,Contact,1,CA,91786,book_store
Friends of the Whittier Library Bookstore,"6703 Comstock Ave, Whittier, CA 90601",Book store,Whittier,,http://www.whittierlibrarybookstore.com/,,,https://www.whittierlibrarybookstore.com/contact-us/,,Contact Us,1,CA,90601,book_store
Record Jungle,"2459 W Whittier Blvd, Montebello, CA 90640",Record store,Montebello,,http://www.recordjungle.com/,,,http://www.recordjungle.com/contact,,Contact,1,CA,90640,book_store
The Society of St Paul,"5003 Whittier Blvd, East Los Angeles, CA 90022",Religious book store,East Los Angeles,,https://societyofsaintpaul.com/,,,https://societyofsaintpaul.com/contact,,Contact ,1,CA,90022,book_store
Johnny Thompson Music,"222 E Garvey Ave, Monterey Park, CA 91755",Music store,Monterey Park,,http://www.johnnythompsonmusic.com/,,,http://www.johnnythompsonmusic.com/contactus.html,,Contact Us,1,CA,91755,book_store
Cash4yourbooks,"1125 E Los Angeles Ave, Simi Valley, CA 93065",Used book store,Simi Valley,,http://cash4yourbooks.net/,,,http://www.cash4yourbooks.net/contact-cash-for-your-book-collections/index.asp,,Contact,1,CA,93065,book_store
The Open Book,"512 W Hillcrest Dr, Thousand Oaks, CA 91360",Book store,Thousand Oaks,,http://www.theopenbook.biz/,,,http://www.theopenbook.biz/contact-simi-valley-bookstore/index.asp,,Contact,1,CA,91360,book_store
A Hidden Fortress,"1960 Sequoia Ave UNIT 9, Simi Valley, CA 93063",Comic book store,Simi Valley,,http://www.ahiddenfortress.com/,,,http://www.ahiddenfortress.com/contact_us,,Contact Us,1,CA,93063,book_store
Simi Valley Library Friends of the Library Bookstore,"2969 Tapo Canyon Rd, Simi Valley, CA 93063",Used book store,Simi Valley,,http://simivalleylibrary.org/,,,http://simivalleylibrary.org/contact/,,Contact Us,1,CA,93063,book_store
Napa Valley College Bookstore,"2277 Napa Vallejo Hwy, Napa, CA 94558",Book store,Napa,,http://napavalley.bncollege.com/,,,http://napavalley.bncollege.com/webapp/wcs/stores/servlet/BNCBLocationAndContactView?catalogId=10001&langId=-1&storeId=71736,,Contact Us,1,CA,94558,book_store
Gravett Law,"1109 Jefferson St, Napa, CA 94559",Law book store,Napa,,http://gravettlaw.com/,,,http://gravettlaw.com/contact/,,Contact,1,CA,94559,book_store
TriCity Volunteers Food Bank  Thrift Store,"37350 Joseph St, Fremont, CA 94536",Thrift store,Fremont,,http://www.tri-cityvolunteers.org/,,,http://www.tri-cityvolunteers.org/contact/,,Contact,1,CA,94536,book_store
Owl & Company Bookshop,"3941 Piedmont Ave, Oakland, CA 94611",Book store,Oakland,,http://owlandcompanybookshop.com/,,,https://www.calvellobooks.com/contact.php,,Contact,1,CA,94611,book_store
Bibliomania,"1816 Telegraph Ave, Oakland, CA 94612",Used book store,Oakland,Long-running bookshop carrying used titles on topics such as modern literature & social movements.,http://www.bibliomania.ws/,,,https://www.bibliomania.ws/shop/bibliomania/contact.html?id=cEhs4NhY,,Contact,1,CA,94612,book_store
Sagrada Sacred Arts,"4926 Telegraph Ave, Oakland, CA 94609",Book store,Oakland,"Store specializing in religious & spiritually themed books, art, jewelry, crystals & more.",http://www.sagrada.com/,,,http://www.sagrada.com/contact,,Contact,1,CA,94609,book_store
Odin Readers,"1587 Franklin St, Oakland, CA 94612",Book store,Oakland,,http://store.epac.com/,,,http://store.epac.com/send_email.html,,Contact Us,1,CA,94612,book_store
The Cathedral Shop,"The Plaza, 2121 Harrison Street Located On, Oakland, CA 94612",Book store,Oakland,"Shop connected to the Roman Catholic Cathedral of the Light, offering a range of books & gifts.",https://www.ctlcathedral.org/,,,https://www.ctlcathedral.org/contact-us,,Contact Us,1,CA,94612,book_store
Buller Law,"1418 Lakeside Dr, Oakland, CA 94612",Law book store,Oakland,,http://www.bullerlaw.com/,,,https://vzlawfirm.com/contact-us/,,Contact,1,CA,94612,book_store
Sterns and Walker,"825 Washington St #305, Oakland, CA 94607",Law book store,Oakland,,http://www.trial-law.com/,,,http://www.trial-law.com/contact/,,Contact,1,CA,94607,book_store
MudLab,"3933 Telegraph Ave, Oakland, CA 94609",Book store,Oakland,,https://forhereplease.com/,,,https://forhereplease.com/contact,,"
        
        Contact
      ",1,CA,94609,book_store
North Light,"4915 Telegraph Ave, Oakland, CA 94609",Book store,Oakland,"Welcoming neighborhood nook for all-day coffee, cafe fare & cocktails, plus retail books & records.",http://northlight.bar/,http://northlight.bar/wp-content/uploads/2019/05/Northlight-MAY-Peter-menu_v4.pdf,,http://northlight.bar/#contact,,ET CETERA,1,CA,94609,book_store
Ruby's Garden,"5026 Telegraph Ave, Oakland, CA 94609",Book store,Oakland,This trendy local shop for new & secondhand childrenswear features clothing by area designers.,https://www.rubysgarden.com/,,,https://www.rubysgarden.com/pages/contact-us,,Contact Us,1,CA,94609,book_store
Peace Be With You Gifts,"714 N Coast Hwy, Oceanside, CA 92054",Gift shop,Oceanside,,http://peacebewithyougifts.webs.com/,,,https://peacebewithyougifts.webs.com/contactus.htm,,Contact Us,1,CA,92054,book_store
Skoolyard Records,"403 Wisconsin Ave unit g, Oceanside, CA 92054",Record store,Oceanside,,http://skoolyardrecords.com/,,,https://skoolyardrecords.com/contact-us/,,Contact Us,1,CA,92054,book_store
Assistance League North Coast Thrift Shop,"1830 Oceanside Blvd A, Oceanside, CA 92054",Thrift store,Oceanside,"Thrift store selling donated apparel, home goods, furniture & books to benefit local charities.",http://www.alnc.org/,,,https://alnc.org/contact/,,,1,CA,92054,book_store
Quality Resale Store,"1950 Oceanside Blvd H, Oceanside, CA 92054",Thrift store,Oceanside,,http://www.qualityresalestoreoceanside.com/,,,http://www.qualityresalestoreoceanside.com/contact-us.html,,Contact Us,1,CA,92054,book_store
Newsboy Books,"215 N Euclid Ave, Ontario, CA 91762",Book store,Ontario,,http://www.newsboybooks.com/,,,https://newsboybooks.wixsite.com/newsboy-books,,CONTACT,1,CA,91762,book_store
Oxnard College Bookstore,"4000 S Rose Ave, Oxnard, CA 93033",Book store,Oxnard,,http://oxnardcollegebookstore.com/,,,http://oxnardcollegebookstore.com/webapp/wcs/stores/servlet/BNCBLocationAndContactView?catalogId=10001&langId=-1&storeId=79736,,Contact Us,1,CA,93033,book_store
Law Offices of Richard Francis & Associates,"711 S A St, Oxnard, CA 93030",Law book store,Oxnard,,http://www.lawrlf.com/,,,http://lawrlf.com/contact/,,Contact Us,1,CA,93030,book_store
Calico Cat Bookshop,"495 E Main St, Ventura, CA 93001",Used book store,Ventura,,http://www.calicocatbooks.com/,,,http://www.calicocatbooks.com/contact,,Contact,1,CA,93001,book_store
Ralph's Comic Corner,"2379 E Main St, Ventura, CA 93003",Comic book store,Ventura,,http://www.ralphscomiccorner.com/,,,http://www.ralphscomiccorner.com/index.html,,,1,CA,93003,book_store
Three Star Books & News,"359 E Main St, Ventura, CA 93001",Book store,Ventura,,http://www.e-tique.org/,,,http://www.e-tique.org/../../../contact-us.aspx,, ,1,CA,93001,book_store
David Martinez Law,"674 County Square Dr #207, Ventura, CA 93003",Law book store,Ventura,,http://www.davidmartinezlaw.com/,,,http://www.davidmartinezlaw.com/contact.html,,Contact,1,CA,93003,book_store
Copperfield's Gifts & Rarities,"242 E Main St, Ventura, CA 93001",Gift shop,Ventura,,http://www.copperfields.biz/,,,http://www.copperfields.biz/contact,,CONTACT,1,CA,93001,book_store
Super Thrift Store,"815 N Oxnard Blvd, Oxnard, CA 93030",Thrift store,Oxnard,,https://vcrescuemission.org/,,,https://vcrescuemission.org/contact/,,Contact,1,CA,93030,book_store
Authors Of The Game,"2520 E Palmdale Blvd, Palmdale, CA 93550",Book store,Palmdale,,https://authors-of-the-game.ueniweb.com/,,,https://authors-of-the-game.ueniweb.com/#contact_us,,Contact Us,1,CA,93550,book_store
Mischief Cards and Gifts,"226 N Palm Canyon Dr, Palm Springs, CA 92262",Gift shop,Palm Springs,,https://mischiefcardsandgifts.com/,,,https://mischiefcardsandgifts.com/tel:7603228555,,(760) 322-8555,1,CA,92262,book_store
Paradies Shops,"3400 E Tahquitz Canyon Way, Palm Springs, CA 92262",Gift shop,Palm Springs,,https://www.paradieslagardere.com/,,,https://www.paradieslagardere.com/contact-us,,Contact,1,CA,92262,book_store
Comics Factory,"1298 E Colorado Blvd, Pasadena, CA 91106",Comic book store,Pasadena,"Boutique stocking mainstream & alternative comic books, plus graphic novels & collectibles.",http://www.comicsfactory.com/,,,http://www.comicsfactory.com/contact.html,,"
				Contact
			",1,CA,91106,book_store
Whitmore Rare Books,"121 Union St, Pasadena, CA 91103",Rare book store,Pasadena,,http://www.whitmorerarebooks.com/,,,https://www.whitmorerarebooks.com/contact.php?p=1,,Contact,1,CA,91103,book_store
Rudolf Steiner Library Book,"110 Martin Alley, Pasadena, CA 91105",Book store,Pasadena,,https://www.oldpasadena.org/,,,https://www.oldpasadena.org/about/contact-us/,,Contact Us,1,CA,91105,book_store
PRPH Books,"300 E Green St, Pasadena, CA 91101",Book store,Pasadena,,http://prphbooks.com/,,,http://prphbooks.com/contact,,"
            Contact
          ",1,CA,91101,book_store
The Retro Store,"17 N Raymond Ave, Pasadena, CA 91104",Comic book store,Pasadena,,http://www.retrostoreonline.com/,,,http://www.retrostoreonline.com/contact.html,,CONTACT,1,CA,91104,book_store
Audio Book Company,"235 Bellefontaine St, Pasadena, CA 91105",Book store,Pasadena,,http://www.audiobookco.com/,,,http://www.audiobookco.com/contact.html,,Contact Us,1,CA,91105,book_store
Locus Solus Rare Books Ltd,"4853 Hartwick St, Los Angeles, CA 90041",Used book store,Los Angeles,,https://www.locussolusrarebooks.com/,,,https://www.locussolusrarebooks.com/contact.php,,Contact,1,CA,90041,book_store
The Gamble House,"4 Westmoreland Pl, Pasadena, CA 91103",Book store,Pasadena,,https://gamblehouse.org/,,,https://gamblehouse.org/contact-us/,,Contact Us,1,CA,91103,book_store
Hoopla An Emporium Of Good Things,"2591 N Fair Oaks Ave, Altadena, CA 91001",Book store,Altadena,,http://www.shopathoopla.com/,,,https://visitor.r20.constantcontact.com/manage/optin?v=001LBos8BrBhyq_IUDIOP1YpK4Kn-WPdnbe1zri5S5VOe72b9kQENj5575NTUsK77U4RtUnrfz3JjDw11wv-io6uW695FNbEgfv573mGr8VSYEmq_iZKHLTWXXfGEeOehWTbOtgT0dTtmcwRVwpkT57JqREbKv52hTv1ukLwGIwtEJAFJt-hkKqCAsFgXBYy0Pe-sUhX_iyXefa1X6MMl3N8g%3D%3D,,Join our email list! ,1,CA,91001,book_store
ABRIL Bookstore,"415 E Broadway, Glendale, CA 91205",Book store,Glendale,,http://abrilbooks.com/,,,http://www.abrilbooks.com/contacts,,Contact Us,1,CA,91205,book_store
Mike Smith Bookstore,"680 Sonoma Mountain Pkwy, Petaluma, CA 94954",Book store,Petaluma,,http://www.santarosa.edu/,,,https://foundation.santarosa.edu/contact,,,1,CA,94954,book_store
Superior Marker Company,"573 Almanor St, Petaluma, CA 94954",Book store,Petaluma,,https://www.eraseamark.com/,,,https://www.eraseamark.com/contact,," CONTACT
",1,CA,94954,book_store
Creative Books,"1321 Buchanan Rd, Pittsburg, CA 94565",Book store,Pittsburg,,https://uscreativebooks.com/,,,https://uscreativebooks.com/contact-us/,,Contact Us,1,CA,94565,book_store
Super Special Awesome Cards,"310 E Orangethorpe Ave, Placentia, CA 92870",Greeting card shop,Placentia,,http://www.superspecialawesomecards.com/,,,http://www.superspecialawesomecards.com/contact_us,,Contact Us,1,CA,92870,book_store
Homeowners Education Association,"1600 S Main St #380, Walnut Creek, CA 94596",Book store,Walnut Creek,,http://www.housefixit.com/,,,http://www.housefixit.com/contact-us,,Contact us,1,CA,94596,book_store
Youth Homes Auxiliary Thrift Shop,"15 Vivian Dr B, Pleasant Hill, CA 94523",Thrift store,Pleasant Hill,,http://www.youthhomesauxiliary.org/,,,http://www.youthhomesauxiliary.org/contact,,"
            Contact
          ",1,CA,94523,book_store
GypsyLuv  For Crystals Tarot & Healings,"844 E Mission Blvd, Pomona, CA 91766",Book store,Pomona,,http://www.gypsyluv.com/,,,http://www.gypsyluv.com/contact.html,,Services,1,CA,91766,book_store
Grace's Book Nook,"10301 Scripps Lake Dr, San Diego, CA 92131",Book store,San Diego,,http://www.srfol.org/,,,http://www.srfol.org/contactus.htm,,Contact Us,1,CA,92131,book_store
Bertrand's Ozzie's Music,"12222 Poway Rd #28, Poway, CA 92064",Music store,Poway,,http://www.ozziesmusic.com/,,,http://www.ozziesmusic.com/contact/,,Contact,1,CA,92064,book_store
Peninsula Friends of the Library Gift Shop,"701 Silver Spur Rd #3603, Rolling Hills Estates, CA 90274",Gift shop,Rolling Hills Estates,,http://www.pvldfriends.org/,,,https://www.pvldfriends.org/contact-us/,,Contact Us,1,CA,90274,book_store
Claretian Teaching Ministry,"20610 Manhattan Pl STE 120, Torrance, CA 90501",Book store,Torrance,,https://catholicbooks.net/,,,https://catholicbooks.net/contact/who-are-we/,,About,1,CA,90501,book_store
Palos Verdes Resale,"2321 CA-1, Lomita, CA 90717",Thrift store,Lomita,"Basic thrift shop featuring an assortment of books & furniture, collectibles & clothing.",http://www.palosverdesresale.com/,,,http://www.palosverdesresale.com/contact_us,,Contact Us,1,CA,90717,book_store
Heavenly Treasures Thrift Str,"24303 Narbonne Ave, Lomita, CA 90717",Thrift store,Lomita,,http://www.heavenlytreasurethriftstore.com/,,,http://www.heavenlytreasurethriftstore.com/contact-us.html,,Contact Us,1,CA,90717,book_store
Cheap Vintage,"705 S Pacific Ave, San Pedro, CA 90731",Thrift store,San Pedro,Unfussy furniture shop offering antique & vintage pieces for home & office plus some new items.,http://www.cheapvintage.com/,,,http://www.cheapvintage.com/contact_us__maps,,Contact Us & Maps,1,CA,90731,book_store
OC Music In RSM,"29911 Aventura F, Rancho Santa Margarita, CA 92688",Music store,Rancho Santa Margarita,,http://ocmusiccenter.com/,,,http://ocmusiccenter.com/Contact_Us.html,,CONTACT US,1,CA,92688,book_store
Bethel Bookstore,"933 College View Dr, Redding, CA 96003",Christian book store,Redding,,http://bethelredding.com/,,,http://bethelredding.com/contact,,Email Us,1,CA,96003,book_store
Written Word,"3312 Bechelli Ln, Redding, CA 96002",Book store,Redding,,https://written-word.ueniweb.com/,,,https://written-word.ueniweb.com/#contact_us,,Contact Us,1,CA,96002,book_store
Maire & Deedon,"2851 Park Marina Dr, Redding, CA 96001",Law book store,Redding,,http://www.maire-law.com/,,,https://www.maire-law.com/contact-us/,,Contact Us,1,CA,96001,book_store
Mega Thrift Store,"1332 W Foothill Blvd, Rialto, CA 92376",Thrift store,Rialto,,https://www.megathriftstore.com/,,,https://www.megathriftstore.com/contact,,CONTACT,1,CA,92376,book_store
Akasha Healing Center,"24060 Lake Dr, Crestline, CA 92325",Used book store,Crestline,,http://www.akashahealingcenter.com/,,,http://www.akashahealingcenter.com/contact-us,,Contact Us,1,CA,92325,book_store
MultiCultural Children's Bookstore,"2200 Hilltop Mall Rd #1116, Richmond, CA 94806",Book store,Richmond,,http://multiculturalbookstore.com/,,,https://www.multiculturalbookstore.com/contact,,CONTACT,1,CA,94806,book_store
Teach Wonderment,"4176 Santa Rita Rd, El Sobrante, CA 94803",Book store,El Sobrante,,http://teachwonderment.com/,,,http://teachwonderment.com/pages/contact-us,,"
Be sure to sign up to receive news of sales & new products!
",1,CA,94803,book_store
Mom & Pop Art Shop,"24 W Richmond Ave., Point Richmond, CA 94801",Book store,Point Richmond,,https://mompopartshop.com/,,,https://mompopartshop.com/pages/contact,,Contact,1,CA,94801,book_store
St Raphael's Liberal Catholic Church in the San Francisco Bay Area,"332 Harbour Way, Richmond, CA 94801",Book store,Richmond,,http://www.straphaelslcc.org/,,,http://www.straphaelslcc.org/contact.html,,Contact / Location,1,CA,94801,book_store
Adams Angling,"1170 Keeler Ave, Berkeley, CA 94708",Book store,Berkeley,,http://www.adamsanglingbooks.com/,,,http://www.adamsanglingbooks.com/page/contact-us,,Contact Us ,1,CA,94708,book_store
Discovery Corner,"Lawrence Hall of Science, 1 Centennial Dr, Berkeley, CA 94720",Book store,Berkeley,,http://store.lawrencehallofscience.org/,,,http://store.lawrencehallofscience.org/Contact,,Contact,1,CA,94720,book_store
Hollander Books,"843 24th Ave, San Francisco, CA 94121",Book store,San Francisco,,https://www.hollanderbooks.com/,,,https://www.hollanderbooks.com/contact.php,,Contact,1,CA,94121,book_store
Winston Smith Books,"933 Lincoln Way, Auburn, CA 95603",Used book store,Auburn,,http://www.winstonsmithbooks.com/,,,http://www.winstonsmithbooks.com/about/,,"About Us
      
Contact Us
Directions

",1,CA,95603,book_store
Robert Erwin Bookseller,"5905 Labath Ave # 104, Rohnert Park, CA 94928",Used book store,Rohnert Park,,https://www.roberterwinbooks.com/,,,https://www.roberterwinbooks.com/page/contact-us,, Contact Us,1,CA,94928,book_store
Vicarious Experience Used Book Store,"60 W Sierra Ave, Cotati, CA 94931",Book store,Cotati,,http://shakespeareandcobooks.com/,,,http://shakespeareandcobooks.com/pages/contactus,,Contact Us,1,CA,94931,book_store
Readers' Books,"130 E Napa St, Sonoma, CA 95476",Used book store,Sonoma,,https://www.readersbooks.com/,,,http://visitor.r20.constantcontact.com/d.jsp?llr=mm856ybab&p=oi&m=1101422095756&sit=xovrcsybb&f=89cdd2d5-41a4-4ba1-957f-58e5dd07f4ac,,Sign up for our weekly newsletter! ,1,CA,95476,book_store
LightWeavers Metaphysical Boutique,"8421 Auburn Blvd suite 150 bldg 2, Citrus Heights, CA 95610",Book store,Citrus Heights,,http://www.lightweaversacademy.com/,,,https://www.constantcontact.com/legal/service-provider,,Emails are serviced by Constant Contact,1,CA,95610,book_store
Capitol Books & Gifts,"1315 10th St, Sacramento, CA 95814",Gift shop,Sacramento,,http://www.capitolbooksandgifts.com/,,,https://ddso.org/contact-us/,,Connect,1,CA,95814,book_store
Outword Magazine,"372 Florin Rd # 133, Sacramento, CA 95831",Magazine store,Sacramento,,https://www.outwordmagazine.com/,,,https://visitor.r20.constantcontact.com/manage/optin?v=001hDXaORE2PUQC9ciZoANaVBtRyGQ9s2qm2u703uGrRbnhV8lmWI2TnrpoV76OwA6WPQnNxbbvOymxjidMNMwzovOUNm3A9Nz0onhTHFCo-h8%3D,,,1,CA,95831,book_store
International Travel News,"2120 28th St, Sacramento, CA 95818",Magazine store,Sacramento,,https://www.intltravelnews.com/,,,https://www.intltravelnews.com/contact,,Contact ITN,1,CA,95818,book_store
Evangeline's,"First Floor, 113 K St, Sacramento, CA 95814",Gift shop,Sacramento,,http://www.evangelines.com/,,,http://www.evangelines.com/contact-us/,,Contact Us,1,CA,95814,book_store
Libreria Maranatha Bookstore,"160 Pajaro St, Salinas, CA 93901",Book store,Salinas,,http://www.libreria-maranatha.com/,,,//www.libreria-maranatha.com/contacto.html,,,1,CA,93901,book_store
Friends Bookshop,"110 W San Luis St, Salinas, CA 93901",Used book store,Salinas,,http://friendsofsalinaspl.org/,,,http://friendsofsalinaspl.org/?page_id=25,,Contact,1,CA,93901,book_store
Libreria Maranata,"Greenfield Alley, Salinas, CA 93901",Christian book store,Salinas,,http://evalverde.com/,,,http://evalverde.com/index.php/es/mas/contactenos,,"

                                Contáctenos                            ",1,CA,93901,book_store
BAIT Santa Ana,"210 E 4th St, Santa Ana, CA 92701",Book store,Santa Ana,,http://baitme.com/,,,http://www.baitme.com/help/contact-us,,CONTACT US,1,CA,92701,book_store
Lost Horizon Bookstore,"539 San Ysidro Rd, Santa Barbara, CA 93108",Book store,Santa Barbara,,https://www.losthorizonbooks.com/,,,https://www.losthorizonbooks.com/contact.php,,Contact,1,CA,93108,book_store
Randall House Rare Books,"835 Laguna St, Santa Barbara, CA 93101",Used book store,Santa Barbara,,http://www.randallhouserarebooks.com/,,,http://www.randallhouserarebooks.com/node/4,,Contact Us,1,CA,93101,book_store
SB Books Inc,"405 State St #2, Santa Barbara, CA 93101",Book store,Santa Barbara,,http://www.sbbooksinc.com/,,,http://www.sbbooksinc.com/contact.html,,,1,CA,93101,book_store
SBCC Campus Store,"721 Cliff Dr, Santa Barbara, CA 93109",Book store,Santa Barbara,,http://www.sbccbooks.com/,,,https://www.sbccbooks.com/site_about_us.asp?,,Contact,1,CA,93109,book_store
Plum Goods,"909 State St, Santa Barbara, CA 93101",Book store,Santa Barbara,,http://www.plumgoodsstore.com/,,,http://www.plumgoodsstore.com/pages/contact-us,,Contact and Hours,1,CA,93101,book_store
Tecolote Book Shop,"1470 E Valley Rd #52, Santa Barbara, CA 93108",Book store,Santa Barbara,,http://www.tecolotebookshop.com/,,,http://www.tecolotebookshop.com/node/21,,Contact,1,CA,93108,book_store
Ralph Sipper Books,"10 W Micheltorena St, Santa Barbara, CA 93101",Used book store,Santa Barbara,,http://ralphsipperbooks.com/,,,http://ralphsipperbooks.com/contact.html,,,1,CA,93101,book_store
James Pepper Rare Books Inc,"3463 State St # 271, Santa Barbara, CA 93105",Used book store,Santa Barbara,,http://www.jamespepperbooks.com/,,,https://www.jamespepperbooks.com/?page=shop/contactus,,Contact Us,1,CA,93105,book_store
Santa Barbara Museum of Art Store,"1130 State St, Santa Barbara, CA 93101",Book store,Santa Barbara,,http://www.sbmastore.net/,,,http://www.sbmastore.net/contact,,"
        
    Contact          ",1,CA,93101,book_store
LASHED by Hayley,"113 W Mission St, Santa Barbara, CA 93101",Book store,Santa Barbara,,https://www.lashed805.com/,,,https://www.lashed805.com/contact,,Contact,1,CA,93101,book_store
The Bookstore at the Vedanta Temple,"925 Ladera Ln, Montecito, CA 93108",Book store,Montecito,,http://vedantabookstore.com/,,,http://vedantabookstore.com/contact/,,Contact,1,CA,93108,book_store
SGIUSA Santa Barbara,"1425 State St, Santa Barbara, CA 93101",Book store,Santa Barbara,,http://www.sgi-usa-santabarbara.com/,,,https://sgi-usa-santabarbara.com/contact/,,Contact,1,CA,93101,book_store
Yoga Soup,"28 Parker Way, Santa Barbara, CA 93101",Book store,Santa Barbara,,http://www.yogasoup.com/,,,https://www.yogasoup.com/contact/,,Contact,1,CA,93101,book_store
MARCUS,"1155 Coast Village Rd, Montecito, CA 93108",Book store,Montecito,,http://www.shopmarcus.com/,,,http://www.shopmarcus.com/pages/contact-us,,"
                          CONTACT US
                        ",1,CA,93108,book_store
Pacifica Graduate InstituteLadera Campus,"801 Ladera Ln, Santa Barbara, CA 93108",Book store,Santa Barbara,,http://pacifica.edu/,,,https://www.pacifica.edu/admissions/#contact,,Contact Us,1,CA,93108,book_store
The Book Exchange,"25864 Tournament Rd unit e, Santa Clarita, CA 91355",Book store,Santa Clarita,,https://scv.secureweblogin.com/,,,https://scv.secureweblogin.com/info/contact-us/4/,,Contact Us,1,CA,91355,book_store
Books For Libraries,"28064 Avenue Stanford, Santa Clarita, CA 91355",Used book store,Santa Clarita,,https://booksforlibraries.com/,,,https://booksforlibraries.com/contact/,,Contact,1,CA,91355,book_store
Heritage Source,"23442 Kingston Pl, Valencia, CA 91354",Book store,Valencia,,http://heritagesource.com/,,,http://heritagesource.com/contact-form/,,CONTACT US,1,CA,91354,book_store
The Bookmark,"26074 Ave Hall STE 9, Santa Clarita, CA 91355",Religious book store,Santa Clarita,,https://thebookmark.com/,,,https://thebookmark.com/contact-us/,,Contact Us,1,CA,91355,book_store
Kimzar Kollectables,"27737 Bouquet Canyon Rd UNIT 118, Santa Clarita, CA 91350",Comic book store,Santa Clarita,,http://kimzarkollectables.com/,,,https://www.kimzarkollectables.com/index.lasso?page=dynamic_page&PG_ID=3,,Contact Us,1,CA,91350,book_store
Brave New World,"22722 Lyons Ave, Newhall, CA 91321",Comic book store,Newhall,,https://bravenewworldcomics.com/,,,https://bravenewworldcomics.com/contact-us/,,Contact Us,1,CA,91321,book_store
6 Pillars Publishing,"27955 Smyth Dr #107, Valencia, CA 91355",Book store,Valencia,,http://6pillarspublishing.com/,,,https://6pillarspublishing.com/contact/,,Contact,1,CA,91355,book_store
The Garden Of Eve,"18565 Soledad Canyon Rd #285, Canyon Country, CA 91351",Book store,Canyon Country,,https://the-garden-of-eve.ueniweb.com/,,,https://the-garden-of-eve.ueniweb.com/#contact_us,,Contact Me,1,CA,91351,book_store
Tia Chucha's Centro Cultural,"13197 Gladstone Ave, Sylmar, CA 91342",Book store,Sylmar,,http://www.tiachucha.com/,,,http://www.tiachucha.com/contact_us,,Contact Us,1,CA,91342,book_store
Comicopolis,"829 Front St, Santa Cruz, CA 95060",Comic book store,Santa Cruz,,http://www.comicopolisonline.com/,,,http://www.comicopolisonline.com/#contact,,Contact,1,CA,95060,book_store
Atlantis Fantasyworld,"1020 Cedar St, Santa Cruz, CA 95060",Comic book store,Santa Cruz,,http://www.atlantisfantasyworld.com/,,,http://www.atlantisfantasyworld.com/contact.htm,,,1,CA,95060,book_store
Grey Bears Book Store,"2710 Chanticleer Ave, Santa Cruz, CA 95065",Used book store,Santa Cruz,,http://www.greybears.org/,,,http://www.greybears.org/about-2/contact-us/,,Hours/Locations/Contact ,1,CA,95065,book_store
Serpent's Kiss,"2015 N Pacific Ave, Santa Cruz, CA 95060",Book store,Santa Cruz,,http://www.serpents-kiss.com/,,,http://www.serpents-kiss.com/our-location,,Find Us,1,CA,95060,book_store
Friends of the Capitola Library Bookstore,"1855 41st Ave, Capitola, CA 95010",Used book store,Capitola,,https://capitolalibraryfriends.org/,,,https://capitolalibraryfriends.org/contact/,,Contact,1,CA,95010,book_store
Cabrillo College Bookstore,"6500 Soquel Dr, Aptos, CA 95003",Book store,Aptos,,http://cabrillo.bncollege.com/,,,http://cabrillo.bncollege.com/webapp/wcs/stores/servlet/BNCBLocationAndContactView?catalogId=10001&langId=-1&storeId=68236,,Contact Us,1,CA,95003,book_store
RPI Publishing,"230 Mt Hermon Rd, Scotts Valley, CA 95066",Christian book store,Scotts Valley,,http://www.rpipublishing.com/,,,http://www.rpipublishing.com/contact-us.html,,Contact,1,CA,95066,book_store
Awakenings,"6180 CA-9, Felton, CA 95018",Book store,Felton,,http://www.slocc.com/,,,http://www.slocc.com/contact-us,,Contact,1,CA,95018,book_store
Mount Hermon Book Shop,"36 Conference Dr, Mt Hermon, CA 95041",Christian book store,Mt Hermon,,http://mounthermon.org/,,,https://www.mounthermon.org/contact/,,"
Contact
",1,CA,95041,book_store
ron ruiz author ron ruiz author,"110 Capitola Ave, Capitola, CA 95010",Book store,Capitola,,http://www.ronaldlruiz.com/,,,http://www.ronaldlruiz.com/contact-me/,,Contact me,1,CA,95010,book_store
Frenchy's Adult Sex Toy Store,"3960 Portola Dr, Santa Cruz, CA 95062",Book store,Santa Cruz,,http://www.frenchys.com/,,,http://www.frenchys.com/s/customer-service,,Contact,1,CA,95062,book_store
Kelly's Books formerly Crossroads Books,"1838 Main St, Watsonville, CA 95076",Book store,Watsonville,,http://www.watsonvillebooks.com/,,,http://www.watsonvillebooks.com/contact.html,,Contact,1,CA,95076,book_store
OutsideIn Kids,"7560 Soquel Dr, Aptos, CA 95003",Book store,Aptos,,https://oihome.com/,,,https://oihome.com/pages/contact-us,,Contact Us,1,CA,95003,book_store
Dharma Treasures,"2013 Eureka Canyon Rd, Watsonville, CA 95076",Book store,Watsonville,,http://www.dharmatreasures.com/,,,http://www.dharmatreasures.com/contact-us/,,Contact Us,1,CA,95076,book_store
Gavin's Books,"230 Betteravia Rd K, Santa Maria, CA 93454",Used book store,Santa Maria,,http://gavinsbooks.com/,,,https://gavinsbooks.com/contact-us/,,Contact,1,CA,93454,book_store
Janaway Genealogy Books,"732 Kelsey Ct, Santa Maria, CA 93454",Book store,Santa Maria,,http://www.janawaygenealogy.com/,,,http://www.janawaygenealogy.com/Contact_Us.htm,,"
Contact Us",1,CA,93454,book_store
Leisure Time Games,"159 Town Center E, Santa Maria, CA 93454",Game store,Santa Maria,,http://www.leisuretimegames.com/,,,http://www.leisuretimegames.com/contact/,,Contact Us,1,CA,93454,book_store
Hi De Ho Comics & Books,"412 Broadway, Santa Monica, CA 90401",Comic book store,Santa Monica,"Comic-book shop offering new & old series, graphic novels, trading cards, posters & T-shirts.",http://hidehocomics.com/,,,http://hidehocomics.com/contact.html,,,1,CA,90401,book_store
Waverly Books,"948 9th St, Santa Monica, CA 90403",Book store,Santa Monica,,http://www.waverlybooks.com/,,,https://www.waverlybooks.com/?login=1&page=shop/contactus,,Login,1,CA,90403,book_store
Daniel Rolnik Gallery,"2675 S La Cienega Blvd, Los Angeles, CA 90034",Book store,Los Angeles,,http://danielrolnikgallery.com/,,,http://danielrolnikgallery.com/contact,,"
            Contact
          ",1,CA,90034,book_store
Chanticleer Books,"4000 Montgomery Dr, Santa Rosa, CA 95405",Book store,Santa Rosa,,https://www.chanticleerbooks.com/,,,https://www.chanticleerbooks.com/contact.php,,Contact Us,1,CA,95405,book_store
Second Chances Used Books,"6932 Sebastopol Ave ste e, Sebastopol, CA 95472",Used book store,Sebastopol,,https://www.2ndchancesusedbooks.com/,,,https://www.2ndchancesusedbooks.com/contact,,"
              Contact
            ",1,CA,95472,book_store
ANTINOMIAN PRESS,"684 N Main St, Sebastopol, CA 95472",Book store,Sebastopol,,http://antinomianpress.org/,,,http://antinomianpress.org/contact.html,,contact,1,CA,95472,book_store
Just Between Friends North Bay MEGA Kids' Event Oct 14,"1350 Bennett Valley Rd, Santa Rosa, CA 95404",Book store,Santa Rosa,,http://northbay.jbfsale.com/,,,https://jbfsale.com/contactUs.jsp,,CONTACT US,1,CA,95404,book_store
Heavenly Treasures,"576 Mendocino Ave, Santa Rosa, CA 95401",Thrift store,Santa Rosa,,http://incarnationsantarosa.org/,,,http://incarnationsantarosa.org/#,,Contact,1,CA,95401,book_store
Lucky Mojo Curio Co,"6632 Covey Rd, Forestville, CA 95436",Book store,Forestville,,http://luckymojo.com/,,,http://archive.constantcontact.com/fs004/1102474630936/archive/1102475770289.html,,"

LUCKY MOJONEWSLETTER",1,CA,95436,book_store
San Buenaventura Mission Gift Shop,"225 E Main St, Ventura, CA 93001",Gift shop,Ventura,,http://www.sanbuenaventuramission.org/,,,http://www.sanbuenaventuramission.org/parish-life/contact-us,, Contact Us ,1,CA,93001,book_store
Bart's Books,"302 W Matilija St, Ojai, CA 93023",Book store,Ojai,,http://www.bartsbooksojai.com/,,,http://www.bartsbooksojai.com/contact-us/,,Contact,1,CA,93023,book_store
CARL Boutique Thrift Store,"2750 E Main St suite b, Ventura, CA 93003",Thrift store,Ventura,,https://carldogs.org/,,,http://carldogs.org/how-to-help/donate/,,,1,CA,93003,book_store
Calvary Chapel Christian Church of the Ojai Valley,"195 Mahoney Ave, Oak View, CA 93022",Book store,Oak View,,http://www.calvaryojai.org/,,,http://www.calvaryojai.org/#,,,1,CA,93022,book_store
CaanThrift Store,"340 E Main St, Ventura, CA 93001",Thrift store,Ventura,,http://www.caanthriftstore.com/,,,http://www.caanthriftstore.com/contact.html,,"
				Contact
			",1,CA,93001,book_store
Groundwork Bookstore,"0323 UCSD Old Student Center, La Jolla, CA 92037",Book store,La Jolla,College bookstore stocking left-wing political & activist writings & class texts.,http://groundworkbooks.wixsite.com/,,,https://groundworkbooks.wixsite.com/collective/contact,,CONTACT,1,CA,92037,book_store
Paulist Center Bookstore,"614 Grant Ave, San Francisco, CA 94108",Book store,San Francisco,"Catholic church shop with religious gifts, books, music, Christmas items & event certificates.",https://www.oldsaintmarys.org/,,,https://www.oldsaintmarys.org/contact,,CONTACT,1,CA,94108,book_store
Yagya Nepal Law Office,"303 W Joaquin Ave #240, San Leandro, CA 94577",Law book store,San Leandro,,http://yagyaimmigration.com/,,,http://yagyaimmigration.com/contact/,,Contact us,1,CA,94577,book_store
Maryknoll Fathers & Brothers,"16642 Ashland Ave, San Lorenzo, CA 94580",Book store,San Lorenzo,Catholic church store featuring a variety of religious-based books & gifts in a relaxed atmosphere.,http://www.maryknoll.us/,,,http://www.maryknoll.us/home/Connect,,Contact Us,1,CA,94580,book_store
A Satellite of Love,"1335 Walker St, San Luis Obispo, CA 93401",Book store,San Luis Obispo,,https://www.asatelliteoflove.com/,,,https://www.asatelliteoflove.com/contact-1,,"
            Contact
          ",1,CA,93401,book_store
Thomas A Goldwasser Rare Books,"5 3rd St #530, San Francisco, CA 94103",Rare book store,San Francisco,"Established shop offers rare books, manuscripts & collectibles, plus appraisal services.",https://www.goldwasserbooks.com/,,,https://www.goldwasserbooks.com/contact.php,,Contact,1,CA,94103,book_store
Blue Moon Comics,"1545 4th St Ste A, San Rafael, CA 94901",Comic book store,San Rafael,Well-stocked shop for comic books & card games shelves new offerings on Wednesdays. Open daily.,http://www.bluemooncomics.com/,,,http://www.bluemooncomics.com/contact-us,,"
                Contact Us
              ",1,CA,94901,book_store
Nila Collectibles,"2 Civic Center Dr #4096, San Rafael, CA 94903",Book store,San Rafael,,http://www.nilacollectibles.com/,,,http://www.nilacollectibles.com/contact-us,,Contact Us,1,CA,94903,book_store
Heldfond Book Gallery Ltd  Fine and Rare Books,"310 San Anselmo Ave, San Anselmo, CA 94960",Used book store,San Anselmo,Rare & valuable books range from illuminated manuscripts to first editions in this cozy shop.,http://heldfond.com/,,,https://www.heldfond.com/contact.php,,Contact/Store Information,1,CA,94960,book_store
Hospice By The Bay Used Book Room,"51 Tamal Vista Blvd, Corte Madera, CA 94925",Book store,Corte Madera,"Nonprofit, secondhand bookshop stocking a range of genres from fiction to nonfiction to art books.",http://www.hbtb.org/,,,https://hospicebythebay.org/contact-us/,,Contact Us,1,CA,94925,book_store
Old Capitol Books,"559 Tyler St, Monterey, CA 93940",Used book store,Monterey,,http://oldcapitolbooks.com/,,,https://oldcapitolbooks.com/contact/,,Contact,1,CA,93940,book_store
Luminata Books & Gifts,"631 Cass St, Monterey, CA 93940",Used book store,Monterey,,http://www.luminatabooks.com/,,,http://www.luminatabooks.com/contact.html,,"
Contact
",1,CA,93940,book_store
Friends' Community Bookstore,"330 Reservation Rd F, Marina, CA 93933",Book store,Marina,,http://www.friendsofthemarinalibrary.org/,,,http://www.friendsofthemarinalibrary.org/?q=contactus,,Contact,1,CA,93933,book_store
Carpe Diem Fine Books,"245 Pearl St, Monterey, CA 93940",Book store,Monterey,,http://www.carpediemfinebooks.com/,,,https://www.carpediemfinebooks.com/contact.php,,Contact,1,CA,93940,book_store
Speros' Heroes,"9045 Eton Ave C, Canoga Park, CA 91304",Comic book store,Canoga Park,,http://www.sperosheroes.com/,,,https://www.sperosheroes.com/contact,,Contact,1,CA,91304,book_store
Builder's Book  Contractors Books Forms Study Guides DVDs,"8001 Canoga Ave, Canoga Park, CA 91304",Book store,Canoga Park,,http://www.buildersbook.com/,,,https://www.buildersbook.com/contact-us,,Contact Us,1,CA,91304,book_store
We Can Be Heroes Comics,"20936 Devonshire St, Chatsworth, CA 91311",Comic book store,Chatsworth,,http://wecanbeheroescomics.com/,,,https://www.wecanbeheroescomics.com,,CONTACT,1,CA,91311,book_store
Woodland Textbooks,"20938 Victory Blvd, Woodland Hills, CA 91367",Book store,Woodland Hills,"Family-owned, off-campus university bookstore serving the Pierce College student community.",http://www.woodlandtextbooks.com/,,,http://www.woodlandtextbooks.com/./11501.html,,,1,CA,91367,book_store
Hope of the Valley Thrift Store,"2790 E Los Angeles Ave, Simi Valley, CA 93065",Thrift store,Simi Valley,,http://www.hopeofthevalley.org/,,,https://www.hopeofthevalley.org/contact-us/,,Contact Us,1,CA,93065,book_store
871 Fine Arts,"20 Hawthorne St, San Francisco, CA 94105",Book store,San Francisco,"Lofty shop with a selection of new & out-of-print books on contemporary art, plus a gallery space.",http://www.artbook.com/,,,http://www.artbook.com/aboutus.html,,CONTACT,1,CA,94105,book_store
Mr Otto's Bookstore,"2310 Pacific Ave, Stockton, CA 95204",Used book store,Stockton,,http://mrottosbookstore.com/,,,http://mrottosbookstore.com/contact-us.html,,"
				Contact Us
			",1,CA,95204,book_store
University Of The Pacific Book Store,"901 Presidents Dr, Stockton, CA 95211",Book store,Stockton,,https://calendar.pacific.edu/,,,http://www.pacific.edu/x7631.xml,,Contact Us,1,CA,95211,book_store
Wind Canyon Books,"8130 Lorraine Ave # 324, Stockton, CA 95210",Book store,Stockton,,https://www.windcanyonbooks.com/,,,https://www.windcanyonbooks.com/contact.php,, Contact Us,1,CA,95210,book_store
Douglas A Gessell,"2155 W March Ln #2b, Stockton, CA 95207",Law book store,Stockton,,http://www.brown-gessell.com/,,,https://www.brown-gessell.com/contact-us/,,Contact Us,1,CA,95207,book_store
The Bible Source,"45633 Jaguar Way, Temecula, CA 92592",Religious book store,Temecula,,https://www.thebiblesource.com/,,,https://www.thebiblesource.com/contactus.php,,Contact Us,1,CA,92592,book_store
Harmony of Angelz Design,"28635 Old Town Front St, Temecula, CA 92590",Gift shop,Temecula,,http://angelzdesign.biz/,,,http://angelzdesign.biz/crm.asp?action=contactus,,Contact Us,1,CA,92590,book_store
Old Town Records,"42012 Main St, Temecula, CA 92590",Record store,Temecula,,http://www.oldtownrecords.com/,,,http://www.oldtownrecords.com/index.html#contact,,LOCATION,1,CA,92590,book_store
Bargain Box,"64 Live Oak Ave, Arcadia, CA 91006",Thrift store,Arcadia,"Modest, eclectic thrift store run by & benefiting the Assistance League of Arcadia.",http://www.alarcadia.org/,,,https://www.assistanceleague.org/arcadia/contact-us/,,Contact Us,1,CA,91006,book_store
Zen Center of Los Angeles,"923 Normandie Ave, Los Angeles, CA 90006",Book store,Los Angeles,,https://zencenter.com/,,,https://zcla.org/contact/,,Contact,1,CA,90006,book_store
Trophy Room Books,"29137 Old Mill Creek Ln, Agoura Hills, CA 91301",Book store,Agoura Hills,,https://www.trophyroombooks.com/,,,https://www.trophyroombooks.com/contact.php,,Contact,1,CA,91301,book_store
Mockingbird Books,"51 W 10th St, Tracy, CA 95376",Book store,Tracy,,http://mockingbirdnewandusedbooks.com/,,,https://www.mockingbirdnewandusedbooks.com/contact,,Reach Us,1,CA,95376,book_store
Center for Spiritual Living Visalia,"117 S Locust St, Visalia, CA 93291",Book store,Visalia,,http://cslvisalia.org/,,,http://cslvisalia.org/findus,," CONTACT US

",1,CA,93291,book_store
2nd Time Store,"1631 El Camino Real, Tustin, CA 92780",Thrift store,Tustin,,http://ministryincorporated.com/,,,https://ministryincorporated.com/contact/,,Contact,1,CA,92780,book_store
Foothill Family Thrift Store,"1250 W Foothill Blvd, Upland, CA 91786",Thrift store,Upland,,https://www.foothillfamilyshelter.org/,,,http://visitor.r20.constantcontact.com/d.jsp?llr=m46ac8dab&p=oi&m=1103640950764&sit=7ebvx9kfb&f=b8023097-011f-468a-91fe-f4cd2828b8b4,,NEWSLETTER,1,CA,91786,book_store
Bounty Books,"877 Merchant St, Vacaville, CA 95688",Book store,Vacaville,,http://bountybooks.net/,,,https://bountybooks.net/contact/request-an-event/,,Request An Event,1,CA,95688,book_store
Bonovich Robert G,"520 Second St, Rodeo, CA 94572",Law book store,Rodeo,,http://robertbonovich.com/,,,http://robertbonovich.com/contact.html,,Contact,1,CA,94572,book_store
Vallejo Vinyl & Pinball,"336 Georgia St, Vallejo, CA 94590",Record store,Vallejo,,http://www.vallejovinyl.com/,,,https://www.vallejovinyl.com/contact,,C O N T A C T,1,CA,94590,book_store
Eco Thrift,"490 Redwood St, Vallejo, CA 94590",Thrift store,Vallejo,,http://ecothrift.com/,,,https://ecothrift.com/contact/,,Contact,1,CA,94590,book_store
The Wonder Emporium Toys and Books,"816 E Whittier Blvd, La Habra, CA 90631",Book store,La Habra,,http://www.wonderemporiumtoys.com/,,,https://www.wonderemporiumtoys.com/contact,,Contact Us,1,CA,90631,book_store
Chi Chi LaRue's Circus,"8230 Santa Monica Blvd, West Hollywood, CA 90046",Book store,West Hollywood,,http://circusofbooks.com/,,,https://www.circusofbooks.com,,contact,1,CA,90046,book_store
GNOMON Student Store,"1034 Cole Ave, Los Angeles, CA 90038",Book store,Los Angeles,,https://www.gnomon.edu/,,,https://www.gnomon.edu/contact,,Contact,1,CA,90038,book_store
LEADAPRON,"554 Huntley Dr, Los Angeles, CA 90048",Book store,Los Angeles,,http://leadapron.net/,,,https://leadapron.net/contact-us/,,Contact,1,CA,90048,book_store
Elephant Alley Children's Books,"6333 W 3rd St, Los Angeles, CA 90036",Childrens book store,Los Angeles,,http://www.elephantalley.com/,,,http://www.elephantalley.com/contact-us,,"
Contact Us
",1,CA,90036,book_store
S&L SMOKE AND VAPE SHOP,"34931 Yucaipa Blvd, Yucaipa, CA 92399",Gift shop,Yucaipa,,http://www.snlemporium.org/,,,http://www.snlemporium.org/contact-us/,,Contact Us,1,CA,92399,book_store
Psalm 33 Music,"34181 Yucaipa Blvd, Yucaipa, CA 92399",Music store,Yucaipa,,http://psalm33music.com/,,,http://psalm33music.com/contact,,"
                CONTACT
              ",1,CA,92399,book_store
Angel View Resale Boutique,"34544 Yucaipa Blvd, Yucaipa, CA 92399",Thrift store,Yucaipa,,http://angelview.org/,,,http://angelview.org/contact-us,,          Contact Us        ,1,CA,92399,book_store
