name,address,type,place,website_url,menu_url,description,gift_card_txt,gift_card_website,contact_website,contact_txt,searched,state,zipcode,store_type
Forever Young,"200 Westgate Dr, Brockton, MA 02301",Women's clothing store,Brockton,http://foreveryoungma.com/,,,,,http://foreveryoungma.com/mailto:webmaster@foreveryoungma.com,Contact your hosting provider,1,MA,02301,clothing_store
Natale's Men's Clothier,"370 Washington St, Norwell, MA 02061",Men's clothing store,Norwell,http://www.natalesclothing.com/,,,,,http://www.natalesclothing.com/category-s/1852.htm,Contact,1,MA,02061,clothing_store
Phoenix Latex,"8 Waltham St, Maynard, MA 01754",Clothing store,Maynard,http://www.phoenixlatex.com/,,,,,https://www.phoenixlatex.com/contact,Contact,1,MA,01754,clothing_store
French Lessons,"8 Walden St, Concord, MA 01742",Women's clothing store,Concord,http://frenchlessons-boutique.com/,,,,,http://frenchlessons-boutique.com/contact.html,Contact Domain Owner,1,MA,01742,clothing_store
Fritz & Gigi,"79 Main St, Concord, MA 01742",Children's clothing store,Concord,http://www.fritzandgigi.com/,,,,,https://www.fritzandgigi.com/contact,CONTACT,1,MA,01742,clothing_store
Marx Running & Fitness Center,"425 Great Rd, Acton, MA 01720",Sporting goods store,Acton,http://www.marxrunning.com/,,,,,https://www.marxrunning.com/contact-us,Contact Us,1,MA,01720,clothing_store
Lyn Evans,"29 Main St, Concord, MA 01742",Women's clothing store,Concord,https://www.lynevans.com/,,,,,https://www.lynevans.com/pages/locations,"
            Contact Us
            

+



-

",1,MA,01742,clothing_store
Tess & Carlos,"81 Main St, Concord, MA 01742",Women's clothing store,Concord,http://www.tessandcarlos.com/,,,,,http://www.tessandcarlos.com/contact-us/,Contact Us,1,MA,01742,clothing_store
Post Road Clothier,"8 Concord Rd, Sudbury, MA 01776",Men's clothing store,Sudbury,http://www.postroadclothier.com/,,,,,http://postroadclothier.com/contact/,Contact,1,MA,01776,clothing_store
Military Clothing Store,"58 MacArthur Ave, Devens, MA 01434",Clothing store,Devens,http://www.military.com/,,,,,https://www.military.com/member-reg/login.html?vlv_redir=https://www.military.com/base-guide/fort-devens/contact/military-clothing-sales/8085,Login,1,MA,01434,clothing_store
Guy Cotten Inc,"383 S Front St, New Bedford, MA 02744",Clothing store,New Bedford,https://www.guycottenusa.com/,,,,,https://www.guycottenusa.com/contacts-us/,Contacts Us,1,MA,02744,clothing_store
Folia,"354 Elm St, South Dartmouth, MA 02748",Clothing store,South Dartmouth,http://www.folia.biz/,,,,,http://www.folia.biz/contact.html,CONTACT,1,MA,02748,clothing_store
MacKimmie Co,"69 Church St, Lenox, MA 01240",Clothing store,Lenox,http://www.mackimmieco.com/,,,,,http://www.mackimmieco.com/contact-us,Contact Us,1,MA,01240,clothing_store
Steilmann European Fashion,"28 Walker St, Lenox, MA 01240",Clothing store,Lenox,https://steilmannusa.wordpress.com/,,,,,https://steilmannusa.wordpress.com/contact/,Contact,1,MA,01240,clothing_store
Graceful Threads,"PO Box 380, Otis, MA 01253",Women's clothing store,Otis,http://gracefulthreads.com/,,,,,http://gracefulthreads.com/crm.asp?action=contactus,Contact Us,1,MA,01253,clothing_store
Bellamia Bikinis dba Honey Bunnies Fashions,"395 Dwight St, Springfield, MA 01103",Clothing store,Springfield,http://www.bellamiabikinis.com/,,,,,//help.shopify.com/support,contact support,1,MA,01103,clothing_store
Ettezus Trendy Clothing,"603 Sumner Ave, Springfield, MA 01108",Clothing store,Springfield,http://www.ettezustrendyclothing.com/,,,,,http://www.ettezustrendyclothing.com/mailto:webmaster@ettezustrendyclothing.com,Contact your hosting provider,1,MA,01108,clothing_store
New England Uniform,"355 Union St, West Springfield, MA 01089",Uniform store,West Springfield,http://www.newenglanduniform.com/,,,,,http://www.newenglanduniform.com/#,Contact,1,MA,01089,clothing_store
Double J Western Store,"1472 Riverdale St, West Springfield, MA 01089",Western apparel store,West Springfield,http://www.doublejwestern.com/,,,,,"http://maps.google.com/?q=1472%20Riverdale%20Street,%20WestSpringfield,%20MA",FInd Us on Google Maps,1,MA,01089,clothing_store
Tina's European Fashions,"30 State St, Newburyport, MA 01950",Clothing store,Newburyport,https://www.tinaseuropeanfashions.com/,,,,,https://www.tinaseuropeanfashions.com/pages/contact-us,Contact Us,1,MA,01950,clothing_store
Wild Dove,"57 Main St #8, Amesbury, MA 01913",Boutique,Amesbury,http://www.wilddoveretail.com/,,,,,https://www.wilddoveretail.com/contact,CONTACT,1,MA,01913,clothing_store
Farley's,"47 State St, Newburyport, MA 01950",Men's clothing store,Newburyport,http://farleysofnewburyport.com/,,,,,http://farleysofnewburyport.com/pages/contact,contact us,1,MA,01950,clothing_store
LunaChics,"131 Water St, Exeter, NH 03833",Women's clothing store,Exeter,https://lunachics.com/,,,,,https://lunachics.com/contact-us-1,Contact Us,1,NH,03833,clothing_store
Urban Exchange,"233 Main St, Northampton, MA 01060",Women's clothing store,Northampton,http://www.urbanexchangekeene.com/,,"Women's consignment store offering apparel, shoes & accessories, including designer selections.",,,http://www.urbanexchangekeene.com/contact.html,"
				Contact
			",1,MA,01060,clothing_store
Port,"202 Main St, Northampton, MA 01060",Clothing store,Northampton,http://www.portnorthampton.com/,,,,,http://www.portnorthampton.com/contact,Contact,1,MA,01060,clothing_store
Sassy Pants Vintage and Used Clothing,"2 Conz St # 42, Northampton, MA 01060",Vintage clothing store,Northampton,https://sassypantsvintage.shop/,,,,,https://sassypantsvintage.shop/contact,Contact,1,MA,01060,clothing_store
Herlihy's,"76 Maple St, Florence, MA 01062",Women's clothing store,Florence,http://herlihysclothing.com/,,,,,http://herlihysclothing.com/mailto:webmaster@herlihysclothing.com,Contact your hosting provider,1,MA,01062,clothing_store
Andover Thrift Shop,"10 Park St, Andover, MA 01810",Thrift store,Andover,http://www.andoverthriftshop.com/,,,,,http://www.andoverthriftshop.com/contact-us/,Contact Us,1,MA,01810,clothing_store
Andover Discount Dance & Costume,"33 S Broadway, Lawrence, MA 01843",Clothing store,Lawrence,http://www.andoverdiscountdance.com/,,,,,http://www.andoverdiscountdance.com/contact/4955373,CONTACT,1,MA,01843,clothing_store
Edgar,"6 Kelly St, Edgartown, MA 02539",Clothing store,Edgartown,https://www.kelley-house.com/,,,,,https://www.kelley-house.com/contact-information.htm,Contact,1,MA,02539,clothing_store
Third World Trading Co,"52 Circuit Ave, Oak Bluffs, MA 02557",Clothing store,Oak Bluffs,http://thirdworldtrading.com/,,,,,https://www.thirdworldtrading.com/contact.htm,Contact,1,MA,02557,clothing_store
Soft as a Grape,"41 Dock St, Edgartown, MA 02539",Clothing store,Edgartown,https://softasagrape.com/,,,,,https://softasagrape.com/contact/,Contact,1,MA,02539,clothing_store
East Coast Custom Apparel,"197 Mill St, Leominster, MA 01453",Clothing store,Leominster,http://www.eastcoastca.com/,,,,,http://www.eastcoastca.com/contact.html,Contact,1,MA,01453,clothing_store
Rene's Formal Wear,"120 2nd St, Leominster, MA 01453",Tuxedo shop,Leominster,http://www.renesformalwear.com/,,,,,http://www.renesformalwear.com/mailto:denis@renesformalwear.com,Contact Denis,1,MA,01453,clothing_store
Clay's,"32 Main St, Amherst, MA 01002",Clothing store,Amherst,https://www.claysclothing.com/,,,,,https://www.claysclothing.com/hours-locations-and-contact-info/,"Hours, Locations and Contact Info",1,MA,01002,clothing_store
Elizabeth Ann's Bridal Boutique,"275 Oxford St N, Auburn, MA 01501",Bridal shop,Auburn,http://www.elizabethannsbridal.com/,,"By-appointment boutique featuring designer wedding, bridesmaid & prom gowns, plus accessories.",,,http://www.elizabethannsbridal.com/contact-us,Contact us 508-832-8188,1,MA,01501,clothing_store
TG Fashions,"850 Southbridge St, Auburn, MA 01501",Boutique,Auburn,http://www.tgfashions.com/,,,,,http://www.tgfashions.com/contact-us,,1,MA,01501,clothing_store
JB Pride Uniforms,"65 Southbridge St, Auburn, MA 01501",Uniform store,Auburn,http://www.jbprideuniforms.com/,,,,,https://www.jbprideuniforms.com/uniforms/content/contact-us,Contact,1,MA,01501,clothing_store
Serene Comfort,"70 James St Suite 213, Worcester, MA 01603",Women's clothing store,Worcester,http://www.serenecomfort.com/,,,,,http://www.serenecomfort.com/Serene-Comfort-Customer-Service-.aspx,Customer Service,1,MA,01603,clothing_store
dressbarn,"2421 Cranberry Hwy, Wareham, MA 02571",Women's clothing store,Wareham,http://www.warehamcrossing.com/,,,,,http://www.warehamcrossing.com/contact/,Contact,1,MA,02571,clothing_store
Chantilly Place,"73 Princeton St UNIT 7, North Chelmsford, MA 01863",Bridal shop,North Chelmsford,http://www.chantillyplace.net/,,Charming bridal shop offering designer & custom-made wedding gowns & bridesmaid dresses.,,,https://www.chantillyplace.net/home,CONTACT,1,MA,01863,clothing_store
Natick Outdoor Store,"38 North Ave, Natick, MA 01760",Clothing store,Natick,http://www.natickoutdoorstore.com/,,,,,http://www.natickoutdoorstore.com/Contact.asp#Directions,"
",1,MA,01760,clothing_store
Chelsea's Swimwear and Apparel Hyannis,"584 Main St, Hyannis, MA 02601",Swimwear store,Hyannis,http://www.chelseasswimwear.com/,,,,,http://www.chelseasswimwear.com/contact-foster,Contact,1,MA,02601,clothing_store
Bridal Corner,"720 Memorial Dr #5065, Chicopee, MA 01020",Bridal shop,Chicopee,http://bridal-corner.com/,,"Three-floor bridal boutique with a selection of dresses, gowns & accessories, plus tuxedos.",,,http://bridal-corner.com/about-us,Contact Us,1,MA,01020,clothing_store
K's Kloset,"239 Otis Stage Rd, Blandford, MA 01008",Clothing store,Blandford,http://www.kskloset.org/,,,,,http://www.kskloset.org/contact.html, Contact Us ,1,MA,01008,clothing_store
Steven Valenti Clothing for Men,"157 North St, Pittsfield, MA 01201",Clothing store,Pittsfield,http://www.stevenvalenticlothing.com/,,,,,http://www.stevenvalenticlothing.com/./contact.htm,,1,MA,01201,clothing_store
The Black Squirrel,"75 Blair Rd, Blandford, MA 01008",Clothing store,Blandford,http://theblacksquirrel.com/,,,,,http://theblacksquirrel.com/contact.html,"
				Contact
			",1,MA,01008,clothing_store
AccessoryCore Corporation,"625 Chapel St #1a, Lee, MA 01238",Uniform store,Lee,http://accessorycore.com/,,,,,http://accessorycore.com/contact.htm,Contact Us,1,MA,01238,clothing_store
Brazabra Corporation,"8 Run Way, Lee, MA 01238",Fashion designer,Lee,https://braza-bra.com/,,,,,https://www.braza-bra.com/where-to-find-us,Where to Find Us,1,MA,01238,clothing_store
Police Survival Equipment,"700 Boston Rd, Billerica, MA 01821",Clothing store,Billerica,http://www.blaueruniformsbostonma.com/,,,,,http://www.blaueruniformsbostonma.com/contact/,Contact,1,MA,01821,clothing_store
Grasshopper Shop,"36 Main St, Concord, MA 01742",Clothing store,Concord,http://www.grasshoppershopconcord.com/,,,,,http://www.grasshoppershopconcord.com/contact,Contact,1,MA,01742,clothing_store
Blakes School Uniform Co,"1205 Parker St, Springfield, MA 01129",Uniform store,Springfield,https://www.blakesschooluniform.com/,,,,,https://www.blakesschooluniform.com/t-contact.aspx,Contact Us,1,MA,01129,clothing_store
Maria Fili Dressmaker,"1433 Wilbraham Rd, Springfield, MA 01119",Custom tailor,Springfield,https://www.mariafilidressmaker.com/,,,,,https://www.mariafilidressmaker.com/contact,Contact,1,MA,01119,clothing_store
Competitive Edge SkiBike Inc,"19 North St, Easthampton, MA 01027",Clothing store,Easthampton,http://compedgeskibike.com/,,,,,https://www.compedgeskibike.com/storelocator/,Contact,1,MA,01027,clothing_store
TriValley Sports & Apparel,"106 Main St, Medway, MA 02053",Sporting goods store,Medway,http://tri-valleysports.com/,,,,,http://tri-valleysports.com/info/contact/,Contact,1,MA,02053,clothing_store
Walt's Clothing Inc,"837 Cumberland Hill Rd, Woonsocket, RI 02895",Clothing store,Woonsocket,http://www.waltsclothing.com/,,,,,http://www.waltsclothing.com/tel:4017657582,(401) 765-7582,1,RI,02895,clothing_store
Monella,"29 Brattle St, Cambridge, MA 02138",Women's clothing store,Cambridge,http://www.monellaboutique.com/,,,,,https://www.monellaboutique.com/contact,Contact,1,MA,02138,clothing_store
Designers Circus Corporation,"1 Braintree St, Allston, MA 01234",Women's clothing store,Allston,http://www.designerscircus.com/,,,,,http://www.designerscircus.com/contact.html,IN STORE SERVICES,1,MA,01234,clothing_store
Champions Sporting Goods,"53 Leonard St, Belmont, MA 02478",Sporting goods store,Belmont,http://www.championsofbelmont.com/,,,,,http://www.championsofbelmont.com/contact-us.php,Contact Us,1,MA,02478,clothing_store
alphabroder,"154 Campanelli Dr, Middleborough, MA 02346",Clothing store,Middleborough,http://www.alphabroder.com/,,,,,http://www.alphabroder.com/#,E-Mail & Fax Signup,1,MA,02346,clothing_store
Irene's Fashions,"253 Columbia St, Fall River, MA 02721",Children's clothing store,Fall River,http://www.irenes-fashions.com/,,,,,https://www.irenes-fashions.com/copy-of-contact,CUSTOMER CARE,1,MA,02721,clothing_store
Just Looking Consignment Shop,"575 S St W #5, Raynham, MA 02767",Clothing store,Raynham,http://www.justlookingconsignmentshop.com/,,,,,http://www.justlookingconsignmentshop.com/contact-us/,Contact Us,1,MA,02767,clothing_store
New York Lace Store Ltd,"89 Main St, Taunton, MA 02780",Bridal shop,Taunton,http://newyorklacecouture.com/,,"Established retailer offering designer wedding gowns, plus bridesmaid, cocktail & prom dresses.",,,http://newyorklacecouture.com/contact-us,"

                                        CONTACT
                                    


",1,MA,02780,clothing_store
Party Dress Express,"657 Quarry St, Fall River, MA 02723",Bridal shop,Fall River,http://www.partydressexpress.com/,,"Venerable store carrying a vast selection of designer bridal, prom & other special-occasion dresses.",,,http://www.partydressexpress.com/./t8/contact-us.html,Contact Us,1,MA,02723,clothing_store
Style Unlimited,"62 Court St #1, Plymouth, MA 02360",Clothing store,Plymouth,https://styleunltd.com/,,,,,https://styleunltd.com/contact,CONTACT & LOCATION INFORMATION,1,MA,02360,clothing_store
Bliss Lifestyle Boutique,"150 Main St, North Easton, MA 02356",Clothing store,North Easton,http://blisseaston.com/,,,,,http://blisseaston.com/contact,"
                contact
              ",1,MA,02356,clothing_store
Sunrise Boutique,"62 High St, Clinton, MA 01510",Women's clothing store,Clinton,http://www.sunriseboutique.com/,,,,,https://www.sunriseboutique.com/contact,CONTACT,1,MA,01510,clothing_store
A Piece of Heaven Ltd,"312 Main St, Hudson, MA 01749",Vintage clothing store,Hudson,https://www.apieceofheavenltd.com/,,,,,https://www.apieceofheavenltd.com/contact,Contact,1,MA,01749,clothing_store
Corner Sports & Leisure Inc,"60 High St, Clinton, MA 01510",Clothing store,Clinton,https://cornersportsonline.com/,,,,,https://cornersportsonline.com/contact,Contact Us,1,MA,01510,clothing_store
Miller BrothersNewton,"105 Main St, Keene, NH 03431",Men's clothing store,Keene,http://www.mbnmenswear.com/,,,,,https://millerbrosnewton.com/contact-us/,Contact Us,1,NH,03431,clothing_store
Miranda's On Main,"1 Main St, Keene, NH 03431",Women's clothing store,Keene,http://mirandasonmain.com/,,,,,http://mirandasonmain.com/contact.html,"
				Contact
			",1,NH,03431,clothing_store
Northeast Mountain Footwear,"107 Monadnock Hwy, North Swanzey, NH 03431",Clothing store,North Swanzey,http://www.nemtn.com/,,,,,http://www.nemtn.com/#28e4711d-b879-4496-9504-b1f3e348d93e,Contact Us,1,NH,03431,clothing_store
Sam's Outdoor Outfitters,"74 Main St, Brattleboro, VT 05301",Clothing store,Brattleboro,http://www.samsoutfitters.com/,,,,,https://samsoutfitters.com/contact-us/,Contact Us,1,VT,05301,clothing_store
Brilliance,"120 Main St, Brattleboro, VT 05301",Gift shop,Brattleboro,http://www.brilliancebest.com/,,,,,http://www.brilliancebest.com/Contact-Us.html,,1,VT,05301,clothing_store
Harmony Underground,"26 Harmony Place, Brattleboro, VT 05301",Clothing store,Brattleboro,http://www.harmonyunderground.com/,,,,,https://harmonyunderground.wordpress.com/contact/,Contact,1,VT,05301,clothing_store
EMPORIUM 32,"6 Central St, Salem, MA 01970",Clothing store,Salem,http://www.emporium32.com/,,,,,http://www.emporium32.com/contact.html,"
										Contact
									",1,MA,01970,clothing_store
Glitterati Prom Dress Outlet,"100 Independence Way w113, Danvers, MA 01923",Women's clothing store,Danvers,https://www.glitteratistyle.com/,,,,,https://www.glitteratistyle.com/t8/contact-us.html,,1,MA,01923,clothing_store
Amari Prom,"138 Cambridge St, Burlington, MA 01803",Formal wear store,Burlington,http://www.amariprom.com/,,,,,http://www.amariprom.com/pages/contact,Contact Us,1,MA,01803,clothing_store
Boston Glam Boutique,"594 Central St, Lowell, MA 01852",Clothing store,Lowell,http://www.bostonglam.com/,,,,,http://www.bostonglam.com/pages/contact,"
CONTACT US
",1,MA,01852,clothing_store
St Anne's Episc Church Thrift,"14 Treble Cove Rd, North Billerica, MA 01862",Thrift store,North Billerica,http://stannes-billerica.org/,,,,,http://stannes-billerica.org/contact-us/,Contact Us,1,MA,01862,clothing_store
Denim Skirt Store,"262 Middlesex St, Lowell, MA 01852",Women's clothing store,Lowell,http://www.denimskirtstore.com/,,,,,http://www.denimskirtstore.com/pages/contact-us,"
              Contact us
            ",1,MA,01852,clothing_store
Coldwater Creek,"6 Wayside Rd Suite 6M, Burlington, MA 01803",Women's clothing store,Burlington,http://www.coldwatercreek.com/,,,,,https://www.coldwatercreek.com/contact,Contact Us ,1,MA,01803,clothing_store
Fabric Place Basement,"321 Speen St, Natick, MA 01760",Fabric store,Natick,http://www.fabricplacebasement.com/,,"Roomy store with textiles for apparel & home decor, plus notions, patterns & trims.",,,https://www.fabricplacebasement.com/natick-fabric-store-contact/,"Natick, MA",1,MA,01760,clothing_store
Serendipity Boutique,"4941 Lake Shore Dr, Bolton Landing, NY 12814",Boutique,Bolton Landing,http://www.serendipityboutiqueny.com/,,,,,https://www.serendipityboutiqueny.com/contact,CONTACT,1,NY,12814,clothing_store
Daniela Corte,"211 Newbury St # 2, Boston, MA 02116",Clothing store,Boston,http://www.danielacorte.com/,,Contemporary boutique with lighted tables selling original designer women's fashion with an edge.,,,http://www.danielacorte.com/pages/contact,ATELIER,1,MA,02116,clothing_store
Joie,"141A Newbury St, Boston, MA 02116",Women's clothing store,Boston,http://www.joie.com/,,,,,https://www.joie.com/customer-care/,Contact Us,1,MA,02116,clothing_store
Clothing From Italy,"49 Bromfield St, Boston, MA 02108",Men's clothing store,Boston,http://www.clothingfromitaly.com/,,"Classic menswear outfitter for suits, tuxedos, shoes & accessories, plus custom tailoring.",,,http://www.clothingfromitaly.com/contact,"

									Contact 
								
",1,MA,02108,clothing_store
Paridaez,"127 Charles St #1f, Boston, MA 02114",Women's clothing store,Boston,https://paridaez.com/,,,,,https://paridaez.com/pages/contact-paridaez,Contact,1,MA,02114,clothing_store
John Varvatos,"100 Huntington Ave, Boston, MA 02116",Men's clothing store,Boston,https://www.johnvarvatos.com/,,"Designer clothing retailer, stocking its own line of men's fashions, including leather jackets.",,,https://www.johnvarvatos.com/CustomerService_ContactUs.html,Contact Us,1,MA,02116,clothing_store
For Now,"68 Seaport Blvd, Boston, MA 02210",Clothing store,Boston,http://itsfornow.com/,,,,,http://itsfornow.com/contact-us,"
                  For Shoppers
                ",1,MA,02210,clothing_store
Green Eyed Daisy,"199 Main St, Falmouth, MA 02540",Women's clothing store,Falmouth,http://greeneyeddaisy.com/,,,,,https://greeneyeddaisy.com/pages/contact-us,Contact Us,1,MA,02540,clothing_store
Cape Chic,"176 Main St, Falmouth, MA 02540",Clothing store,Falmouth,http://www.capechic.com/,,,,,http://www.capechic.com/pages/contact-us,Contact Us,1,MA,02540,clothing_store
Cloak & Dagger Creations,"61 Gilson Rd, Littleton, MA 01460",Custom tailor,Littleton,https://www.cloakmaker.com/,,,,,https://www.cloakmaker.com/contact.html,"Contact
us! ",1,MA,01460,clothing_store
Chhabra Bridal Wear,"2400 Massachusetts Ave, Cambridge, MA 02140",Clothing store,Cambridge,http://www.chhabrabridal.com/,,"Imported Indian clothing for men & women, including wedding wear, plus jewelry & accessories.",,,http://www.chhabrabridal.com/contact.html,Contact Us,1,MA,02140,clothing_store
Brides Across America Outlet,"342 N Main St #100, Andover, MA 01810",Bridal shop,Andover,http://retail.bridesacrossamerica.com/,,,,,http://retail.bridesacrossamerica.com/common/contact,Contact Us,1,MA,01810,clothing_store
AmeriPride an Aramark Company,"15-B Sylvan St, Middleton, MA 01949",Uniform store,Middleton,https://www.aramarkuniform.com/,,,,,https://www.aramarkuniform.com/industries/food-service,Food Service,1,MA,01949,clothing_store
Blushing Bride,"215 Newbury St # 207, Peabody, MA 01960",Bridal shop,Peabody,http://blushingbride.me/,,"Quaint bridal salon with in-house tailoring selling designer wedding gowns, dresses & accessories.",,,http://blushingbride.me/contact/,Contact,1,MA,01960,clothing_store
Johnny Was,"800 Boylston St space 141, Boston, MA 02199",Women's clothing store,Boston,https://www.johnnywas.com/,,,,,https://www.johnnywas.com/contact,Contact,1,MA,02199,clothing_store
St John Boutique,"292 Boylston St, Boston, MA 02116",Women's clothing store,Boston,http://www.stjohnknits.com/,,,,,https://www.stjohnknits.com/contact-us/?SID=4318d300965586e2fd536f4a2f8dafef,Need Assistance? Please call: 877.750.1171,1,MA,02116,clothing_store
AtCozy Boutique,"199 Boylston St, Chestnut Hill, MA 02467",Dress store,Chestnut Hill,https://atcozy.com/,,,,,https://atcozy.com/tel:6172443404,(617) 244-3404,1,MA,02467,clothing_store
511 Tactical,"200 Grossman Dr Ste 110, Braintree, MA 02184",Clothing store,Braintree,https://www.511tactical.com/,,,,,https://www.511tactical.com/customer-service/contact/,Contact Us,1,MA,02184,clothing_store
1000 Degrees Express,"250 Granite St, Braintree, MA 02184",Men's clothing store,Braintree,https://1000degreesexpress.com/,,,,,https://policies.google.com/privacy,Privacy Policy,1,MA,02184,clothing_store
Cape Cat,"987 MA-28, South Yarmouth, MA 02664",Clothing store,South Yarmouth,https://www.capecat.com/,,,,,https://www.capecat.com/catalog/contact_us.php,Contact Us,1,MA,02664,clothing_store
Reynolds Flowers,"410 Plymouth St, Middleborough, MA 02346",Clothing store,Middleborough,http://www.reynoldsflowers.net/,,,,,http://www.reynoldsflowers.net/page/contact-us,Contact Us,1,MA,02346,clothing_store
L&M Bargain,"Points West Plaza, 21 Torrey St, Brockton, MA 02301",Uniform store,Brockton,http://www.bostonschooluniforms.com/,,,,,http://www.bostonschooluniforms.com/pages/contact-us,Contact Us,1,MA,02301,clothing_store
Rose Therese Caps & Gown Co,"59 Pleasant St, Brockton, MA 02301",Uniform store,Brockton,http://www.rosetherese.com/,,,,,http://rosetherese.com/contact-us/,Contact Us,1,MA,02301,clothing_store
Chryssie's Bridal,"636 Washington St, Canton, MA 02021",Bridal shop,Canton,http://www.chryssies.com/,,"Bridal salon offering designer wedding gowns, bridesmaid dresses & alteration services since 1984.",,,https://chryssies.com/contact/,BOOK AN APPOINTMENT,1,MA,02021,clothing_store
ThistleRose Bridal,"393 N Main St, Mansfield, MA 02048",Bridal shop,Mansfield,https://thistlerosebridal.com/,,,,,https://thistlerosebridal.com/tel:9789025274,978-902-5274,1,MA,02048,clothing_store
JC Fast Tailors & Dry cleaner,"1540 Bedford St, Abington, MA 02351",Clothing alteration service,Abington,http://www.jctailors.com/,,,,,https://www.jctailors.com/contact-us,Contact Us,1,MA,02351,clothing_store
Draper Therapies,"28 Draper Ln, Canton, MA 02021",Clothing store,Canton,http://drapertherapies.com/,,,,,https://www.drapertherapies.com/contact/,Contact Us,1,MA,02021,clothing_store
Doughboy Uniforms,"295 Union St, Rockland, MA 02370",Uniform store,Rockland,http://doughboyuniforms.com/,,,,,http://doughboyuniforms.com/ContactUs,Contact Us,1,MA,02370,clothing_store
Viola Lovely,"1409 Washington St, Boston, MA 02118",Clothing store,Boston,http://violalovely.com/,,Fashion-forward clothing boutique with a low-key vibe despite featuring goods from edgy designers.,,,http://violalovely.com/pages/contact,"
							Contact
						",1,MA,02118,clothing_store
The Andover Shop,"22 Holyoke St, Cambridge, MA 02138",Clothing store,Cambridge,http://www.theandovershop.com/,,"Longtime traditional menswear shop offering classic, preppy styles & made-to-measure suiting.",,,https://theandovershop.com/contacts/,"Contact
",1,MA,02138,clothing_store
Pronovias Boston,"100 Huntington Ave, Unit G018A, Copley Pl, Boston, MA 02116",Bridal shop,Boston,http://www.pronovias.com/,,,,,https://www.pronovias.com/contact/,"

Contact
",1,MA,02116,clothing_store
Thrifty Threads,"210 Harvard St, Brookline, MA 02446",Thrift store,Brookline,https://www.unitedparishbrookline.org/,,,,,https://www.unitedparishbrookline.org/about-us/contact-us,Contact Us,1,MA,02446,clothing_store
Fine Fit Fashion and Tailoring,"101 Cambridge St #270, Burlington, MA 01803",Tailor,Burlington,http://www.thefinefit.com/,,,,,http://www.thefinefit.com/contactus.php,Contact,1,MA,01803,clothing_store
HEY CHICK,"75 Middlesex Turnpike Suite #1309, Burlington, MA 01803",Women's clothing store,Burlington,https://shopheychick.com/,,,,,https://shopheychick.com/pages/contact-us,Contact Us,1,MA,01803,clothing_store
Custom Caps Co,"Formerly of The Burlington Mall, Burlington, MA 01803",Hat shop,Burlington,http://www.customcapsco.com/,,,,,http://www.customcapsco.com/pages/contact,Contact,1,MA,01803,clothing_store
Celina's Tailoring Stoughton,"4 Porter St, Stoughton, MA 02072",Custom tailor,Stoughton,http://www.celinastailoringstoughton.com/,,,,,http://www.celinastailoringstoughton.com/contact-us.html,Contact Us,1,MA,02072,clothing_store
360 Dance Fitters,"22 N Pitt St, Carlisle, PA 17013",Clothing store,Carlisle,http://360dancefitters.com/,,,,,http://360dancefitters.com/contact/4405447,CONTACT,1,PA,17013,clothing_store
Olivia Rose Children's Boutique,"1945 Ocean St, Marshfield, MA 02050",Clothing store,Marshfield,http://oliviarosechildrensboutique.com/,,,,,http://oliviarosechildrensboutique.com/contact-us,Contact Us,1,MA,02050,clothing_store
Trippi's Uniforms Inc,"268 Boston Turnpike, Shrewsbury, MA 01545",Uniform store,Shrewsbury,http://trippisuniforms.com/,,"Store selling uniforms & shoes for first responders, postal employees, schools & more.",,,http://www.trippisuniforms.com/mm5/merchant.mvc?Screen=CNCT&Store_Code=TU,Contact,1,MA,01545,clothing_store
Hardwick Farmers CoOp Exchange,"444 Lower Rd, Gilbertville, MA 01031",Clothing store,Gilbertville,http://www.hardwickfarmers.net/,,,,,http://www.hardwickfarmers.net/contact.html,Contact,1,MA,01031,clothing_store
Ultimate Plastics,"45B Sturbridge Rd Route 20, Charlton, MA 01507",Plastic fabrication company,Charlton,http://www.ultimateplastics.com/,,,,,http://www.ultimateplastics.com/CONTACT,CONTACT,1,MA,01507,clothing_store
Savvy On Main,"50 Main St, Orleans, MA 02653",Women's clothing store,Orleans,http://savvyonmain.com/,,,,,http://savvyonmain.com/contact/,CONTACT,1,MA,02653,clothing_store
Chatham Works,"323 Orleans Rd, North Chatham, MA 02650",Clothing store,North Chatham,http://www.chathamworks.com/,,,,,https://chathamworks.com/contact,Contact Us,1,MA,02650,clothing_store
Pilgrim Congregational Church Thrift Shop,"533 Main St, Harwich Port, MA 02646",Clothing store,Harwich Port,http://pcchp.org/,,,,,https://www.pcchp.org/contact,CONTACT,1,MA,02646,clothing_store
Canterbury Leather & Sandal,"640 Main St, Chatham, MA 02633",Shoe store,Chatham,http://canterburycapecod.com/,,,,,http://canterburycapecod.com/contact/,Directions,1,MA,02633,clothing_store
Tale of the Cod,"450 Main St, Chatham, MA 02633",Gift shop,Chatham,http://www.taleofthecod.com/,,,,,http://www.taleofthecod.com/contact-us-1,Contact Us,1,MA,02633,clothing_store
Katelynn's Closet,"33 N Main St, South Yarmouth, MA 02664",Clothing store,South Yarmouth,http://www.katelynns-closet.org/,,,,,http://www.katelynns-closet.org/wp-login.php?itsec-hb-token=mylogin&redirect_to=http%3A%2F%2Fwww.katelynns-closet.org%2Fcontact%2F,,1,MA,02664,clothing_store
Mark August Inc,"490 Main St, Chatham, MA 02633",Jewelry store,Chatham,http://www.markaugust.com/,,,,,http://www.markaugust.com/Find-Us,Find Us,1,MA,02633,clothing_store
The Grey House,"586 MA-28, Harwich Port, MA 02646",Boutique,Harwich Port,http://www.thegreyhouse.design/,,,,,http://www.thegreyhouse.design/#contact,Contact,1,MA,02646,clothing_store
Safe Beginnings Childproofing,"66 Homefield Ave, Dracut, MA 01826",Baby store,Dracut,http://sbchildproofing.com/,,,,,http://www.sbchildproofing.com/contact-us/,Contact Us,1,MA,01826,clothing_store
La Scala Bridal Shoppe,"1875 Main St, Tewksbury, MA 01876",Bridal shop,Tewksbury,http://www.lascalabridal.net/,,,,,http://www.lascalabridal.net/#1148798038,"  

Contact Us
",1,MA,01876,clothing_store
Donnelly's School Location,"101 Broadway Rd UNIT 8, Dracut, MA 01826",Uniform store,Dracut,http://www.donnellysclothing.com/,,,,,http://www.donnellysclothing.com/Shop/contact-us/,CONTACT US,1,MA,01826,clothing_store
Van Heusen  IZOD Company Store,"1 Outlet Blvd, Wrentham, MA 02093",Clothing store,Wrentham,https://vanheusen.com/,,,,,https://help.vanheusen.partnerbrands.com/s/brand-form,Contact Us,1,MA,02093,clothing_store
Tidal Effects,"24 Spring Bars Rd #2a, Falmouth, MA 02540",Clothing store,Falmouth,http://www.tidaleffectscapecod.com/,,,,,http://www.tidaleffectscapecod.com/contact.html,"
		    Contact
		  ",1,MA,02540,clothing_store
Martha's Vineyard Beach Boutique  Unique Gifts and Beach Supplies,"23 Winter St #15, Edgartown, MA 02539",Gift shop,Edgartown,https://mvbeachboutique.wixsite.com/,,,,,https://www.marthasvineyardescaperoom.com,CONTACT,1,MA,02539,clothing_store
Fox  Kit Children's Boutique,"4 Central Square, Mashpee, MA 02649",Children's clothing store,Mashpee,http://www.shopfoxandkit.com/,,,,,http://www.shopfoxandkit.com/pages/contact-us,Contact Us,1,MA,02649,clothing_store
Vineyard Time,"76 Main St, Vineyard Haven, MA 02568",Boutique,Vineyard Haven,http://vineyardtime.com/,,,,,http://vineyardtime.com/pages/contact-us,Contact Us ,1,MA,02568,clothing_store
The Glasshouse,"24 Union St, Vineyard Haven, MA 02568",Gift shop,Vineyard Haven,https://www.theglasshousema.com/,,,,,https://www.theglasshousema.com/#contact,"
Contact

",1,MA,02568,clothing_store
Good Sport Inc,"166 Chief Justice Cushing Hwy, Cohasset, MA 02025",Sporting goods store,Cohasset,http://www.goodsportstore.com/,,,,,http://www.goodsportstore.com/contact-us,Contact Us,1,MA,02025,clothing_store
Northeast Surfing Bikes & Board Rentals,"99 Hull Shore Dr, Hull, MA 02045",Clothing store,Hull,http://www.northeastsurfing.com/,,,,,https://www.northeastsurfing.com/contact,CONTACT,1,MA,02045,clothing_store
Cape Kids,"2053 Washington St Suite 103, Hanover, MA 02339",Children's clothing store,Hanover,http://www.capekids.com/,,,,,https://www.capekids.com/contact,CONTACT,1,MA,02339,clothing_store
Mike & Wayne's Uniforms & Accessories,"163 Huttleston Ave, Fairhaven, MA 02719",Uniform store,Fairhaven,http://mikeandwaynes.com/,,,,,https://mikeandwaynes.com/contact-us/,Contact Us,1,MA,02719,clothing_store
Baby Boudoir Bargain Outlet,"58 Conduit St, New Bedford, MA 02745",Baby store,New Bedford,https://www.babystorenewbedford.com/,,,,,https://www.babystorenewbedford.com/contactus/,contact,1,MA,02745,clothing_store
Carmen Fashions Bridal,"1415 Pleasant St, Fall River, MA 02723",Bridal shop,Fall River,http://www.carmenfashions.com/,,"Bridal salon since 1997 with wedding gowns, prom & other special-occasion dresses, plus alterations.",,,http://www.carmenfashions.com/findus.php,FIND US,1,MA,02723,clothing_store
Clean Uniforms and More,"355 Church St, New Bedford, MA 02745",Uniform store,New Bedford,http://www.cleanuniforms.com/,,,,,https://www.cleanuniforms.com/contact-us/,CONTACT,1,MA,02745,clothing_store
Dahlia Living,"321 Elm St, South Dartmouth, MA 02748",Gift shop,South Dartmouth,https://dahlialiving.com/,,,,,https://dahlialiving.com/tel:7742066780,(774) 206-6780,1,MA,02748,clothing_store
A&A Jewelers,"279 State Rd, North Dartmouth, MA 02747",Jeweler,North Dartmouth,http://www.aajewelersinc.com/,,,,,http://aajewelersinc.com/26169-2/,Contact,1,MA,02747,clothing_store
Styleline Tailor Shop II,"585 Dartmouth St, South Dartmouth, MA 02748",Clothing alteration service,South Dartmouth,https://stylelinetailor.com/,,,,,https://stylelinetailor.com/contact/,Contact,1,MA,02748,clothing_store
Frances Johnston Designs,"400 Main St, Chatham, MA 02633",Children's clothing store,Chatham,http://www.francesjohnston.com/,,,,,https://www.francesjohnston.com/contact,CONTACT,1,MA,02633,clothing_store
Ragg Time Ltd,"43 Main St, Orleans, MA 02653",Women's clothing store,Orleans,http://www.raggtimeltd.com/,,,,,https://www.raggtimeltd.com/contact-ragg-time-ltd/,Contact,1,MA,02653,clothing_store
Frances Francis Design Studio,"12 Cove Rd, Orleans, MA 02653",Women's clothing store,Orleans,http://francesfrancisdesigns.com/,,,,,http://francesfrancisdesigns.com/index.php/contact,Contact,1,MA,02653,clothing_store
Our LadyThe Cape Thrift Shop,"11 MA-6A, Brewster, MA 02631",Thrift store,Brewster,http://www.ourladyofthecape.org/,,,,,http://www.ourladyofthecape.org/contact/,Contact,1,MA,02631,clothing_store
Mr Perry's Tux,"343 North St, Hyannis, MA 02601",Tuxedo shop,Hyannis,https://www.mrperrystux.com/,,,,,https://www.mrperrystux.com/contact,CONTACT,1,MA,02601,clothing_store
Sassy,"1472 High St, Westwood, MA 02090",Boutique,Westwood,https://sassywestwood.com/,,,,,https://sassywestwood.com/contact-us/,Contact,1,MA,02090,clothing_store
DawsonForte Cashmere Co,"8 Pleasant St S # A, Natick, MA 01760",Clothing store,Natick,http://www.kinrosscashmere.com/,,,,,https://www.kinrosscashmere.com/contact-kinross-cashmere/,Contact,1,MA,01760,clothing_store
Habitat  Clothes To Live In,"349 Lenox St, Norwood, MA 02062",Women's clothing store,Norwood,https://www.habitatclothes.com/,,,,,https://habitatclothes.com/contact/,Contact,1,MA,02062,clothing_store
WOW,"14 Needham St, Newton Highlands, MA 02461",Fashion accessories store,Newton Highlands,http://www.shopatwow.com/,,"Local, contemporary boutique offering trendy clothing for women of all sizes, accessories & jewelry.",,,http://www.shopatwow.com/contact-us.html,Contact Us,1,MA,02461,clothing_store
LuxCouture,"9 Lincoln St, Newton Highlands, MA 02461",Women's clothing store,Newton Highlands,https://www.luxcouture.com/,,,,,https://www.luxcouture.com/pages/contact,"
            Contact
          ",1,MA,02461,clothing_store
Fancy Pants,"383 Boylston St, Newton, MA 02459",Baby clothing store,Newton,http://www.fancypantsboston.com/,,"Resale & consignment shop featuring maternity wear & children's clothing, toys & equipment.",,,https://fancypantsboston.com/contact-us/,CONTACT US,1,MA,02459,clothing_store
Boston Billows Inc,"55 Lake St, 2-7-13, Nashua, NH 03060",Baby store,Nashua,http://www.bostonbillows.com/,,,,,http://www.bostonbillows.com/pages/contact_us,"
        Contact Us
      ",1,NH,03060,clothing_store
Twice as Nice,"46 Columbia Rd, Pembroke, MA 02359",Women's clothing store,Pembroke,http://www.2xnice.com/,,,,,http://www.2xnice.com/contact.html,get directions,1,MA,02359,clothing_store
Hafta Havit,"160 Schoosett St, Pembroke, MA 02359",Gift shop,Pembroke,http://www.haftahavit.com/,,,,,http://www.haftahavit.com/pages/about-us-contact,"
              About Us & Contact
            ",1,MA,02359,clothing_store
Panache,"150 Summer St, Kingston, MA 02364",Boutique,Kingston,https://panacheconsignment.com/,,,,,https://panacheconsignment.com/#05cf31b8-3c3d-4c5d-ab33-c6c28ee588f7,Contact  Us,1,MA,02364,clothing_store
Locally Yours formerly sixteen twenty,"Village Landing Marketplace, 170 Water St, Plymouth, MA 02360",Clothing store,Plymouth,http://www.shoplocallyyours.com/,,,,,http://www.shoplocallyyours.com/pages/contact-visit,"

          
          contact/visit
          
        
",1,MA,02360,clothing_store
Aramark Uniform & Career Apparel Llc,"141 Longwater Dr, Norwell, MA 02061",Uniform store,Norwell,https://shop.aramarkuniform.com/,,,,,https://shop.aramarkuniform.com/mailto:feedback@aramark-uniform.com,"

",1,MA,02061,clothing_store
Chel Bella,"66 South St, Hingham, MA 02043",Women's clothing store,Hingham,http://www.chelbella.com/,,,,,http://www.chelbella.com/pages/contact-us,"
            Contact Us
        ",1,MA,02043,clothing_store
instyle fragrances,"101 Independence Mall Way, Kingston, MA 02364",Perfume store,Kingston,https://www.instylefragrances.com/,,,,,https://www.instylefragrances.com/pages/contact-us,Contact,1,MA,02364,clothing_store
Pooja Boutique,"88 Front St Unit 11, Scituate, MA 02066",Boutique,Scituate,http://poojafashion.com/,,,,,http://poojafashion.com/mailto:webmaster@poojafashion.com,Contact your hosting provider,1,MA,02066,clothing_store
Cape Abilities Farm Market,"193 Main St, Chatham, MA 02633",Clothing store,Chatham,http://www.capeabilities.org/,,,,,https://www.capeabilities.org/contact-us/,Contact Us,1,MA,02633,clothing_store
Commodore Uniform & Awards,"2469 Main St, South Chatham, MA 02659",Uniform store,South Chatham,http://www.commodoreuniform.com/,,,,,http://www.commodoreuniform.com/contact.html,Contact us,1,MA,02659,clothing_store
Sposabella Bridal,"28 Barnstable Rd #5552, Hyannis, MA 02601",Bridal shop,Hyannis,http://www.sposabellabridals.com/,,"Local store with wedding, prom & other special-occasion dresses, plus on-site alterations & tuxedos.",,,http://www.sposabellabridals.com/wedding-gowns-cape-cod-wedding-contact.asp,,1,MA,02601,clothing_store
Euro Glam Dance Boutique,"20 Broadway STE 4, Norwood, MA 02062",Clothing store,Norwood,http://www.euroglamdanceboutique.com/,,,,,http://www.euroglamdanceboutique.com/pages/contact-us,Contact Us,1,MA,02062,clothing_store
Touch of Design,"25 Washington St, North Easton, MA 02356",Dressmaker,North Easton,https://www.thetouchofdesign.com/,,,,,https://www.thetouchofdesign.com/appointment,Contact Us,1,MA,02356,clothing_store
Sandi's Sewing & Design,"47 Broad St Rear, Bridgewater, MA 02324",Sewing shop,Bridgewater,http://www.sandisewinganddesign.com/,,,,,https://www.sandisewinganddesign.com/contact-me,Contact Us,1,MA,02324,clothing_store
Selah's Boutique,"27 Alsada Dr, Worcester, MA 01603",Boutique,Worcester,https://selahs-boutique.ueniweb.com/,,,,,https://selahs-boutique.ueniweb.com/#contact_us,Contact Us,1,MA,01603,clothing_store
Bryn WalkerPacific Cotton,"16 Main St, Vineyard Haven, MA 02568",Clothing store,Vineyard Haven,http://www.brynwalker.com/,,,,,http://www.brynwalker.com/contact,"
            Contact
          ",1,MA,02568,clothing_store
Vintage Jewelry,"53 Main St, Edgartown, MA 02539",Jewelry store,Edgartown,https://vintagejewelrymvy.com/,,,,,https://vintagejewelrymvy.com/contact-us/,Contact Us,1,MA,02539,clothing_store
Biba,"53 Main St B, Vineyard Haven, MA 02568",Clothing store,Vineyard Haven,https://www.biba.in/,,,,,https://www.biba.in/contact-us,Contact Us,1,MA,02568,clothing_store
Sports Haven,"5 Beach St, Vineyard Haven, MA 02568",Sporting goods store,Vineyard Haven,http://www.mvsportshaven.com/,,,,,http://mvsportshaven.com/athletic-merchandise/contact/,Contact,1,MA,02568,clothing_store
CB Stark Jewelers,"10 Main St, Edgartown, MA 02539",Jewelry store,Edgartown,https://www.cbstark.com/,,,,,https://www.cbstark.com/contact-us/,"
            
            Contact
        ",1,MA,02539,clothing_store
Liberty House,"89 Water St, Woods Hole, MA 02543",Clothing store,Woods Hole,http://libertyhousecapecod.com/,,,,,http://libertyhousecapecod.com/contact-us/,Contact Us,1,MA,02543,clothing_store
Nantucket Boat Basin Authentic Shop,"33 Straight Wharf, Nantucket, MA 02554",Clothing store,Nantucket,http://shop.nantucketboatbasin.com/,,,,,http://shop.nantucketboatbasin.com/pages/help,Contact Us,1,MA,02554,clothing_store
Bus Stop,"85 Washington St, Marblehead, MA 01945",Women's clothing store,Marblehead,http://www.busstopclothing.com/,,,,,http://www.busstopclothing.com/contact-us-10.html,Contact Us,1,MA,01945,clothing_store
The Last Resort,"48 Bearskin Neck, Rockport, MA 01966",Clothing store,Rockport,http://www.thelastresortrkpt.com/,,,,,http://www.thelastresortrkpt.com/contact,Contact,1,MA,01966,clothing_store
Sample This,"116 Main St, Gloucester, MA 01930",Clothing store,Gloucester,http://www.samplethisclothing.com/,,,,,http://www.samplethisclothing.com/contact-us,Contact Us,1,MA,01930,clothing_store
Peabody Essex Museum Shop,"161 Essex St, Salem, MA 01970",Clothing store,Salem,http://pemshop.com/,,"Gift shop at the Peabody Essex Museum selling ship models, prints, stationery & apparel.",,,http://pemshop.com/mailto:contactus@pem.org,Contact Uscontactus@pem.org978-542-1633978-542-1619,1,MA,01970,clothing_store
Glitterati Prom Salem Appointment ONLY,"121 Lafayette St, Salem, MA 01970",Women's clothing store,Salem,http://www.glitteratistyle.com/,,,,,http://www.glitteratistyle.com/t8/contact-us.html,,1,MA,01970,clothing_store
Second Glance,"2 Pond Rd # 1, Gloucester, MA 01930",Thrift store,Gloucester,http://www.foodpantry.org/,,,,,http://www.foodpantry.org/04b_Contact_Us/index.html,Contact Us,1,MA,01930,clothing_store
Sal's Clothing Restoration,"15 Henderson St, Everett, MA 02149",Clothing alteration service,Everett,http://www.salsclothingrestoration.com/,,,,,http://www.salsclothingrestoration.com/contact.html,Contact,1,MA,02149,clothing_store
Cindi's Diamond & Jewelry Gallery,"40 Central St, Foxborough, MA 02035",Jewelry designer,Foxborough,http://www.cindisjewelry.net/,,,,,http://www.cindisjewelry.net/contact,Contact,1,MA,02035,clothing_store
Roberts House of Formals,"1 Highland Ave, Attleboro, MA 02703",Tuxedo shop,Attleboro,http://robertstux.com/,,,,,http://robertstux.com/contact-us.html,Contact Us,1,MA,02703,clothing_store
Simon & Sons,"679 Highland Ave, Needham, MA 02494",Clothing store,Needham,http://www.simonandsons.com/,,"Designer apparel, suits & tuxedo rentals for men & boys are the draw at this established retailer.",,,http://www.simonandsons.com/contact,Contact,1,MA,02494,clothing_store
Work 'N Gear,"436 S Broadway, Salem, NH 03079",Work clothes store,Salem,https://www.workngear.com/,,"Retailer of workwear, shoes & more for use in security, industrial & health-care environments.",,,https://www.workngear.com/contactus,"



									Need
								
								    Help
								

",1,NH,03079,clothing_store
Mountain Dogs Ski & Sport,"12 Plaistow Rd, Plaistow, NH 03865",Clothing store,Plaistow,https://www.mountaindogsinc.com/,,,,,https://www.mountaindogsinc.com/#contact,CONTACT,1,NH,03865,clothing_store
Atelier Cape Ann,"57 Eastern Ave, Gloucester, MA 01930",Bridal shop,Gloucester,http://ateliercapeann.com/,,,,,http://ateliercapeann.com/tel:128,128,1,MA,01930,clothing_store
Marblehead Marine Outfitters,"112 Washington St, Marblehead, MA 01945",Clothing store,Marblehead,http://www.marbleheadoutfitters.com/,,,,,http://www.marbleheadoutfitters.com/contact,Contact,1,MA,01945,clothing_store
Pink Blossom Boutique,"26 Atlantic Ave, Marblehead, MA 01945",Women's clothing store,Marblehead,http://www.pinkblossomboutique.com/,,,,,https://pinkblossomboutique.com/contact-us/,"

    Contact Us
    
",1,MA,01945,clothing_store
Barbour Merrimack Outlet,"80 Premium Outlets Blvd #385, Merrimack, NH 03054",Clothing store,Merrimack,http://www.barbour.com/,,"Retailer of the British brand's classic waxed jackets & country apparel for men, women & children.",,,http://www.barbour.com/us/contact-us,Contact,1,NH,03054,clothing_store
Ladyslipper Bridal Outlet,"106 Carter St #19, Leominster, MA 01453",Bridal shop,Leominster,http://ladyslipperbridaloutlet.ecrater.com/,,"Bridal boutique providing new & gently used designer gowns & dresses, plus veils, tiaras & jewelry.",,,https://ladyslipperbridaloutlet.ecrater.com/contact.php,contact,1,MA,01453,clothing_store
125 Bridal Boutique,"37 Plaistow Rd, Plaistow, NH 03865",Bridal shop,Plaistow,http://www.125bridalboutique.com/,,Unfussy strip-mall store carrying wedding & bridesmaids' dresses as well as rental tuxedos.,,,http://www.125bridalboutique.com/wedding-gowns-contact-us.html, Contact Us,1,NH,03865,clothing_store
Sentry Uniforms,"803 James St #101, Chicopee, MA 01020",Uniform store,Chicopee,http://www.sentryuniform.com/,,"Long-running go-to for law enforcement uniforms, flags & flagpoles, decals & custom embroidery.",,,http://www.sentryuniform.com/index.php?page=contact-us,13: Contact Us,1,MA,01020,clothing_store
kloTH,"170 S Market St #120, San Jose, CA 95113",Women's clothing store,San Jose,https://www.muji.com/,,"Minimalist Japanese retailer with a wide range of generic products, including apparel & home goods.",,,https://www.muji.us/store/contact/,Contact Us,1,CA,95113,clothing_store
Avitabile Fine Jewelers,"1774 Washington St, Hanover, MA 02339",Jewelry store,Hanover,http://www.avitabilefinejewelers.com/,,,,,http://www.avitabilefinejewelers.com/contact,Contact Us,1,MA,02339,clothing_store
Injeanius,"441 Hanover St, Boston, MA 02113",Clothing store,Boston,http://www.injeanius.com/,,"Boutique carrying 30+ brands of designer denim jeans, plus T-shirts, tops, jewelry & accessories.",,,http://www.injeanius.com/contact,Contact,1,MA,02113,clothing_store
African Gift Items,"1815 Massachusetts Ave, Cambridge, MA 02140",Gift shop,Cambridge,https://africangiftitems.com/,,,,,https://africangiftitems.com/contact-us,Contact Us,1,MA,02140,clothing_store
Chatham Jam & Jelly Shop,"16 Seaquanset Rd, Chatham, MA 02633",Gift shop,Chatham,http://www.chathamjamandjelly.com/,,,,,http://www.chathamjamandjelly.com/where-to-find-us.html,Find Us,1,MA,02633,clothing_store
Team & League Outfitters,"103 E Main St, Georgetown, MA 01833",Uniform store,Georgetown,http://www.athleticenterprises.net/,,,,,http://www.athleticenterprises.net/mailto:admin@athleticenterprises.net,Contact Us,1,MA,01833,clothing_store
Tulle Bridal,"342 N Main St, Andover, MA 01810",Bridal shop,Andover,http://www.tullebridals.com/,,"Upscale bridal shop carrying designer gowns, dresses, veils & accessories in a bright, lofty space.",,,http://www.tullebridals.com/common/contact-us,Contact Us,1,MA,01810,clothing_store
Gunamuna,"354 Merrimack St #336, Lawrence, MA 01843",Baby store,Lawrence,http://gunamuna.com/,,,,,https://www.gunamuna.com/contact/,Contact,1,MA,01843,clothing_store
Whirlaway Sports Center,"500 Merrimack St, Methuen, MA 01844",Sporting goods store,Methuen,http://www.whirlawaysports.com/,,,,,http://whirlawaysports.com/contact/,Contact Us,1,MA,01844,clothing_store
Lakeshore Rescue Mission Thrift Store,"1675 Phoenix St, South Haven, MI 49090",Thrift store,South Haven,https://hollandrescue.org/,,,,,https://hollandrescue.org/contact/,Contact Us,1,MI,49090,clothing_store
Charly Bryan Clothing,"48 Blue Hill Avenue, Roxbury, MA 02119",Clothing store,Roxbury,http://www.charlybryanclothing.com/,,,,,http://www.charlybryanclothing.com/pages/contact-us,Contact Us,1,MA,02119,clothing_store
Ultimate Dedham,"771 Providence Hwy, Dedham, MA 02026",Dress store,Dedham,https://www.theultimate-dedham.com/,,,,,https://www.theultimate-dedham.com/contact-us, Temporary Store Hours - Closed Monday 3/23 Until Further Notice,1,MA,02026,clothing_store
Artisans In the Square,"63 South St, Hingham, MA 02043",Gift shop,Hingham,http://www.artisansinthesquare.com/,,,,,http://www.artisansinthesquare.com/contact.html,"
				Contact
			",1,MA,02043,clothing_store
Denise Hajjar,"304 Marina Dr, Quincy, MA 02171",Fashion designer,Quincy,http://www.denisehajjar.com/,,,,,https://www.denisehajjar.com/contact-us,Contact Us,1,MA,02171,clothing_store
Beverly Bootstraps Thrift Shop,"198 Rantoul St, Beverly, MA 01915",Thrift store,Beverly,http://www.beverlybootstraps.org/,,,,,https://www.beverlybootstraps.org/about-us/#contact,Contact Us,1,MA,01915,clothing_store
Bob's Sports,"690 Park City Center, Lancaster, PA 17601",Sportswear store,Lancaster,http://bobssports.com/,,,,,//www.hugedomains.com/contact.cfm,Contact Us,1,PA,17601,clothing_store
Fancy Flea Antiques & Fine Jewelry,"1841 Massachusetts Ave, Lexington, MA 02420",Jewelry store,Lexington,http://www.fancyfleaantiques.com/,,"Boutique specializing in antique jewelry & period pieces, plus contemporary items & repairs.",,,http://www.fancyfleaantiques.com/pages/contact,"
            Contact
        ",1,MA,02420,clothing_store
Bonafine Jewelers Inc,"319 Woburn St, Lexington, MA 02420",Jeweler,Lexington,http://www.bonafinejewelers.com/,,"Serving the community for 25 years, this shop offers repairs & a wide array of name-brand jewelry.",,,http://www.bonafinejewelers.com/contact,Store Information,1,MA,02420,clothing_store
Artinian's Jewelry,"1734 Massachusetts Ave, Lexington, MA 02420",Jeweler,Lexington,http://artinianjewelry.com/,,,,,http://artinianjewelry.com/contact-us/,Contact Us,1,MA,02420,clothing_store
Homespun,"739 Massachusetts Ave, Lexington, MA 02420",Gift shop,Lexington,http://thewaldorfschool.org/,,,,,http://thewaldorfschool.org/contact,"
            Contact
          ",1,MA,02420,clothing_store
Firefly Moon Gifts,"1764 Massachusetts Ave, Lexington, MA 02420",Gift shop,Lexington,http://www.fireflymoongift.com/,,,,,http://www.fireflymoongift.com/contact-us-1,CONTACT US,1,MA,02420,clothing_store
Sondra Celli,"144 Moody St, Waltham, MA 02453",Boutique,Waltham,http://sondracelli.com/,,Designer women's boutique showcasing creative formalwear & accessories adorned with crystals.,,,http://sondracelli.com/#menu-contact,Contact,1,MA,02453,clothing_store
Boston Ski  Tennis,"153 Needham St, Newton, MA 02464",Clothing store,Newton,http://www.bostonskiandtennis.com/,,,,,https://www.bostonskiandtennis.com/contact/,CONTACT,1,MA,02464,clothing_store
Quilts & Treasures Inc,"56-58 Shaker Rd, East Longmeadow, MA 01028",Fabric store,East Longmeadow,http://www.quiltsandtreasuresinc.com/,,,,,http://www.quiltsandtreasuresinc.com/contact-us.htm,CONTACT US,1,MA,01028,clothing_store
Little Grippers,"301 Edgewater Pl, Wakefield, MA 01880",Children's clothing store,Wakefield,https://www.littlegrippers.com/,,,,,https://www.littlegrippers.com/contact/,Contact Us,1,MA,01880,clothing_store
Glamour Formal Wear and Bridal,"1201 Broadway, Saugus, MA 01906",Bridal shop,Saugus,http://www.glamourformalwearandbridal.com/,,,,,http://www.glamourformalwearandbridal.com/contact," Contact

",1,MA,01906,clothing_store
Victoria Regia Bridal,"36 Chestnut St, Needham, MA 02492",Bridal shop,Needham,http://victoriaregiabridal.com/,,,,,http://victoriaregiabridal.com/contact.html,"
				Contact
			",1,MA,02492,clothing_store
Celtic Revival,"45 College Ave, Medford, MA 02155",Jewelry designer,Medford,http://www.celticrevival.com/,,,,,http://www.celticrevival.com/#contact-form,Contact Us,1,MA,02155,clothing_store
Perella Jewelers,"136 W Emerson St, Melrose, MA 02176",Jewelry store,Melrose,http://www.perellajewelers.com/,,,,,http://www.perellajewelers.com/contact.html,"
				Contact
			",1,MA,02176,clothing_store
Hourglass Gift Gallery,"458 Main St, Melrose, MA 02176",Gift shop,Melrose,http://hourglassgifts.com/,,,,,https://hourglassgifts.com/contact/,Contact Us,1,MA,02176,clothing_store
Morgan Jewelers Inc,"695 Main St, Melrose, MA 02176",Jewelry engraver,Melrose,http://www.morganjewelersinc.com/,,"Full-service, family-owned jewelers selling diamond & gemstone pieces, plus clocks & custom designs.",,,http://www.morganjewelersinc.com/contact-2,Contact,1,MA,02176,clothing_store
Sin City Cycles,"356 Central St, Saugus, MA 01906",Clothing store,Saugus,http://sincitycycles.com/,,,,,http://sincitycycles.com/tel:7815999844,-(781) 599-9844,1,MA,01906,clothing_store
Gianna's Bridal & Boutique,"4 Franklin St, Stoneham, MA 02180",Bridal shop,Stoneham,http://www.giannabridal.com/,,Long-running shop offering both off-the-rack & special-order gowns for brides & bridal parties.,,,http://www.giannabridal.com/contactus.html,,1,MA,02180,clothing_store
Varsity Swim Shop,"157 Main St, North Reading, MA 01864",Swimwear store,North Reading,http://www.varsityswim.com/,,,,,https://www.varsityswim.com/CTUS.html,CONTACT,1,MA,01864,clothing_store
Bettyonce's Boutique,"250 Granite St, Braintree, MA 02184",Bridal shop,Braintree,https://www.bettyonceboutique.com/,,,,,https://www.bettyonceboutique.com/contact,Contact,1,MA,02184,clothing_store
Hudson Hat Co,"717 Columbia St, Hudson, NY 12534",Hat shop,Hudson,http://hudsonhatco.com/,,,,,http://hudsonhatco.com/tel:5186973739,518-697-3739,1,NY,12534,clothing_store
Something Else,"1611 Sulgrave Ave, Baltimore, MD 21209",Women's clothing store,Baltimore,http://facebook.com/,,,,,http://facebook.com/#,Contact Something Else on Messenger,1,MD,21209,clothing_store
Letarte Nantucket,"5 S Water St, Nantucket, MA 02554",Clothing store,Nantucket,http://www.letarteswimwear.com/,,,,,http://www.letarteswimwear.com/pages/contact-us,CONTACT US,1,MA,02554,clothing_store
Diane Firsten,"50 Main St, Nantucket, MA 02554",Women's clothing store,Nantucket,http://www.dianefirsten.com/,,,,,http://www.dianefirsten.com/pages/join-our-vip-list,Contact,1,MA,02554,clothing_store
Peter Beaton Hat Studio,"16 1/2 Federal St, Nantucket, MA 02554",Hat shop,Nantucket,https://www.peterbeaton.com/,,,,,https://www.peterbeaton.com/pages/contact-us,Contact Us,1,MA,02554,clothing_store
Stephanie's,"42 Main St, Nantucket, MA 02554",Clothing store,Nantucket,http://www.stephaniesnantucket.com/,,,,,https://www.stephaniesnantucket.com/contact-,CONTACT,1,MA,02554,clothing_store
D Dream,"26 Centre St, Nantucket, MA 02554",Boutique,Nantucket,http://ddreamatelier.com/,,,,,http://ddreamatelier.com/pages/contact-us,Contact Us,1,MA,02554,clothing_store
currentVintage,"4 Easy St, Nantucket, MA 02554",Clothing store,Nantucket,http://www.currentvintage.com/,,,,,https://currentvintage.com/contact/,Contact,1,MA,02554,clothing_store
Petite Travelers,"2 Miacomet Rd, Nantucket, MA 02554",Baby store,Nantucket,http://www.petitetravelers.com/,,,,,https://petitetravelers.com/contact/,Contact,1,MA,02554,clothing_store
Birch Baby,"49 Border St, Newton, MA 02465",Baby store,Newton,http://www.birchbaby.com/,,,,,http://www.birchbaby.com/pages/contact,Contact Us,1,MA,02465,clothing_store
Vows Bridal,"130 Galen St, Watertown, MA 02472",Bridal shop,Watertown,http://www.vowsbridal.com/,,Discount wedding-gown seller carrying overstock & sample dresses from designer brands.,,,https://vowsbridal.com/contact-us/,Contact Us,1,MA,02472,clothing_store
Formalwear Limited,"15 Elm St, Waltham, MA 02453",Tuxedo shop,Waltham,http://www.formalwearltd.com/,,,,,http://www.formalwearltd.com/#contact,CONTACT,1,MA,02453,clothing_store
Wolford Boutique  The Mall at Chestnut Hill,"199 Boylston Street The Mall at Chestnut Hill, Ste. S125, Chestnut Hill, MA 02467",Boutique,Chestnut Hill,http://www.wolfordshop.com/,,"Luxe hosiery & lingerie retailer also featuring general apparel, swimsuits & shapewear.",,,https://www.wolfordshop.com/service/online-shop-assistant.html,Contact,1,MA,02467,clothing_store
Andara Clothing,"50 Water St #303, Newburyport, MA 01950",Women's clothing store,Newburyport,https://www.andaraclothing.com/,,,,,https://www.andaraclothing.com/pages/contact-us,Contact,1,MA,01950,clothing_store
Brass Lyon,"36 Market Square, Newburyport, MA 01950",Gift shop,Newburyport,https://www.brasslyon.com/,,,,,https://www.brasslyon.com/contact,Contact,1,MA,01950,clothing_store
Nazarian Jewelers,"37 Market Square, Newburyport, MA 01950",Jewelry store,Newburyport,http://www.nazariandiamonds.com/,,,,,http://www.nazariandiamonds.com/contact-us/,Contact Us,1,MA,01950,clothing_store
MK Benatti Jewelers,"1 State St, Newburyport, MA 01950",Jeweler,Newburyport,https://mkbenattijewelers.com/,,,,,https://mkbenattijewelers.com/contact,Contact Us,1,MA,01950,clothing_store
Chestnut Hill Square,"200 Boylston St, Chestnut Hill, MA 02467",Clothing store,Chestnut Hill,https://www.chestnuthillsquare.com/,,"Outdoor shopping center with familiar retail & dining options, plus various services.",,,https://www.chestnuthillsquare.com/contact-us/,Contact Us,1,MA,02467,clothing_store
Custom Clothiers,"326A Washington St, Wellesley, MA 02481",Clothing store,Wellesley,http://www.customclothiers.us/,,,,,http://www.customclothiers.us/contact-us/,Schedule an Appointment,1,MA,02481,clothing_store
Talori,"51 Union St, Newton Centre, MA 02459",Jewelry store,Newton Centre,http://www.talori.com/,,,,,http://www.talori.com/shopcustcontact.asp,Contact us,1,MA,02459,clothing_store
Bride's Choice,"205 Lexington St, Waltham, MA 02452",Bridal shop,Waltham,http://www.brideschoiceonline.com/,,"Longtime boutique with designer wedding gowns & other special-occasion dresses, plus tuxedo rentals.",,,https://www.brideschoiceonline.com/contact-us,Contact,1,MA,02452,clothing_store
Dress For Success Boston Inc,"989 Commonwealth Avenue, Boston, MA 02215",Boutique,Boston,http://www.dressforsuccess.org/,,,,,https://dressforsuccess.org/contact/,Contact,1,MA,02215,clothing_store
Choppa & Son Formal Wear,"1020 Central Ave # 2, Albany, NY 12205",Tuxedo shop,Albany,http://www.choppatux.com/,,,,,http://www.choppatux.com/contact-us.htm,Contact Us,1,NY,12205,clothing_store
Oxford Street,"6121 W Park Blvd, Plano, TX 75093",Clothing store,Plano,https://www.shopwillowbend.com/,,,,,https://www.shopwillowbend.com/contact-us/,Contact Us,1,TX,75093,clothing_store
Crown Uniform & Linen Service,"15 Technology Way, Nashua, NH 03060",Uniform store,Nashua,https://crownuniform.com/,,,,,https://crownuniform.com/contact-us/,Contact Us | Call 800-221-2725,1,NH,03060,clothing_store
Green Design LLC,"8434 Germantown Ave, Philadelphia, PA 19118",Gift shop,Philadelphia,http://www.greendesigncorp.com/,,,,,http://www.greendesigncorp.com/pages/contact-us,contact us,1,PA,19118,clothing_store
Loveland Bohemian Marine,"120 Commercial St, Provincetown, MA 02657",Clothing store,Provincetown,https://www.lovelandbohemianmarine.com/,,,,,https://www.lovelandbohemianmarine.com/contact,CONTACT,1,MA,02657,clothing_store
The Captain's Daughters,"384 Commercial St, Provincetown, MA 02657",Boutique,Provincetown,http://captainsdaughters.com/,,,,,http://captainsdaughters.com/contact,Contact,1,MA,02657,clothing_store
Steele Active,"296 Commercial St, Provincetown, MA 02657",Clothing store,Provincetown,http://steeleactive.com/,,,,,https://www.steeleactive.com/contact/,Contact,1,MA,02657,clothing_store
Ruthie's Boutique,"Door is on Bradford St, 14 Center St, Provincetown, MA 02657",Thrift store,Provincetown,http://www.ruthiesboutique.org/,,,,,http://www.ruthiesboutique.org/contact_ruthies.html,CONTACT,1,MA,02657,clothing_store
Monty's,"350 Commercial St, Provincetown, MA 02657",Gift shop,Provincetown,https://montysprovincetown.com/,,,,,https://montysprovincetown.com/contact/,Contact,1,MA,02657,clothing_store
Rehoboth Breeze,"117 Rehoboth Ave, Rehoboth Beach, DE 19971",Clothing store,Rehoboth Beach,http://rehobothbreeze.com/,,,,,http://rehobothbreeze.com/contact-us.html,Contact Us,1,DE,19971,clothing_store
Barnes & Noble  VCU,"1111 W Broad St, Richmond, VA 23284",Clothing store,Richmond,http://vcu.bncollege.com/,,,,,http://vcu.bncollege.com/webapp/wcs/stores/servlet/BNCBLocationAndContactView?catalogId=10001&langId=-1&storeId=55552,Contact Us,1,VA,23284,clothing_store
Downcity Outfitters,"999 Main St #712, Pawtucket, RI 02860",Clothing store,Pawtucket,https://www.downcityoutfitters.com/,,,,,https://www.downcityoutfitters.com/contacts/,Contact Us,1,RI,02860,clothing_store
R Bryant Ltd,"429 W Duke of Gloucester St, Williamsburg, VA 23185",Men's clothing store,Williamsburg,http://rbryantltd.com/,,,,,http://rbryantltd.com/contact/,Contact,1,VA,23185,clothing_store
Supreme Styles Beauty Supply & Fashion,"6610 Mooretown Rd, Williamsburg, VA 23188",Clothing store,Williamsburg,http://www.supremestyles1.com/,,,,,http://www.supremestyles1.com/contact.html,"
				Contact
			",1,VA,23188,clothing_store
Diamonds Touch Boutique LLC,"510 Valencia St, San Francisco, CA 94110",Women's clothing store,San Francisco,http://www.fiveanddiamond.com/,,"Hip store stocking choice men's & women's clothing, accessories & jewelry from global designers.",,,http://www.fiveanddiamond.com/pages/contact,Contact,1,CA,94110,clothing_store
